"Id","Cluster","TargetType","Domain","TargetUrl","DR_Est","Cost","RatPDF_Page","Anchor_Text","Pitch","Contact","Priority","Status"
"1","Compress PDF","Resource page","yale.edu","https://www.yale.edu/search?q=PDF","85-96","Free outreach","https://ratpdf.com/compress-pdf","compress PDF online free","Campus email attachment limits - link to compression hub + size checker","it-help@yale.edu OR library@yale.edu","P1","Not started"
"2","Compress PDF","Resource page","yale.edu","https://www.yale.edu/search?q=PDF","85-96","Free outreach","https://ratpdf.com/research/attachment-size-limits","email attachment size limits","Cite original research table in IT help article","it-help@yale.edu OR library@yale.edu","P1","Not started"
"3","PDF to Text","Resource page","yale.edu","https://www.yale.edu/search?q=PDF","85-96","Free outreach","https://ratpdf.com/pdf-to-txt/how-do-i-convert-pdf-to-text","convert PDF to text","Student workflow: extract readings for notes","it-help@yale.edu OR library@yale.edu","P1","Not started"
"4","PDF to Text","Resource page","yale.edu","https://www.yale.edu/search?q=PDF","85-96","Free outreach","https://ratpdf.com/pdf-to-txt/pdf-to-text-online","PDF to text online","Alternative to Adobe export for students","it-help@yale.edu OR library@yale.edu","P1","Not started"
"5","OCR","Resource page","yale.edu","https://www.yale.edu/search?q=PDF","85-96","Free outreach","https://ratpdf.com/guides/ocr-pdf","OCR PDF searchable","Accessibility: make scanned PDFs searchable for screen readers","it-help@yale.edu OR library@yale.edu","P1","Not started"
"6","OCR","Resource page","yale.edu","https://www.yale.edu/search?q=PDF","85-96","Free outreach","https://ratpdf.com/pdf-to-txt/ocr-pdf-to-text","OCR PDF to text","Library digitization scan-to-text workflow","it-help@yale.edu OR library@yale.edu","P1","Not started"
"7","Compress PDF","Resource page","princeton.edu","https://www.princeton.edu/search?q=PDF","85-96","Free outreach","https://ratpdf.com/compress-pdf","compress PDF online free","Campus email attachment limits - link to compression hub + size checker","it-help@princeton.edu OR library@princeton.edu","P1","Not started"
"8","Compress PDF","Resource page","princeton.edu","https://www.princeton.edu/search?q=PDF","85-96","Free outreach","https://ratpdf.com/research/attachment-size-limits","email attachment size limits","Cite original research table in IT help article","it-help@princeton.edu OR library@princeton.edu","P1","Not started"
"9","PDF to Text","Resource page","princeton.edu","https://www.princeton.edu/search?q=PDF","85-96","Free outreach","https://ratpdf.com/pdf-to-txt/how-do-i-convert-pdf-to-text","convert PDF to text","Student workflow: extract readings for notes","it-help@princeton.edu OR library@princeton.edu","P1","Not started"
"10","PDF to Text","Resource page","princeton.edu","https://www.princeton.edu/search?q=PDF","85-96","Free outreach","https://ratpdf.com/pdf-to-txt/pdf-to-text-online","PDF to text online","Alternative to Adobe export for students","it-help@princeton.edu OR library@princeton.edu","P1","Not started"
"11","OCR","Resource page","princeton.edu","https://www.princeton.edu/search?q=PDF","85-96","Free outreach","https://ratpdf.com/guides/ocr-pdf","OCR PDF searchable","Accessibility: make scanned PDFs searchable for screen readers","it-help@princeton.edu OR library@princeton.edu","P1","Not started"
"12","OCR","Resource page","princeton.edu","https://www.princeton.edu/search?q=PDF","85-96","Free outreach","https://ratpdf.com/pdf-to-txt/ocr-pdf-to-text","OCR PDF to text","Library digitization scan-to-text workflow","it-help@princeton.edu OR library@princeton.edu","P1","Not started"
"13","Compress PDF","Resource page","columbia.edu","https://www.columbia.edu/search?q=PDF","85-96","Free outreach","https://ratpdf.com/compress-pdf","compress PDF online free","Campus email attachment limits - link to compression hub + size checker","it-help@columbia.edu OR library@columbia.edu","P1","Not started"
"14","Compress PDF","Resource page","columbia.edu","https://www.columbia.edu/search?q=PDF","85-96","Free outreach","https://ratpdf.com/research/attachment-size-limits","email attachment size limits","Cite original research table in IT help article","it-help@columbia.edu OR library@columbia.edu","P1","Not started"
"15","PDF to Text","Resource page","columbia.edu","https://www.columbia.edu/search?q=PDF","85-96","Free outreach","https://ratpdf.com/pdf-to-txt/how-do-i-convert-pdf-to-text","convert PDF to text","Student workflow: extract readings for notes","it-help@columbia.edu OR library@columbia.edu","P1","Not started"
"16","PDF to Text","Resource page","columbia.edu","https://www.columbia.edu/search?q=PDF","85-96","Free outreach","https://ratpdf.com/pdf-to-txt/pdf-to-text-online","PDF to text online","Alternative to Adobe export for students","it-help@columbia.edu OR library@columbia.edu","P1","Not started"
"17","OCR","Resource page","columbia.edu","https://www.columbia.edu/search?q=PDF","85-96","Free outreach","https://ratpdf.com/guides/ocr-pdf","OCR PDF searchable","Accessibility: make scanned PDFs searchable for screen readers","it-help@columbia.edu OR library@columbia.edu","P1","Not started"
"18","OCR","Resource page","columbia.edu","https://www.columbia.edu/search?q=PDF","85-96","Free outreach","https://ratpdf.com/pdf-to-txt/ocr-pdf-to-text","OCR PDF to text","Library digitization scan-to-text workflow","it-help@columbia.edu OR library@columbia.edu","P1","Not started"
"19","Compress PDF","Resource page","upenn.edu","https://www.upenn.edu/search?q=PDF","85-96","Free outreach","https://ratpdf.com/compress-pdf","compress PDF online free","Campus email attachment limits - link to compression hub + size checker","it-help@upenn.edu OR library@upenn.edu","P1","Not started"
"20","Compress PDF","Resource page","upenn.edu","https://www.upenn.edu/search?q=PDF","85-96","Free outreach","https://ratpdf.com/research/attachment-size-limits","email attachment size limits","Cite original research table in IT help article","it-help@upenn.edu OR library@upenn.edu","P1","Not started"
"21","PDF to Text","Resource page","upenn.edu","https://www.upenn.edu/search?q=PDF","85-96","Free outreach","https://ratpdf.com/pdf-to-txt/how-do-i-convert-pdf-to-text","convert PDF to text","Student workflow: extract readings for notes","it-help@upenn.edu OR library@upenn.edu","P1","Not started"
"22","PDF to Text","Resource page","upenn.edu","https://www.upenn.edu/search?q=PDF","85-96","Free outreach","https://ratpdf.com/pdf-to-txt/pdf-to-text-online","PDF to text online","Alternative to Adobe export for students","it-help@upenn.edu OR library@upenn.edu","P1","Not started"
"23","OCR","Resource page","upenn.edu","https://www.upenn.edu/search?q=PDF","85-96","Free outreach","https://ratpdf.com/guides/ocr-pdf","OCR PDF searchable","Accessibility: make scanned PDFs searchable for screen readers","it-help@upenn.edu OR library@upenn.edu","P1","Not started"
"24","OCR","Resource page","upenn.edu","https://www.upenn.edu/search?q=PDF","85-96","Free outreach","https://ratpdf.com/pdf-to-txt/ocr-pdf-to-text","OCR PDF to text","Library digitization scan-to-text workflow","it-help@upenn.edu OR library@upenn.edu","P1","Not started"
"25","Compress PDF","Resource page","brown.edu","https://www.brown.edu/search?q=PDF","85-96","Free outreach","https://ratpdf.com/compress-pdf","compress PDF online free","Campus email attachment limits - link to compression hub + size checker","it-help@brown.edu OR library@brown.edu","P1","Not started"
"26","Compress PDF","Resource page","brown.edu","https://www.brown.edu/search?q=PDF","85-96","Free outreach","https://ratpdf.com/research/attachment-size-limits","email attachment size limits","Cite original research table in IT help article","it-help@brown.edu OR library@brown.edu","P1","Not started"
"27","PDF to Text","Resource page","brown.edu","https://www.brown.edu/search?q=PDF","85-96","Free outreach","https://ratpdf.com/pdf-to-txt/how-do-i-convert-pdf-to-text","convert PDF to text","Student workflow: extract readings for notes","it-help@brown.edu OR library@brown.edu","P1","Not started"
"28","PDF to Text","Resource page","brown.edu","https://www.brown.edu/search?q=PDF","85-96","Free outreach","https://ratpdf.com/pdf-to-txt/pdf-to-text-online","PDF to text online","Alternative to Adobe export for students","it-help@brown.edu OR library@brown.edu","P1","Not started"
"29","OCR","Resource page","brown.edu","https://www.brown.edu/search?q=PDF","85-96","Free outreach","https://ratpdf.com/guides/ocr-pdf","OCR PDF searchable","Accessibility: make scanned PDFs searchable for screen readers","it-help@brown.edu OR library@brown.edu","P1","Not started"
"30","OCR","Resource page","brown.edu","https://www.brown.edu/search?q=PDF","85-96","Free outreach","https://ratpdf.com/pdf-to-txt/ocr-pdf-to-text","OCR PDF to text","Library digitization scan-to-text workflow","it-help@brown.edu OR library@brown.edu","P1","Not started"
"31","Compress PDF","Resource page","dartmouth.edu","https://www.dartmouth.edu/search?q=PDF","85-96","Free outreach","https://ratpdf.com/compress-pdf","compress PDF online free","Campus email attachment limits - link to compression hub + size checker","it-help@dartmouth.edu OR library@dartmouth.edu","P1","Not started"
"32","Compress PDF","Resource page","dartmouth.edu","https://www.dartmouth.edu/search?q=PDF","85-96","Free outreach","https://ratpdf.com/research/attachment-size-limits","email attachment size limits","Cite original research table in IT help article","it-help@dartmouth.edu OR library@dartmouth.edu","P1","Not started"
"33","PDF to Text","Resource page","dartmouth.edu","https://www.dartmouth.edu/search?q=PDF","85-96","Free outreach","https://ratpdf.com/pdf-to-txt/how-do-i-convert-pdf-to-text","convert PDF to text","Student workflow: extract readings for notes","it-help@dartmouth.edu OR library@dartmouth.edu","P1","Not started"
"34","PDF to Text","Resource page","dartmouth.edu","https://www.dartmouth.edu/search?q=PDF","85-96","Free outreach","https://ratpdf.com/pdf-to-txt/pdf-to-text-online","PDF to text online","Alternative to Adobe export for students","it-help@dartmouth.edu OR library@dartmouth.edu","P1","Not started"
"35","OCR","Resource page","dartmouth.edu","https://www.dartmouth.edu/search?q=PDF","85-96","Free outreach","https://ratpdf.com/guides/ocr-pdf","OCR PDF searchable","Accessibility: make scanned PDFs searchable for screen readers","it-help@dartmouth.edu OR library@dartmouth.edu","P1","Not started"
"36","OCR","Resource page","dartmouth.edu","https://www.dartmouth.edu/search?q=PDF","85-96","Free outreach","https://ratpdf.com/pdf-to-txt/ocr-pdf-to-text","OCR PDF to text","Library digitization scan-to-text workflow","it-help@dartmouth.edu OR library@dartmouth.edu","P1","Not started"
"37","Compress PDF","Resource page","cornell.edu","https://www.cornell.edu/search?q=PDF","85-96","Free outreach","https://ratpdf.com/compress-pdf","compress PDF online free","Campus email attachment limits - link to compression hub + size checker","it-help@cornell.edu OR library@cornell.edu","P1","Not started"
"38","Compress PDF","Resource page","cornell.edu","https://www.cornell.edu/search?q=PDF","85-96","Free outreach","https://ratpdf.com/research/attachment-size-limits","email attachment size limits","Cite original research table in IT help article","it-help@cornell.edu OR library@cornell.edu","P1","Not started"
"39","PDF to Text","Resource page","cornell.edu","https://www.cornell.edu/search?q=PDF","85-96","Free outreach","https://ratpdf.com/pdf-to-txt/how-do-i-convert-pdf-to-text","convert PDF to text","Student workflow: extract readings for notes","it-help@cornell.edu OR library@cornell.edu","P1","Not started"
"40","PDF to Text","Resource page","cornell.edu","https://www.cornell.edu/search?q=PDF","85-96","Free outreach","https://ratpdf.com/pdf-to-txt/pdf-to-text-online","PDF to text online","Alternative to Adobe export for students","it-help@cornell.edu OR library@cornell.edu","P1","Not started"
"41","OCR","Resource page","cornell.edu","https://www.cornell.edu/search?q=PDF","85-96","Free outreach","https://ratpdf.com/guides/ocr-pdf","OCR PDF searchable","Accessibility: make scanned PDFs searchable for screen readers","it-help@cornell.edu OR library@cornell.edu","P1","Not started"
"42","OCR","Resource page","cornell.edu","https://www.cornell.edu/search?q=PDF","85-96","Free outreach","https://ratpdf.com/pdf-to-txt/ocr-pdf-to-text","OCR PDF to text","Library digitization scan-to-text workflow","it-help@cornell.edu OR library@cornell.edu","P1","Not started"
"43","Compress PDF","Resource page","duke.edu","https://www.duke.edu/search?q=PDF","85-96","Free outreach","https://ratpdf.com/compress-pdf","compress PDF online free","Campus email attachment limits - link to compression hub + size checker","it-help@duke.edu OR library@duke.edu","P1","Not started"
"44","Compress PDF","Resource page","duke.edu","https://www.duke.edu/search?q=PDF","85-96","Free outreach","https://ratpdf.com/research/attachment-size-limits","email attachment size limits","Cite original research table in IT help article","it-help@duke.edu OR library@duke.edu","P1","Not started"
"45","PDF to Text","Resource page","duke.edu","https://www.duke.edu/search?q=PDF","85-96","Free outreach","https://ratpdf.com/pdf-to-txt/how-do-i-convert-pdf-to-text","convert PDF to text","Student workflow: extract readings for notes","it-help@duke.edu OR library@duke.edu","P1","Not started"
"46","PDF to Text","Resource page","duke.edu","https://www.duke.edu/search?q=PDF","85-96","Free outreach","https://ratpdf.com/pdf-to-txt/pdf-to-text-online","PDF to text online","Alternative to Adobe export for students","it-help@duke.edu OR library@duke.edu","P1","Not started"
"47","OCR","Resource page","duke.edu","https://www.duke.edu/search?q=PDF","85-96","Free outreach","https://ratpdf.com/guides/ocr-pdf","OCR PDF searchable","Accessibility: make scanned PDFs searchable for screen readers","it-help@duke.edu OR library@duke.edu","P1","Not started"
"48","OCR","Resource page","duke.edu","https://www.duke.edu/search?q=PDF","85-96","Free outreach","https://ratpdf.com/pdf-to-txt/ocr-pdf-to-text","OCR PDF to text","Library digitization scan-to-text workflow","it-help@duke.edu OR library@duke.edu","P1","Not started"
"49","Compress PDF","Resource page","northwestern.edu","https://www.northwestern.edu/search?q=PDF","85-96","Free outreach","https://ratpdf.com/compress-pdf","compress PDF online free","Campus email attachment limits - link to compression hub + size checker","it-help@northwestern.edu OR library@northwestern.edu","P1","Not started"
"50","Compress PDF","Resource page","northwestern.edu","https://www.northwestern.edu/search?q=PDF","85-96","Free outreach","https://ratpdf.com/research/attachment-size-limits","email attachment size limits","Cite original research table in IT help article","it-help@northwestern.edu OR library@northwestern.edu","P1","Not started"
"51","PDF to Text","Resource page","northwestern.edu","https://www.northwestern.edu/search?q=PDF","85-96","Free outreach","https://ratpdf.com/pdf-to-txt/how-do-i-convert-pdf-to-text","convert PDF to text","Student workflow: extract readings for notes","it-help@northwestern.edu OR library@northwestern.edu","P1","Not started"
"52","PDF to Text","Resource page","northwestern.edu","https://www.northwestern.edu/search?q=PDF","85-96","Free outreach","https://ratpdf.com/pdf-to-txt/pdf-to-text-online","PDF to text online","Alternative to Adobe export for students","it-help@northwestern.edu OR library@northwestern.edu","P1","Not started"
"53","OCR","Resource page","northwestern.edu","https://www.northwestern.edu/search?q=PDF","85-96","Free outreach","https://ratpdf.com/guides/ocr-pdf","OCR PDF searchable","Accessibility: make scanned PDFs searchable for screen readers","it-help@northwestern.edu OR library@northwestern.edu","P1","Not started"
"54","OCR","Resource page","northwestern.edu","https://www.northwestern.edu/search?q=PDF","85-96","Free outreach","https://ratpdf.com/pdf-to-txt/ocr-pdf-to-text","OCR PDF to text","Library digitization scan-to-text workflow","it-help@northwestern.edu OR library@northwestern.edu","P1","Not started"
"55","Compress PDF","Resource page","vanderbilt.edu","https://www.vanderbilt.edu/search?q=PDF","85-96","Free outreach","https://ratpdf.com/compress-pdf","compress PDF online free","Campus email attachment limits - link to compression hub + size checker","it-help@vanderbilt.edu OR library@vanderbilt.edu","P1","Not started"
"56","Compress PDF","Resource page","vanderbilt.edu","https://www.vanderbilt.edu/search?q=PDF","85-96","Free outreach","https://ratpdf.com/research/attachment-size-limits","email attachment size limits","Cite original research table in IT help article","it-help@vanderbilt.edu OR library@vanderbilt.edu","P1","Not started"
"57","PDF to Text","Resource page","vanderbilt.edu","https://www.vanderbilt.edu/search?q=PDF","85-96","Free outreach","https://ratpdf.com/pdf-to-txt/how-do-i-convert-pdf-to-text","convert PDF to text","Student workflow: extract readings for notes","it-help@vanderbilt.edu OR library@vanderbilt.edu","P1","Not started"
"58","PDF to Text","Resource page","vanderbilt.edu","https://www.vanderbilt.edu/search?q=PDF","85-96","Free outreach","https://ratpdf.com/pdf-to-txt/pdf-to-text-online","PDF to text online","Alternative to Adobe export for students","it-help@vanderbilt.edu OR library@vanderbilt.edu","P1","Not started"
"59","OCR","Resource page","vanderbilt.edu","https://www.vanderbilt.edu/search?q=PDF","85-96","Free outreach","https://ratpdf.com/guides/ocr-pdf","OCR PDF searchable","Accessibility: make scanned PDFs searchable for screen readers","it-help@vanderbilt.edu OR library@vanderbilt.edu","P1","Not started"
"60","OCR","Resource page","vanderbilt.edu","https://www.vanderbilt.edu/search?q=PDF","85-96","Free outreach","https://ratpdf.com/pdf-to-txt/ocr-pdf-to-text","OCR PDF to text","Library digitization scan-to-text workflow","it-help@vanderbilt.edu OR library@vanderbilt.edu","P1","Not started"
"61","Compress PDF","Resource page","rice.edu","https://www.rice.edu/search?q=PDF","85-96","Free outreach","https://ratpdf.com/compress-pdf","compress PDF online free","Campus email attachment limits - link to compression hub + size checker","it-help@rice.edu OR library@rice.edu","P1","Not started"
"62","Compress PDF","Resource page","rice.edu","https://www.rice.edu/search?q=PDF","85-96","Free outreach","https://ratpdf.com/research/attachment-size-limits","email attachment size limits","Cite original research table in IT help article","it-help@rice.edu OR library@rice.edu","P1","Not started"
"63","PDF to Text","Resource page","rice.edu","https://www.rice.edu/search?q=PDF","85-96","Free outreach","https://ratpdf.com/pdf-to-txt/how-do-i-convert-pdf-to-text","convert PDF to text","Student workflow: extract readings for notes","it-help@rice.edu OR library@rice.edu","P1","Not started"
"64","PDF to Text","Resource page","rice.edu","https://www.rice.edu/search?q=PDF","85-96","Free outreach","https://ratpdf.com/pdf-to-txt/pdf-to-text-online","PDF to text online","Alternative to Adobe export for students","it-help@rice.edu OR library@rice.edu","P1","Not started"
"65","OCR","Resource page","rice.edu","https://www.rice.edu/search?q=PDF","85-96","Free outreach","https://ratpdf.com/guides/ocr-pdf","OCR PDF searchable","Accessibility: make scanned PDFs searchable for screen readers","it-help@rice.edu OR library@rice.edu","P1","Not started"
"66","OCR","Resource page","rice.edu","https://www.rice.edu/search?q=PDF","85-96","Free outreach","https://ratpdf.com/pdf-to-txt/ocr-pdf-to-text","OCR PDF to text","Library digitization scan-to-text workflow","it-help@rice.edu OR library@rice.edu","P1","Not started"
"67","Compress PDF","Resource page","emory.edu","https://www.emory.edu/search?q=PDF","85-96","Free outreach","https://ratpdf.com/compress-pdf","compress PDF online free","Campus email attachment limits - link to compression hub + size checker","it-help@emory.edu OR library@emory.edu","P1","Not started"
"68","Compress PDF","Resource page","emory.edu","https://www.emory.edu/search?q=PDF","85-96","Free outreach","https://ratpdf.com/research/attachment-size-limits","email attachment size limits","Cite original research table in IT help article","it-help@emory.edu OR library@emory.edu","P1","Not started"
"69","PDF to Text","Resource page","emory.edu","https://www.emory.edu/search?q=PDF","85-96","Free outreach","https://ratpdf.com/pdf-to-txt/how-do-i-convert-pdf-to-text","convert PDF to text","Student workflow: extract readings for notes","it-help@emory.edu OR library@emory.edu","P1","Not started"
"70","PDF to Text","Resource page","emory.edu","https://www.emory.edu/search?q=PDF","85-96","Free outreach","https://ratpdf.com/pdf-to-txt/pdf-to-text-online","PDF to text online","Alternative to Adobe export for students","it-help@emory.edu OR library@emory.edu","P1","Not started"
"71","OCR","Resource page","emory.edu","https://www.emory.edu/search?q=PDF","85-96","Free outreach","https://ratpdf.com/guides/ocr-pdf","OCR PDF searchable","Accessibility: make scanned PDFs searchable for screen readers","it-help@emory.edu OR library@emory.edu","P1","Not started"
"72","OCR","Resource page","emory.edu","https://www.emory.edu/search?q=PDF","85-96","Free outreach","https://ratpdf.com/pdf-to-txt/ocr-pdf-to-text","OCR PDF to text","Library digitization scan-to-text workflow","it-help@emory.edu OR library@emory.edu","P1","Not started"
"73","Compress PDF","Resource page","usc.edu","https://www.usc.edu/search?q=PDF","85-96","Free outreach","https://ratpdf.com/compress-pdf","compress PDF online free","Campus email attachment limits - link to compression hub + size checker","it-help@usc.edu OR library@usc.edu","P1","Not started"
"74","Compress PDF","Resource page","usc.edu","https://www.usc.edu/search?q=PDF","85-96","Free outreach","https://ratpdf.com/research/attachment-size-limits","email attachment size limits","Cite original research table in IT help article","it-help@usc.edu OR library@usc.edu","P1","Not started"
"75","PDF to Text","Resource page","usc.edu","https://www.usc.edu/search?q=PDF","85-96","Free outreach","https://ratpdf.com/pdf-to-txt/how-do-i-convert-pdf-to-text","convert PDF to text","Student workflow: extract readings for notes","it-help@usc.edu OR library@usc.edu","P1","Not started"
"76","PDF to Text","Resource page","usc.edu","https://www.usc.edu/search?q=PDF","85-96","Free outreach","https://ratpdf.com/pdf-to-txt/pdf-to-text-online","PDF to text online","Alternative to Adobe export for students","it-help@usc.edu OR library@usc.edu","P1","Not started"
"77","OCR","Resource page","usc.edu","https://www.usc.edu/search?q=PDF","85-96","Free outreach","https://ratpdf.com/guides/ocr-pdf","OCR PDF searchable","Accessibility: make scanned PDFs searchable for screen readers","it-help@usc.edu OR library@usc.edu","P1","Not started"
"78","OCR","Resource page","usc.edu","https://www.usc.edu/search?q=PDF","85-96","Free outreach","https://ratpdf.com/pdf-to-txt/ocr-pdf-to-text","OCR PDF to text","Library digitization scan-to-text workflow","it-help@usc.edu OR library@usc.edu","P1","Not started"
"79","Compress PDF","Resource page","ucla.edu","https://www.ucla.edu/search?q=PDF","85-96","Free outreach","https://ratpdf.com/compress-pdf","compress PDF online free","Campus email attachment limits - link to compression hub + size checker","it-help@ucla.edu OR library@ucla.edu","P1","Not started"
"80","Compress PDF","Resource page","ucla.edu","https://www.ucla.edu/search?q=PDF","85-96","Free outreach","https://ratpdf.com/research/attachment-size-limits","email attachment size limits","Cite original research table in IT help article","it-help@ucla.edu OR library@ucla.edu","P1","Not started"
"81","PDF to Text","Resource page","ucla.edu","https://www.ucla.edu/search?q=PDF","85-96","Free outreach","https://ratpdf.com/pdf-to-txt/how-do-i-convert-pdf-to-text","convert PDF to text","Student workflow: extract readings for notes","it-help@ucla.edu OR library@ucla.edu","P1","Not started"
"82","PDF to Text","Resource page","ucla.edu","https://www.ucla.edu/search?q=PDF","85-96","Free outreach","https://ratpdf.com/pdf-to-txt/pdf-to-text-online","PDF to text online","Alternative to Adobe export for students","it-help@ucla.edu OR library@ucla.edu","P1","Not started"
"83","OCR","Resource page","ucla.edu","https://www.ucla.edu/search?q=PDF","85-96","Free outreach","https://ratpdf.com/guides/ocr-pdf","OCR PDF searchable","Accessibility: make scanned PDFs searchable for screen readers","it-help@ucla.edu OR library@ucla.edu","P1","Not started"
"84","OCR","Resource page","ucla.edu","https://www.ucla.edu/search?q=PDF","85-96","Free outreach","https://ratpdf.com/pdf-to-txt/ocr-pdf-to-text","OCR PDF to text","Library digitization scan-to-text workflow","it-help@ucla.edu OR library@ucla.edu","P1","Not started"
"85","Compress PDF","Resource page","ucsd.edu","https://www.ucsd.edu/search?q=PDF","85-96","Free outreach","https://ratpdf.com/compress-pdf","compress PDF online free","Campus email attachment limits - link to compression hub + size checker","it-help@ucsd.edu OR library@ucsd.edu","P1","Not started"
"86","Compress PDF","Resource page","ucsd.edu","https://www.ucsd.edu/search?q=PDF","85-96","Free outreach","https://ratpdf.com/research/attachment-size-limits","email attachment size limits","Cite original research table in IT help article","it-help@ucsd.edu OR library@ucsd.edu","P1","Not started"
"87","PDF to Text","Resource page","ucsd.edu","https://www.ucsd.edu/search?q=PDF","85-96","Free outreach","https://ratpdf.com/pdf-to-txt/how-do-i-convert-pdf-to-text","convert PDF to text","Student workflow: extract readings for notes","it-help@ucsd.edu OR library@ucsd.edu","P1","Not started"
"88","PDF to Text","Resource page","ucsd.edu","https://www.ucsd.edu/search?q=PDF","85-96","Free outreach","https://ratpdf.com/pdf-to-txt/pdf-to-text-online","PDF to text online","Alternative to Adobe export for students","it-help@ucsd.edu OR library@ucsd.edu","P1","Not started"
"89","OCR","Resource page","ucsd.edu","https://www.ucsd.edu/search?q=PDF","85-96","Free outreach","https://ratpdf.com/guides/ocr-pdf","OCR PDF searchable","Accessibility: make scanned PDFs searchable for screen readers","it-help@ucsd.edu OR library@ucsd.edu","P1","Not started"
"90","OCR","Resource page","ucsd.edu","https://www.ucsd.edu/search?q=PDF","85-96","Free outreach","https://ratpdf.com/pdf-to-txt/ocr-pdf-to-text","OCR PDF to text","Library digitization scan-to-text workflow","it-help@ucsd.edu OR library@ucsd.edu","P1","Not started"
"91","Compress PDF","Resource page","ucsb.edu","https://www.ucsb.edu/search?q=PDF","85-96","Free outreach","https://ratpdf.com/compress-pdf","compress PDF online free","Campus email attachment limits - link to compression hub + size checker","it-help@ucsb.edu OR library@ucsb.edu","P1","Not started"
"92","Compress PDF","Resource page","ucsb.edu","https://www.ucsb.edu/search?q=PDF","85-96","Free outreach","https://ratpdf.com/research/attachment-size-limits","email attachment size limits","Cite original research table in IT help article","it-help@ucsb.edu OR library@ucsb.edu","P1","Not started"
"93","PDF to Text","Resource page","ucsb.edu","https://www.ucsb.edu/search?q=PDF","85-96","Free outreach","https://ratpdf.com/pdf-to-txt/how-do-i-convert-pdf-to-text","convert PDF to text","Student workflow: extract readings for notes","it-help@ucsb.edu OR library@ucsb.edu","P1","Not started"
"94","PDF to Text","Resource page","ucsb.edu","https://www.ucsb.edu/search?q=PDF","85-96","Free outreach","https://ratpdf.com/pdf-to-txt/pdf-to-text-online","PDF to text online","Alternative to Adobe export for students","it-help@ucsb.edu OR library@ucsb.edu","P1","Not started"
"95","OCR","Resource page","ucsb.edu","https://www.ucsb.edu/search?q=PDF","85-96","Free outreach","https://ratpdf.com/guides/ocr-pdf","OCR PDF searchable","Accessibility: make scanned PDFs searchable for screen readers","it-help@ucsb.edu OR library@ucsb.edu","P1","Not started"
"96","OCR","Resource page","ucsb.edu","https://www.ucsb.edu/search?q=PDF","85-96","Free outreach","https://ratpdf.com/pdf-to-txt/ocr-pdf-to-text","OCR PDF to text","Library digitization scan-to-text workflow","it-help@ucsb.edu OR library@ucsb.edu","P1","Not started"
"97","Compress PDF","Resource page","ucdavis.edu","https://www.ucdavis.edu/search?q=PDF","85-96","Free outreach","https://ratpdf.com/compress-pdf","compress PDF online free","Campus email attachment limits - link to compression hub + size checker","it-help@ucdavis.edu OR library@ucdavis.edu","P1","Not started"
"98","Compress PDF","Resource page","ucdavis.edu","https://www.ucdavis.edu/search?q=PDF","85-96","Free outreach","https://ratpdf.com/research/attachment-size-limits","email attachment size limits","Cite original research table in IT help article","it-help@ucdavis.edu OR library@ucdavis.edu","P1","Not started"
"99","PDF to Text","Resource page","ucdavis.edu","https://www.ucdavis.edu/search?q=PDF","85-96","Free outreach","https://ratpdf.com/pdf-to-txt/how-do-i-convert-pdf-to-text","convert PDF to text","Student workflow: extract readings for notes","it-help@ucdavis.edu OR library@ucdavis.edu","P1","Not started"
"100","PDF to Text","Resource page","ucdavis.edu","https://www.ucdavis.edu/search?q=PDF","85-96","Free outreach","https://ratpdf.com/pdf-to-txt/pdf-to-text-online","PDF to text online","Alternative to Adobe export for students","it-help@ucdavis.edu OR library@ucdavis.edu","P1","Not started"
"101","OCR","Resource page","ucdavis.edu","https://www.ucdavis.edu/search?q=PDF","85-96","Free outreach","https://ratpdf.com/guides/ocr-pdf","OCR PDF searchable","Accessibility: make scanned PDFs searchable for screen readers","it-help@ucdavis.edu OR library@ucdavis.edu","P1","Not started"
"102","OCR","Resource page","ucdavis.edu","https://www.ucdavis.edu/search?q=PDF","85-96","Free outreach","https://ratpdf.com/pdf-to-txt/ocr-pdf-to-text","OCR PDF to text","Library digitization scan-to-text workflow","it-help@ucdavis.edu OR library@ucdavis.edu","P1","Not started"
"103","Compress PDF","Resource page","ucirvine.edu","https://www.ucirvine.edu/search?q=PDF","85-96","Free outreach","https://ratpdf.com/compress-pdf","compress PDF online free","Campus email attachment limits - link to compression hub + size checker","it-help@ucirvine.edu OR library@ucirvine.edu","P1","Not started"
"104","Compress PDF","Resource page","ucirvine.edu","https://www.ucirvine.edu/search?q=PDF","85-96","Free outreach","https://ratpdf.com/research/attachment-size-limits","email attachment size limits","Cite original research table in IT help article","it-help@ucirvine.edu OR library@ucirvine.edu","P1","Not started"
"105","PDF to Text","Resource page","ucirvine.edu","https://www.ucirvine.edu/search?q=PDF","85-96","Free outreach","https://ratpdf.com/pdf-to-txt/how-do-i-convert-pdf-to-text","convert PDF to text","Student workflow: extract readings for notes","it-help@ucirvine.edu OR library@ucirvine.edu","P1","Not started"
"106","PDF to Text","Resource page","ucirvine.edu","https://www.ucirvine.edu/search?q=PDF","85-96","Free outreach","https://ratpdf.com/pdf-to-txt/pdf-to-text-online","PDF to text online","Alternative to Adobe export for students","it-help@ucirvine.edu OR library@ucirvine.edu","P1","Not started"
"107","OCR","Resource page","ucirvine.edu","https://www.ucirvine.edu/search?q=PDF","85-96","Free outreach","https://ratpdf.com/guides/ocr-pdf","OCR PDF searchable","Accessibility: make scanned PDFs searchable for screen readers","it-help@ucirvine.edu OR library@ucirvine.edu","P1","Not started"
"108","OCR","Resource page","ucirvine.edu","https://www.ucirvine.edu/search?q=PDF","85-96","Free outreach","https://ratpdf.com/pdf-to-txt/ocr-pdf-to-text","OCR PDF to text","Library digitization scan-to-text workflow","it-help@ucirvine.edu OR library@ucirvine.edu","P1","Not started"
"109","Compress PDF","Resource page","purdue.edu","https://www.purdue.edu/search?q=PDF","85-96","Free outreach","https://ratpdf.com/compress-pdf","compress PDF online free","Campus email attachment limits - link to compression hub + size checker","it-help@purdue.edu OR library@purdue.edu","P1","Not started"
"110","Compress PDF","Resource page","purdue.edu","https://www.purdue.edu/search?q=PDF","85-96","Free outreach","https://ratpdf.com/research/attachment-size-limits","email attachment size limits","Cite original research table in IT help article","it-help@purdue.edu OR library@purdue.edu","P1","Not started"
"111","PDF to Text","Resource page","purdue.edu","https://www.purdue.edu/search?q=PDF","85-96","Free outreach","https://ratpdf.com/pdf-to-txt/how-do-i-convert-pdf-to-text","convert PDF to text","Student workflow: extract readings for notes","it-help@purdue.edu OR library@purdue.edu","P1","Not started"
"112","PDF to Text","Resource page","purdue.edu","https://www.purdue.edu/search?q=PDF","85-96","Free outreach","https://ratpdf.com/pdf-to-txt/pdf-to-text-online","PDF to text online","Alternative to Adobe export for students","it-help@purdue.edu OR library@purdue.edu","P1","Not started"
"113","OCR","Resource page","purdue.edu","https://www.purdue.edu/search?q=PDF","85-96","Free outreach","https://ratpdf.com/guides/ocr-pdf","OCR PDF searchable","Accessibility: make scanned PDFs searchable for screen readers","it-help@purdue.edu OR library@purdue.edu","P1","Not started"
"114","OCR","Resource page","purdue.edu","https://www.purdue.edu/search?q=PDF","85-96","Free outreach","https://ratpdf.com/pdf-to-txt/ocr-pdf-to-text","OCR PDF to text","Library digitization scan-to-text workflow","it-help@purdue.edu OR library@purdue.edu","P1","Not started"
"115","Compress PDF","Resource page","wisc.edu","https://www.wisc.edu/search?q=PDF","85-96","Free outreach","https://ratpdf.com/compress-pdf","compress PDF online free","Campus email attachment limits - link to compression hub + size checker","it-help@wisc.edu OR library@wisc.edu","P1","Not started"
"116","Compress PDF","Resource page","wisc.edu","https://www.wisc.edu/search?q=PDF","85-96","Free outreach","https://ratpdf.com/research/attachment-size-limits","email attachment size limits","Cite original research table in IT help article","it-help@wisc.edu OR library@wisc.edu","P1","Not started"
"117","PDF to Text","Resource page","wisc.edu","https://www.wisc.edu/search?q=PDF","85-96","Free outreach","https://ratpdf.com/pdf-to-txt/how-do-i-convert-pdf-to-text","convert PDF to text","Student workflow: extract readings for notes","it-help@wisc.edu OR library@wisc.edu","P1","Not started"
"118","PDF to Text","Resource page","wisc.edu","https://www.wisc.edu/search?q=PDF","85-96","Free outreach","https://ratpdf.com/pdf-to-txt/pdf-to-text-online","PDF to text online","Alternative to Adobe export for students","it-help@wisc.edu OR library@wisc.edu","P1","Not started"
"119","OCR","Resource page","wisc.edu","https://www.wisc.edu/search?q=PDF","85-96","Free outreach","https://ratpdf.com/guides/ocr-pdf","OCR PDF searchable","Accessibility: make scanned PDFs searchable for screen readers","it-help@wisc.edu OR library@wisc.edu","P1","Not started"
"120","OCR","Resource page","wisc.edu","https://www.wisc.edu/search?q=PDF","85-96","Free outreach","https://ratpdf.com/pdf-to-txt/ocr-pdf-to-text","OCR PDF to text","Library digitization scan-to-text workflow","it-help@wisc.edu OR library@wisc.edu","P1","Not started"
"121","Compress PDF","Resource page","umn.edu","https://www.umn.edu/search?q=PDF","85-96","Free outreach","https://ratpdf.com/compress-pdf","compress PDF online free","Campus email attachment limits - link to compression hub + size checker","it-help@umn.edu OR library@umn.edu","P1","Not started"
"122","Compress PDF","Resource page","umn.edu","https://www.umn.edu/search?q=PDF","85-96","Free outreach","https://ratpdf.com/research/attachment-size-limits","email attachment size limits","Cite original research table in IT help article","it-help@umn.edu OR library@umn.edu","P1","Not started"
"123","PDF to Text","Resource page","umn.edu","https://www.umn.edu/search?q=PDF","85-96","Free outreach","https://ratpdf.com/pdf-to-txt/how-do-i-convert-pdf-to-text","convert PDF to text","Student workflow: extract readings for notes","it-help@umn.edu OR library@umn.edu","P1","Not started"
"124","PDF to Text","Resource page","umn.edu","https://www.umn.edu/search?q=PDF","85-96","Free outreach","https://ratpdf.com/pdf-to-txt/pdf-to-text-online","PDF to text online","Alternative to Adobe export for students","it-help@umn.edu OR library@umn.edu","P1","Not started"
"125","OCR","Resource page","umn.edu","https://www.umn.edu/search?q=PDF","85-96","Free outreach","https://ratpdf.com/guides/ocr-pdf","OCR PDF searchable","Accessibility: make scanned PDFs searchable for screen readers","it-help@umn.edu OR library@umn.edu","P1","Not started"
"126","OCR","Resource page","umn.edu","https://www.umn.edu/search?q=PDF","85-96","Free outreach","https://ratpdf.com/pdf-to-txt/ocr-pdf-to-text","OCR PDF to text","Library digitization scan-to-text workflow","it-help@umn.edu OR library@umn.edu","P1","Not started"
"127","Compress PDF","Resource page","osu.edu","https://www.osu.edu/search?q=PDF","85-96","Free outreach","https://ratpdf.com/compress-pdf","compress PDF online free","Campus email attachment limits - link to compression hub + size checker","it-help@osu.edu OR library@osu.edu","P1","Not started"
"128","Compress PDF","Resource page","osu.edu","https://www.osu.edu/search?q=PDF","85-96","Free outreach","https://ratpdf.com/research/attachment-size-limits","email attachment size limits","Cite original research table in IT help article","it-help@osu.edu OR library@osu.edu","P1","Not started"
"129","PDF to Text","Resource page","osu.edu","https://www.osu.edu/search?q=PDF","85-96","Free outreach","https://ratpdf.com/pdf-to-txt/how-do-i-convert-pdf-to-text","convert PDF to text","Student workflow: extract readings for notes","it-help@osu.edu OR library@osu.edu","P1","Not started"
"130","PDF to Text","Resource page","osu.edu","https://www.osu.edu/search?q=PDF","85-96","Free outreach","https://ratpdf.com/pdf-to-txt/pdf-to-text-online","PDF to text online","Alternative to Adobe export for students","it-help@osu.edu OR library@osu.edu","P1","Not started"
"131","OCR","Resource page","osu.edu","https://www.osu.edu/search?q=PDF","85-96","Free outreach","https://ratpdf.com/guides/ocr-pdf","OCR PDF searchable","Accessibility: make scanned PDFs searchable for screen readers","it-help@osu.edu OR library@osu.edu","P1","Not started"
"132","OCR","Resource page","osu.edu","https://www.osu.edu/search?q=PDF","85-96","Free outreach","https://ratpdf.com/pdf-to-txt/ocr-pdf-to-text","OCR PDF to text","Library digitization scan-to-text workflow","it-help@osu.edu OR library@osu.edu","P1","Not started"
"133","Compress PDF","Resource page","psu.edu","https://www.psu.edu/search?q=PDF","85-96","Free outreach","https://ratpdf.com/compress-pdf","compress PDF online free","Campus email attachment limits - link to compression hub + size checker","it-help@psu.edu OR library@psu.edu","P1","Not started"
"134","Compress PDF","Resource page","psu.edu","https://www.psu.edu/search?q=PDF","85-96","Free outreach","https://ratpdf.com/research/attachment-size-limits","email attachment size limits","Cite original research table in IT help article","it-help@psu.edu OR library@psu.edu","P1","Not started"
"135","PDF to Text","Resource page","psu.edu","https://www.psu.edu/search?q=PDF","85-96","Free outreach","https://ratpdf.com/pdf-to-txt/how-do-i-convert-pdf-to-text","convert PDF to text","Student workflow: extract readings for notes","it-help@psu.edu OR library@psu.edu","P1","Not started"
"136","PDF to Text","Resource page","psu.edu","https://www.psu.edu/search?q=PDF","85-96","Free outreach","https://ratpdf.com/pdf-to-txt/pdf-to-text-online","PDF to text online","Alternative to Adobe export for students","it-help@psu.edu OR library@psu.edu","P1","Not started"
"137","OCR","Resource page","psu.edu","https://www.psu.edu/search?q=PDF","85-96","Free outreach","https://ratpdf.com/guides/ocr-pdf","OCR PDF searchable","Accessibility: make scanned PDFs searchable for screen readers","it-help@psu.edu OR library@psu.edu","P1","Not started"
"138","OCR","Resource page","psu.edu","https://www.psu.edu/search?q=PDF","85-96","Free outreach","https://ratpdf.com/pdf-to-txt/ocr-pdf-to-text","OCR PDF to text","Library digitization scan-to-text workflow","it-help@psu.edu OR library@psu.edu","P1","Not started"
"139","Compress PDF","Resource page","umd.edu","https://www.umd.edu/search?q=PDF","85-96","Free outreach","https://ratpdf.com/compress-pdf","compress PDF online free","Campus email attachment limits - link to compression hub + size checker","it-help@umd.edu OR library@umd.edu","P1","Not started"
"140","Compress PDF","Resource page","umd.edu","https://www.umd.edu/search?q=PDF","85-96","Free outreach","https://ratpdf.com/research/attachment-size-limits","email attachment size limits","Cite original research table in IT help article","it-help@umd.edu OR library@umd.edu","P1","Not started"
"141","PDF to Text","Resource page","umd.edu","https://www.umd.edu/search?q=PDF","85-96","Free outreach","https://ratpdf.com/pdf-to-txt/how-do-i-convert-pdf-to-text","convert PDF to text","Student workflow: extract readings for notes","it-help@umd.edu OR library@umd.edu","P1","Not started"
"142","PDF to Text","Resource page","umd.edu","https://www.umd.edu/search?q=PDF","85-96","Free outreach","https://ratpdf.com/pdf-to-txt/pdf-to-text-online","PDF to text online","Alternative to Adobe export for students","it-help@umd.edu OR library@umd.edu","P1","Not started"
"143","OCR","Resource page","umd.edu","https://www.umd.edu/search?q=PDF","85-96","Free outreach","https://ratpdf.com/guides/ocr-pdf","OCR PDF searchable","Accessibility: make scanned PDFs searchable for screen readers","it-help@umd.edu OR library@umd.edu","P1","Not started"
"144","OCR","Resource page","umd.edu","https://www.umd.edu/search?q=PDF","85-96","Free outreach","https://ratpdf.com/pdf-to-txt/ocr-pdf-to-text","OCR PDF to text","Library digitization scan-to-text workflow","it-help@umd.edu OR library@umd.edu","P1","Not started"
"145","Compress PDF","Resource page","virginia.edu","https://www.virginia.edu/search?q=PDF","85-96","Free outreach","https://ratpdf.com/compress-pdf","compress PDF online free","Campus email attachment limits - link to compression hub + size checker","it-help@virginia.edu OR library@virginia.edu","P1","Not started"
"146","Compress PDF","Resource page","virginia.edu","https://www.virginia.edu/search?q=PDF","85-96","Free outreach","https://ratpdf.com/research/attachment-size-limits","email attachment size limits","Cite original research table in IT help article","it-help@virginia.edu OR library@virginia.edu","P1","Not started"
"147","PDF to Text","Resource page","virginia.edu","https://www.virginia.edu/search?q=PDF","85-96","Free outreach","https://ratpdf.com/pdf-to-txt/how-do-i-convert-pdf-to-text","convert PDF to text","Student workflow: extract readings for notes","it-help@virginia.edu OR library@virginia.edu","P1","Not started"
"148","PDF to Text","Resource page","virginia.edu","https://www.virginia.edu/search?q=PDF","85-96","Free outreach","https://ratpdf.com/pdf-to-txt/pdf-to-text-online","PDF to text online","Alternative to Adobe export for students","it-help@virginia.edu OR library@virginia.edu","P1","Not started"
"149","OCR","Resource page","virginia.edu","https://www.virginia.edu/search?q=PDF","85-96","Free outreach","https://ratpdf.com/guides/ocr-pdf","OCR PDF searchable","Accessibility: make scanned PDFs searchable for screen readers","it-help@virginia.edu OR library@virginia.edu","P1","Not started"
"150","OCR","Resource page","virginia.edu","https://www.virginia.edu/search?q=PDF","85-96","Free outreach","https://ratpdf.com/pdf-to-txt/ocr-pdf-to-text","OCR PDF to text","Library digitization scan-to-text workflow","it-help@virginia.edu OR library@virginia.edu","P1","Not started"
"151","Compress PDF","Resource page","unc.edu","https://www.unc.edu/search?q=PDF","85-96","Free outreach","https://ratpdf.com/compress-pdf","compress PDF online free","Campus email attachment limits - link to compression hub + size checker","it-help@unc.edu OR library@unc.edu","P1","Not started"
"152","Compress PDF","Resource page","unc.edu","https://www.unc.edu/search?q=PDF","85-96","Free outreach","https://ratpdf.com/research/attachment-size-limits","email attachment size limits","Cite original research table in IT help article","it-help@unc.edu OR library@unc.edu","P1","Not started"
"153","PDF to Text","Resource page","unc.edu","https://www.unc.edu/search?q=PDF","85-96","Free outreach","https://ratpdf.com/pdf-to-txt/how-do-i-convert-pdf-to-text","convert PDF to text","Student workflow: extract readings for notes","it-help@unc.edu OR library@unc.edu","P1","Not started"
"154","PDF to Text","Resource page","unc.edu","https://www.unc.edu/search?q=PDF","85-96","Free outreach","https://ratpdf.com/pdf-to-txt/pdf-to-text-online","PDF to text online","Alternative to Adobe export for students","it-help@unc.edu OR library@unc.edu","P1","Not started"
"155","OCR","Resource page","unc.edu","https://www.unc.edu/search?q=PDF","85-96","Free outreach","https://ratpdf.com/guides/ocr-pdf","OCR PDF searchable","Accessibility: make scanned PDFs searchable for screen readers","it-help@unc.edu OR library@unc.edu","P1","Not started"
"156","OCR","Resource page","unc.edu","https://www.unc.edu/search?q=PDF","85-96","Free outreach","https://ratpdf.com/pdf-to-txt/ocr-pdf-to-text","OCR PDF to text","Library digitization scan-to-text workflow","it-help@unc.edu OR library@unc.edu","P1","Not started"
"157","Compress PDF","Resource page","duke.edu","https://www.duke.edu/search?q=PDF","85-96","Free outreach","https://ratpdf.com/compress-pdf","compress PDF online free","Campus email attachment limits - link to compression hub + size checker","it-help@duke.edu OR library@duke.edu","P1","Not started"
"158","Compress PDF","Resource page","duke.edu","https://www.duke.edu/search?q=PDF","85-96","Free outreach","https://ratpdf.com/research/attachment-size-limits","email attachment size limits","Cite original research table in IT help article","it-help@duke.edu OR library@duke.edu","P1","Not started"
"159","PDF to Text","Resource page","duke.edu","https://www.duke.edu/search?q=PDF","85-96","Free outreach","https://ratpdf.com/pdf-to-txt/how-do-i-convert-pdf-to-text","convert PDF to text","Student workflow: extract readings for notes","it-help@duke.edu OR library@duke.edu","P1","Not started"
"160","PDF to Text","Resource page","duke.edu","https://www.duke.edu/search?q=PDF","85-96","Free outreach","https://ratpdf.com/pdf-to-txt/pdf-to-text-online","PDF to text online","Alternative to Adobe export for students","it-help@duke.edu OR library@duke.edu","P1","Not started"
"161","OCR","Resource page","duke.edu","https://www.duke.edu/search?q=PDF","85-96","Free outreach","https://ratpdf.com/guides/ocr-pdf","OCR PDF searchable","Accessibility: make scanned PDFs searchable for screen readers","it-help@duke.edu OR library@duke.edu","P1","Not started"
"162","OCR","Resource page","duke.edu","https://www.duke.edu/search?q=PDF","85-96","Free outreach","https://ratpdf.com/pdf-to-txt/ocr-pdf-to-text","OCR PDF to text","Library digitization scan-to-text workflow","it-help@duke.edu OR library@duke.edu","P1","Not started"
"163","Compress PDF","Resource page","boston.edu","https://www.boston.edu/search?q=PDF","85-96","Free outreach","https://ratpdf.com/compress-pdf","compress PDF online free","Campus email attachment limits - link to compression hub + size checker","it-help@boston.edu OR library@boston.edu","P1","Not started"
"164","Compress PDF","Resource page","boston.edu","https://www.boston.edu/search?q=PDF","85-96","Free outreach","https://ratpdf.com/research/attachment-size-limits","email attachment size limits","Cite original research table in IT help article","it-help@boston.edu OR library@boston.edu","P1","Not started"
"165","PDF to Text","Resource page","boston.edu","https://www.boston.edu/search?q=PDF","85-96","Free outreach","https://ratpdf.com/pdf-to-txt/how-do-i-convert-pdf-to-text","convert PDF to text","Student workflow: extract readings for notes","it-help@boston.edu OR library@boston.edu","P1","Not started"
"166","PDF to Text","Resource page","boston.edu","https://www.boston.edu/search?q=PDF","85-96","Free outreach","https://ratpdf.com/pdf-to-txt/pdf-to-text-online","PDF to text online","Alternative to Adobe export for students","it-help@boston.edu OR library@boston.edu","P1","Not started"
"167","OCR","Resource page","boston.edu","https://www.boston.edu/search?q=PDF","85-96","Free outreach","https://ratpdf.com/guides/ocr-pdf","OCR PDF searchable","Accessibility: make scanned PDFs searchable for screen readers","it-help@boston.edu OR library@boston.edu","P1","Not started"
"168","OCR","Resource page","boston.edu","https://www.boston.edu/search?q=PDF","85-96","Free outreach","https://ratpdf.com/pdf-to-txt/ocr-pdf-to-text","OCR PDF to text","Library digitization scan-to-text workflow","it-help@boston.edu OR library@boston.edu","P1","Not started"
"169","Compress PDF","Resource page","nyu.edu","https://www.nyu.edu/search?q=PDF","85-96","Free outreach","https://ratpdf.com/compress-pdf","compress PDF online free","Campus email attachment limits - link to compression hub + size checker","it-help@nyu.edu OR library@nyu.edu","P1","Not started"
"170","Compress PDF","Resource page","nyu.edu","https://www.nyu.edu/search?q=PDF","85-96","Free outreach","https://ratpdf.com/research/attachment-size-limits","email attachment size limits","Cite original research table in IT help article","it-help@nyu.edu OR library@nyu.edu","P1","Not started"
"171","PDF to Text","Resource page","nyu.edu","https://www.nyu.edu/search?q=PDF","85-96","Free outreach","https://ratpdf.com/pdf-to-txt/how-do-i-convert-pdf-to-text","convert PDF to text","Student workflow: extract readings for notes","it-help@nyu.edu OR library@nyu.edu","P1","Not started"
"172","PDF to Text","Resource page","nyu.edu","https://www.nyu.edu/search?q=PDF","85-96","Free outreach","https://ratpdf.com/pdf-to-txt/pdf-to-text-online","PDF to text online","Alternative to Adobe export for students","it-help@nyu.edu OR library@nyu.edu","P1","Not started"
"173","OCR","Resource page","nyu.edu","https://www.nyu.edu/search?q=PDF","85-96","Free outreach","https://ratpdf.com/guides/ocr-pdf","OCR PDF searchable","Accessibility: make scanned PDFs searchable for screen readers","it-help@nyu.edu OR library@nyu.edu","P1","Not started"
"174","OCR","Resource page","nyu.edu","https://www.nyu.edu/search?q=PDF","85-96","Free outreach","https://ratpdf.com/pdf-to-txt/ocr-pdf-to-text","OCR PDF to text","Library digitization scan-to-text workflow","it-help@nyu.edu OR library@nyu.edu","P1","Not started"
"175","Compress PDF","Resource page","rutgers.edu","https://www.rutgers.edu/search?q=PDF","85-96","Free outreach","https://ratpdf.com/compress-pdf","compress PDF online free","Campus email attachment limits - link to compression hub + size checker","it-help@rutgers.edu OR library@rutgers.edu","P1","Not started"
"176","Compress PDF","Resource page","rutgers.edu","https://www.rutgers.edu/search?q=PDF","85-96","Free outreach","https://ratpdf.com/research/attachment-size-limits","email attachment size limits","Cite original research table in IT help article","it-help@rutgers.edu OR library@rutgers.edu","P1","Not started"
"177","PDF to Text","Resource page","rutgers.edu","https://www.rutgers.edu/search?q=PDF","85-96","Free outreach","https://ratpdf.com/pdf-to-txt/how-do-i-convert-pdf-to-text","convert PDF to text","Student workflow: extract readings for notes","it-help@rutgers.edu OR library@rutgers.edu","P1","Not started"
"178","PDF to Text","Resource page","rutgers.edu","https://www.rutgers.edu/search?q=PDF","85-96","Free outreach","https://ratpdf.com/pdf-to-txt/pdf-to-text-online","PDF to text online","Alternative to Adobe export for students","it-help@rutgers.edu OR library@rutgers.edu","P1","Not started"
"179","OCR","Resource page","rutgers.edu","https://www.rutgers.edu/search?q=PDF","85-96","Free outreach","https://ratpdf.com/guides/ocr-pdf","OCR PDF searchable","Accessibility: make scanned PDFs searchable for screen readers","it-help@rutgers.edu OR library@rutgers.edu","P1","Not started"
"180","OCR","Resource page","rutgers.edu","https://www.rutgers.edu/search?q=PDF","85-96","Free outreach","https://ratpdf.com/pdf-to-txt/ocr-pdf-to-text","OCR PDF to text","Library digitization scan-to-text workflow","it-help@rutgers.edu OR library@rutgers.edu","P1","Not started"
"181","Compress PDF","Resource page","asu.edu","https://www.asu.edu/search?q=PDF","85-96","Free outreach","https://ratpdf.com/compress-pdf","compress PDF online free","Campus email attachment limits - link to compression hub + size checker","it-help@asu.edu OR library@asu.edu","P1","Not started"
"182","Compress PDF","Resource page","asu.edu","https://www.asu.edu/search?q=PDF","85-96","Free outreach","https://ratpdf.com/research/attachment-size-limits","email attachment size limits","Cite original research table in IT help article","it-help@asu.edu OR library@asu.edu","P1","Not started"
"183","PDF to Text","Resource page","asu.edu","https://www.asu.edu/search?q=PDF","85-96","Free outreach","https://ratpdf.com/pdf-to-txt/how-do-i-convert-pdf-to-text","convert PDF to text","Student workflow: extract readings for notes","it-help@asu.edu OR library@asu.edu","P1","Not started"
"184","PDF to Text","Resource page","asu.edu","https://www.asu.edu/search?q=PDF","85-96","Free outreach","https://ratpdf.com/pdf-to-txt/pdf-to-text-online","PDF to text online","Alternative to Adobe export for students","it-help@asu.edu OR library@asu.edu","P1","Not started"
"185","OCR","Resource page","asu.edu","https://www.asu.edu/search?q=PDF","85-96","Free outreach","https://ratpdf.com/guides/ocr-pdf","OCR PDF searchable","Accessibility: make scanned PDFs searchable for screen readers","it-help@asu.edu OR library@asu.edu","P1","Not started"
"186","OCR","Resource page","asu.edu","https://www.asu.edu/search?q=PDF","85-96","Free outreach","https://ratpdf.com/pdf-to-txt/ocr-pdf-to-text","OCR PDF to text","Library digitization scan-to-text workflow","it-help@asu.edu OR library@asu.edu","P1","Not started"
"187","Compress PDF","Resource page","colorado.edu","https://www.colorado.edu/search?q=PDF","85-96","Free outreach","https://ratpdf.com/compress-pdf","compress PDF online free","Campus email attachment limits - link to compression hub + size checker","it-help@colorado.edu OR library@colorado.edu","P1","Not started"
"188","Compress PDF","Resource page","colorado.edu","https://www.colorado.edu/search?q=PDF","85-96","Free outreach","https://ratpdf.com/research/attachment-size-limits","email attachment size limits","Cite original research table in IT help article","it-help@colorado.edu OR library@colorado.edu","P1","Not started"
"189","PDF to Text","Resource page","colorado.edu","https://www.colorado.edu/search?q=PDF","85-96","Free outreach","https://ratpdf.com/pdf-to-txt/how-do-i-convert-pdf-to-text","convert PDF to text","Student workflow: extract readings for notes","it-help@colorado.edu OR library@colorado.edu","P1","Not started"
"190","PDF to Text","Resource page","colorado.edu","https://www.colorado.edu/search?q=PDF","85-96","Free outreach","https://ratpdf.com/pdf-to-txt/pdf-to-text-online","PDF to text online","Alternative to Adobe export for students","it-help@colorado.edu OR library@colorado.edu","P1","Not started"
"191","OCR","Resource page","colorado.edu","https://www.colorado.edu/search?q=PDF","85-96","Free outreach","https://ratpdf.com/guides/ocr-pdf","OCR PDF searchable","Accessibility: make scanned PDFs searchable for screen readers","it-help@colorado.edu OR library@colorado.edu","P1","Not started"
"192","OCR","Resource page","colorado.edu","https://www.colorado.edu/search?q=PDF","85-96","Free outreach","https://ratpdf.com/pdf-to-txt/ocr-pdf-to-text","OCR PDF to text","Library digitization scan-to-text workflow","it-help@colorado.edu OR library@colorado.edu","P1","Not started"
"193","Compress PDF","Resource page","wustl.edu","https://www.wustl.edu/search?q=PDF","85-96","Free outreach","https://ratpdf.com/compress-pdf","compress PDF online free","Campus email attachment limits - link to compression hub + size checker","it-help@wustl.edu OR library@wustl.edu","P1","Not started"
"194","Compress PDF","Resource page","wustl.edu","https://www.wustl.edu/search?q=PDF","85-96","Free outreach","https://ratpdf.com/research/attachment-size-limits","email attachment size limits","Cite original research table in IT help article","it-help@wustl.edu OR library@wustl.edu","P1","Not started"
"195","PDF to Text","Resource page","wustl.edu","https://www.wustl.edu/search?q=PDF","85-96","Free outreach","https://ratpdf.com/pdf-to-txt/how-do-i-convert-pdf-to-text","convert PDF to text","Student workflow: extract readings for notes","it-help@wustl.edu OR library@wustl.edu","P1","Not started"
"196","PDF to Text","Resource page","wustl.edu","https://www.wustl.edu/search?q=PDF","85-96","Free outreach","https://ratpdf.com/pdf-to-txt/pdf-to-text-online","PDF to text online","Alternative to Adobe export for students","it-help@wustl.edu OR library@wustl.edu","P1","Not started"
"197","OCR","Resource page","wustl.edu","https://www.wustl.edu/search?q=PDF","85-96","Free outreach","https://ratpdf.com/guides/ocr-pdf","OCR PDF searchable","Accessibility: make scanned PDFs searchable for screen readers","it-help@wustl.edu OR library@wustl.edu","P1","Not started"
"198","OCR","Resource page","wustl.edu","https://www.wustl.edu/search?q=PDF","85-96","Free outreach","https://ratpdf.com/pdf-to-txt/ocr-pdf-to-text","OCR PDF to text","Library digitization scan-to-text workflow","it-help@wustl.edu OR library@wustl.edu","P1","Not started"
"199","Compress PDF","Resource page","tufts.edu","https://www.tufts.edu/search?q=PDF","85-96","Free outreach","https://ratpdf.com/compress-pdf","compress PDF online free","Campus email attachment limits - link to compression hub + size checker","it-help@tufts.edu OR library@tufts.edu","P1","Not started"
"200","Compress PDF","Resource page","tufts.edu","https://www.tufts.edu/search?q=PDF","85-96","Free outreach","https://ratpdf.com/research/attachment-size-limits","email attachment size limits","Cite original research table in IT help article","it-help@tufts.edu OR library@tufts.edu","P1","Not started"
"201","PDF to Text","Resource page","tufts.edu","https://www.tufts.edu/search?q=PDF","85-96","Free outreach","https://ratpdf.com/pdf-to-txt/how-do-i-convert-pdf-to-text","convert PDF to text","Student workflow: extract readings for notes","it-help@tufts.edu OR library@tufts.edu","P1","Not started"
"202","PDF to Text","Resource page","tufts.edu","https://www.tufts.edu/search?q=PDF","85-96","Free outreach","https://ratpdf.com/pdf-to-txt/pdf-to-text-online","PDF to text online","Alternative to Adobe export for students","it-help@tufts.edu OR library@tufts.edu","P1","Not started"
"203","OCR","Resource page","tufts.edu","https://www.tufts.edu/search?q=PDF","85-96","Free outreach","https://ratpdf.com/guides/ocr-pdf","OCR PDF searchable","Accessibility: make scanned PDFs searchable for screen readers","it-help@tufts.edu OR library@tufts.edu","P1","Not started"
"204","OCR","Resource page","tufts.edu","https://www.tufts.edu/search?q=PDF","85-96","Free outreach","https://ratpdf.com/pdf-to-txt/ocr-pdf-to-text","OCR PDF to text","Library digitization scan-to-text workflow","it-help@tufts.edu OR library@tufts.edu","P1","Not started"
"205","Compress PDF","Resource page","brandeis.edu","https://www.brandeis.edu/search?q=PDF","85-96","Free outreach","https://ratpdf.com/compress-pdf","compress PDF online free","Campus email attachment limits - link to compression hub + size checker","it-help@brandeis.edu OR library@brandeis.edu","P1","Not started"
"206","Compress PDF","Resource page","brandeis.edu","https://www.brandeis.edu/search?q=PDF","85-96","Free outreach","https://ratpdf.com/research/attachment-size-limits","email attachment size limits","Cite original research table in IT help article","it-help@brandeis.edu OR library@brandeis.edu","P1","Not started"
"207","PDF to Text","Resource page","brandeis.edu","https://www.brandeis.edu/search?q=PDF","85-96","Free outreach","https://ratpdf.com/pdf-to-txt/how-do-i-convert-pdf-to-text","convert PDF to text","Student workflow: extract readings for notes","it-help@brandeis.edu OR library@brandeis.edu","P1","Not started"
"208","PDF to Text","Resource page","brandeis.edu","https://www.brandeis.edu/search?q=PDF","85-96","Free outreach","https://ratpdf.com/pdf-to-txt/pdf-to-text-online","PDF to text online","Alternative to Adobe export for students","it-help@brandeis.edu OR library@brandeis.edu","P1","Not started"
"209","OCR","Resource page","brandeis.edu","https://www.brandeis.edu/search?q=PDF","85-96","Free outreach","https://ratpdf.com/guides/ocr-pdf","OCR PDF searchable","Accessibility: make scanned PDFs searchable for screen readers","it-help@brandeis.edu OR library@brandeis.edu","P1","Not started"
"210","OCR","Resource page","brandeis.edu","https://www.brandeis.edu/search?q=PDF","85-96","Free outreach","https://ratpdf.com/pdf-to-txt/ocr-pdf-to-text","OCR PDF to text","Library digitization scan-to-text workflow","it-help@brandeis.edu OR library@brandeis.edu","P1","Not started"
"211","Compress PDF","Resource page","rochester.edu","https://www.rochester.edu/search?q=PDF","85-96","Free outreach","https://ratpdf.com/compress-pdf","compress PDF online free","Campus email attachment limits - link to compression hub + size checker","it-help@rochester.edu OR library@rochester.edu","P1","Not started"
"212","Compress PDF","Resource page","rochester.edu","https://www.rochester.edu/search?q=PDF","85-96","Free outreach","https://ratpdf.com/research/attachment-size-limits","email attachment size limits","Cite original research table in IT help article","it-help@rochester.edu OR library@rochester.edu","P1","Not started"
"213","PDF to Text","Resource page","rochester.edu","https://www.rochester.edu/search?q=PDF","85-96","Free outreach","https://ratpdf.com/pdf-to-txt/how-do-i-convert-pdf-to-text","convert PDF to text","Student workflow: extract readings for notes","it-help@rochester.edu OR library@rochester.edu","P1","Not started"
"214","PDF to Text","Resource page","rochester.edu","https://www.rochester.edu/search?q=PDF","85-96","Free outreach","https://ratpdf.com/pdf-to-txt/pdf-to-text-online","PDF to text online","Alternative to Adobe export for students","it-help@rochester.edu OR library@rochester.edu","P1","Not started"
"215","OCR","Resource page","rochester.edu","https://www.rochester.edu/search?q=PDF","85-96","Free outreach","https://ratpdf.com/guides/ocr-pdf","OCR PDF searchable","Accessibility: make scanned PDFs searchable for screen readers","it-help@rochester.edu OR library@rochester.edu","P1","Not started"
"216","OCR","Resource page","rochester.edu","https://www.rochester.edu/search?q=PDF","85-96","Free outreach","https://ratpdf.com/pdf-to-txt/ocr-pdf-to-text","OCR PDF to text","Library digitization scan-to-text workflow","it-help@rochester.edu OR library@rochester.edu","P1","Not started"
"217","Compress PDF","Resource page","case.edu","https://www.case.edu/search?q=PDF","85-96","Free outreach","https://ratpdf.com/compress-pdf","compress PDF online free","Campus email attachment limits - link to compression hub + size checker","it-help@case.edu OR library@case.edu","P1","Not started"
"218","Compress PDF","Resource page","case.edu","https://www.case.edu/search?q=PDF","85-96","Free outreach","https://ratpdf.com/research/attachment-size-limits","email attachment size limits","Cite original research table in IT help article","it-help@case.edu OR library@case.edu","P1","Not started"
"219","PDF to Text","Resource page","case.edu","https://www.case.edu/search?q=PDF","85-96","Free outreach","https://ratpdf.com/pdf-to-txt/how-do-i-convert-pdf-to-text","convert PDF to text","Student workflow: extract readings for notes","it-help@case.edu OR library@case.edu","P1","Not started"
"220","PDF to Text","Resource page","case.edu","https://www.case.edu/search?q=PDF","85-96","Free outreach","https://ratpdf.com/pdf-to-txt/pdf-to-text-online","PDF to text online","Alternative to Adobe export for students","it-help@case.edu OR library@case.edu","P1","Not started"
"221","OCR","Resource page","case.edu","https://www.case.edu/search?q=PDF","85-96","Free outreach","https://ratpdf.com/guides/ocr-pdf","OCR PDF searchable","Accessibility: make scanned PDFs searchable for screen readers","it-help@case.edu OR library@case.edu","P1","Not started"
"222","OCR","Resource page","case.edu","https://www.case.edu/search?q=PDF","85-96","Free outreach","https://ratpdf.com/pdf-to-txt/ocr-pdf-to-text","OCR PDF to text","Library digitization scan-to-text workflow","it-help@case.edu OR library@case.edu","P1","Not started"
"223","Compress PDF","Resource page","lehigh.edu","https://www.lehigh.edu/search?q=PDF","85-96","Free outreach","https://ratpdf.com/compress-pdf","compress PDF online free","Campus email attachment limits - link to compression hub + size checker","it-help@lehigh.edu OR library@lehigh.edu","P1","Not started"
"224","Compress PDF","Resource page","lehigh.edu","https://www.lehigh.edu/search?q=PDF","85-96","Free outreach","https://ratpdf.com/research/attachment-size-limits","email attachment size limits","Cite original research table in IT help article","it-help@lehigh.edu OR library@lehigh.edu","P1","Not started"
"225","PDF to Text","Resource page","lehigh.edu","https://www.lehigh.edu/search?q=PDF","85-96","Free outreach","https://ratpdf.com/pdf-to-txt/how-do-i-convert-pdf-to-text","convert PDF to text","Student workflow: extract readings for notes","it-help@lehigh.edu OR library@lehigh.edu","P1","Not started"
"226","PDF to Text","Resource page","lehigh.edu","https://www.lehigh.edu/search?q=PDF","85-96","Free outreach","https://ratpdf.com/pdf-to-txt/pdf-to-text-online","PDF to text online","Alternative to Adobe export for students","it-help@lehigh.edu OR library@lehigh.edu","P1","Not started"
"227","OCR","Resource page","lehigh.edu","https://www.lehigh.edu/search?q=PDF","85-96","Free outreach","https://ratpdf.com/guides/ocr-pdf","OCR PDF searchable","Accessibility: make scanned PDFs searchable for screen readers","it-help@lehigh.edu OR library@lehigh.edu","P1","Not started"
"228","OCR","Resource page","lehigh.edu","https://www.lehigh.edu/search?q=PDF","85-96","Free outreach","https://ratpdf.com/pdf-to-txt/ocr-pdf-to-text","OCR PDF to text","Library digitization scan-to-text workflow","it-help@lehigh.edu OR library@lehigh.edu","P1","Not started"
"229","Compress PDF","Resource page","northeastern.edu","https://www.northeastern.edu/search?q=PDF","85-96","Free outreach","https://ratpdf.com/compress-pdf","compress PDF online free","Campus email attachment limits - link to compression hub + size checker","it-help@northeastern.edu OR library@northeastern.edu","P1","Not started"
"230","Compress PDF","Resource page","northeastern.edu","https://www.northeastern.edu/search?q=PDF","85-96","Free outreach","https://ratpdf.com/research/attachment-size-limits","email attachment size limits","Cite original research table in IT help article","it-help@northeastern.edu OR library@northeastern.edu","P1","Not started"
"231","PDF to Text","Resource page","northeastern.edu","https://www.northeastern.edu/search?q=PDF","85-96","Free outreach","https://ratpdf.com/pdf-to-txt/how-do-i-convert-pdf-to-text","convert PDF to text","Student workflow: extract readings for notes","it-help@northeastern.edu OR library@northeastern.edu","P1","Not started"
"232","PDF to Text","Resource page","northeastern.edu","https://www.northeastern.edu/search?q=PDF","85-96","Free outreach","https://ratpdf.com/pdf-to-txt/pdf-to-text-online","PDF to text online","Alternative to Adobe export for students","it-help@northeastern.edu OR library@northeastern.edu","P1","Not started"
"233","OCR","Resource page","northeastern.edu","https://www.northeastern.edu/search?q=PDF","85-96","Free outreach","https://ratpdf.com/guides/ocr-pdf","OCR PDF searchable","Accessibility: make scanned PDFs searchable for screen readers","it-help@northeastern.edu OR library@northeastern.edu","P1","Not started"
"234","OCR","Resource page","northeastern.edu","https://www.northeastern.edu/search?q=PDF","85-96","Free outreach","https://ratpdf.com/pdf-to-txt/ocr-pdf-to-text","OCR PDF to text","Library digitization scan-to-text workflow","it-help@northeastern.edu OR library@northeastern.edu","P1","Not started"
"235","Compress PDF","Resource page","bu.edu","https://www.bu.edu/search?q=PDF","85-96","Free outreach","https://ratpdf.com/compress-pdf","compress PDF online free","Campus email attachment limits - link to compression hub + size checker","it-help@bu.edu OR library@bu.edu","P1","Not started"
"236","Compress PDF","Resource page","bu.edu","https://www.bu.edu/search?q=PDF","85-96","Free outreach","https://ratpdf.com/research/attachment-size-limits","email attachment size limits","Cite original research table in IT help article","it-help@bu.edu OR library@bu.edu","P1","Not started"
"237","PDF to Text","Resource page","bu.edu","https://www.bu.edu/search?q=PDF","85-96","Free outreach","https://ratpdf.com/pdf-to-txt/how-do-i-convert-pdf-to-text","convert PDF to text","Student workflow: extract readings for notes","it-help@bu.edu OR library@bu.edu","P1","Not started"
"238","PDF to Text","Resource page","bu.edu","https://www.bu.edu/search?q=PDF","85-96","Free outreach","https://ratpdf.com/pdf-to-txt/pdf-to-text-online","PDF to text online","Alternative to Adobe export for students","it-help@bu.edu OR library@bu.edu","P1","Not started"
"239","OCR","Resource page","bu.edu","https://www.bu.edu/search?q=PDF","85-96","Free outreach","https://ratpdf.com/guides/ocr-pdf","OCR PDF searchable","Accessibility: make scanned PDFs searchable for screen readers","it-help@bu.edu OR library@bu.edu","P1","Not started"
"240","OCR","Resource page","bu.edu","https://www.bu.edu/search?q=PDF","85-96","Free outreach","https://ratpdf.com/pdf-to-txt/ocr-pdf-to-text","OCR PDF to text","Library digitization scan-to-text workflow","it-help@bu.edu OR library@bu.edu","P1","Not started"
"241","Compress PDF","Resource page","georgetown.edu","https://www.georgetown.edu/search?q=PDF","85-96","Free outreach","https://ratpdf.com/compress-pdf","compress PDF online free","Campus email attachment limits - link to compression hub + size checker","it-help@georgetown.edu OR library@georgetown.edu","P1","Not started"
"242","Compress PDF","Resource page","georgetown.edu","https://www.georgetown.edu/search?q=PDF","85-96","Free outreach","https://ratpdf.com/research/attachment-size-limits","email attachment size limits","Cite original research table in IT help article","it-help@georgetown.edu OR library@georgetown.edu","P1","Not started"
"243","PDF to Text","Resource page","georgetown.edu","https://www.georgetown.edu/search?q=PDF","85-96","Free outreach","https://ratpdf.com/pdf-to-txt/how-do-i-convert-pdf-to-text","convert PDF to text","Student workflow: extract readings for notes","it-help@georgetown.edu OR library@georgetown.edu","P1","Not started"
"244","PDF to Text","Resource page","georgetown.edu","https://www.georgetown.edu/search?q=PDF","85-96","Free outreach","https://ratpdf.com/pdf-to-txt/pdf-to-text-online","PDF to text online","Alternative to Adobe export for students","it-help@georgetown.edu OR library@georgetown.edu","P1","Not started"
"245","OCR","Resource page","georgetown.edu","https://www.georgetown.edu/search?q=PDF","85-96","Free outreach","https://ratpdf.com/guides/ocr-pdf","OCR PDF searchable","Accessibility: make scanned PDFs searchable for screen readers","it-help@georgetown.edu OR library@georgetown.edu","P1","Not started"
"246","OCR","Resource page","georgetown.edu","https://www.georgetown.edu/search?q=PDF","85-96","Free outreach","https://ratpdf.com/pdf-to-txt/ocr-pdf-to-text","OCR PDF to text","Library digitization scan-to-text workflow","it-help@georgetown.edu OR library@georgetown.edu","P1","Not started"
"247","Compress PDF","Resource page","tamu.edu","https://www.tamu.edu/search?q=PDF","85-96","Free outreach","https://ratpdf.com/compress-pdf","compress PDF online free","Campus email attachment limits - link to compression hub + size checker","it-help@tamu.edu OR library@tamu.edu","P1","Not started"
"248","Compress PDF","Resource page","tamu.edu","https://www.tamu.edu/search?q=PDF","85-96","Free outreach","https://ratpdf.com/research/attachment-size-limits","email attachment size limits","Cite original research table in IT help article","it-help@tamu.edu OR library@tamu.edu","P1","Not started"
"249","PDF to Text","Resource page","tamu.edu","https://www.tamu.edu/search?q=PDF","85-96","Free outreach","https://ratpdf.com/pdf-to-txt/how-do-i-convert-pdf-to-text","convert PDF to text","Student workflow: extract readings for notes","it-help@tamu.edu OR library@tamu.edu","P1","Not started"
"250","PDF to Text","Resource page","tamu.edu","https://www.tamu.edu/search?q=PDF","85-96","Free outreach","https://ratpdf.com/pdf-to-txt/pdf-to-text-online","PDF to text online","Alternative to Adobe export for students","it-help@tamu.edu OR library@tamu.edu","P1","Not started"
"251","OCR","Resource page","tamu.edu","https://www.tamu.edu/search?q=PDF","85-96","Free outreach","https://ratpdf.com/guides/ocr-pdf","OCR PDF searchable","Accessibility: make scanned PDFs searchable for screen readers","it-help@tamu.edu OR library@tamu.edu","P1","Not started"
"252","OCR","Resource page","tamu.edu","https://www.tamu.edu/search?q=PDF","85-96","Free outreach","https://ratpdf.com/pdf-to-txt/ocr-pdf-to-text","OCR PDF to text","Library digitization scan-to-text workflow","it-help@tamu.edu OR library@tamu.edu","P1","Not started"
"253","Compress PDF","Resource page","ufl.edu","https://www.ufl.edu/search?q=PDF","85-96","Free outreach","https://ratpdf.com/compress-pdf","compress PDF online free","Campus email attachment limits - link to compression hub + size checker","it-help@ufl.edu OR library@ufl.edu","P1","Not started"
"254","Compress PDF","Resource page","ufl.edu","https://www.ufl.edu/search?q=PDF","85-96","Free outreach","https://ratpdf.com/research/attachment-size-limits","email attachment size limits","Cite original research table in IT help article","it-help@ufl.edu OR library@ufl.edu","P1","Not started"
"255","PDF to Text","Resource page","ufl.edu","https://www.ufl.edu/search?q=PDF","85-96","Free outreach","https://ratpdf.com/pdf-to-txt/how-do-i-convert-pdf-to-text","convert PDF to text","Student workflow: extract readings for notes","it-help@ufl.edu OR library@ufl.edu","P1","Not started"
"256","PDF to Text","Resource page","ufl.edu","https://www.ufl.edu/search?q=PDF","85-96","Free outreach","https://ratpdf.com/pdf-to-txt/pdf-to-text-online","PDF to text online","Alternative to Adobe export for students","it-help@ufl.edu OR library@ufl.edu","P1","Not started"
"257","OCR","Resource page","ufl.edu","https://www.ufl.edu/search?q=PDF","85-96","Free outreach","https://ratpdf.com/guides/ocr-pdf","OCR PDF searchable","Accessibility: make scanned PDFs searchable for screen readers","it-help@ufl.edu OR library@ufl.edu","P1","Not started"
"258","OCR","Resource page","ufl.edu","https://www.ufl.edu/search?q=PDF","85-96","Free outreach","https://ratpdf.com/pdf-to-txt/ocr-pdf-to-text","OCR PDF to text","Library digitization scan-to-text workflow","it-help@ufl.edu OR library@ufl.edu","P1","Not started"
"259","Compress PDF","Resource page","uga.edu","https://www.uga.edu/search?q=PDF","85-96","Free outreach","https://ratpdf.com/compress-pdf","compress PDF online free","Campus email attachment limits - link to compression hub + size checker","it-help@uga.edu OR library@uga.edu","P1","Not started"
"260","Compress PDF","Resource page","uga.edu","https://www.uga.edu/search?q=PDF","85-96","Free outreach","https://ratpdf.com/research/attachment-size-limits","email attachment size limits","Cite original research table in IT help article","it-help@uga.edu OR library@uga.edu","P1","Not started"
"261","PDF to Text","Resource page","uga.edu","https://www.uga.edu/search?q=PDF","85-96","Free outreach","https://ratpdf.com/pdf-to-txt/how-do-i-convert-pdf-to-text","convert PDF to text","Student workflow: extract readings for notes","it-help@uga.edu OR library@uga.edu","P1","Not started"
"262","PDF to Text","Resource page","uga.edu","https://www.uga.edu/search?q=PDF","85-96","Free outreach","https://ratpdf.com/pdf-to-txt/pdf-to-text-online","PDF to text online","Alternative to Adobe export for students","it-help@uga.edu OR library@uga.edu","P1","Not started"
"263","OCR","Resource page","uga.edu","https://www.uga.edu/search?q=PDF","85-96","Free outreach","https://ratpdf.com/guides/ocr-pdf","OCR PDF searchable","Accessibility: make scanned PDFs searchable for screen readers","it-help@uga.edu OR library@uga.edu","P1","Not started"
"264","OCR","Resource page","uga.edu","https://www.uga.edu/search?q=PDF","85-96","Free outreach","https://ratpdf.com/pdf-to-txt/ocr-pdf-to-text","OCR PDF to text","Library digitization scan-to-text workflow","it-help@uga.edu OR library@uga.edu","P1","Not started"
"265","Compress PDF","Resource page","indiana.edu","https://www.indiana.edu/search?q=PDF","85-96","Free outreach","https://ratpdf.com/compress-pdf","compress PDF online free","Campus email attachment limits - link to compression hub + size checker","it-help@indiana.edu OR library@indiana.edu","P1","Not started"
"266","Compress PDF","Resource page","indiana.edu","https://www.indiana.edu/search?q=PDF","85-96","Free outreach","https://ratpdf.com/research/attachment-size-limits","email attachment size limits","Cite original research table in IT help article","it-help@indiana.edu OR library@indiana.edu","P1","Not started"
"267","PDF to Text","Resource page","indiana.edu","https://www.indiana.edu/search?q=PDF","85-96","Free outreach","https://ratpdf.com/pdf-to-txt/how-do-i-convert-pdf-to-text","convert PDF to text","Student workflow: extract readings for notes","it-help@indiana.edu OR library@indiana.edu","P1","Not started"
"268","PDF to Text","Resource page","indiana.edu","https://www.indiana.edu/search?q=PDF","85-96","Free outreach","https://ratpdf.com/pdf-to-txt/pdf-to-text-online","PDF to text online","Alternative to Adobe export for students","it-help@indiana.edu OR library@indiana.edu","P1","Not started"
"269","OCR","Resource page","indiana.edu","https://www.indiana.edu/search?q=PDF","85-96","Free outreach","https://ratpdf.com/guides/ocr-pdf","OCR PDF searchable","Accessibility: make scanned PDFs searchable for screen readers","it-help@indiana.edu OR library@indiana.edu","P1","Not started"
"270","OCR","Resource page","indiana.edu","https://www.indiana.edu/search?q=PDF","85-96","Free outreach","https://ratpdf.com/pdf-to-txt/ocr-pdf-to-text","OCR PDF to text","Library digitization scan-to-text workflow","it-help@indiana.edu OR library@indiana.edu","P1","Not started"
"271","Compress PDF","Resource page","msu.edu","https://www.msu.edu/search?q=PDF","85-96","Free outreach","https://ratpdf.com/compress-pdf","compress PDF online free","Campus email attachment limits - link to compression hub + size checker","it-help@msu.edu OR library@msu.edu","P1","Not started"
"272","Compress PDF","Resource page","msu.edu","https://www.msu.edu/search?q=PDF","85-96","Free outreach","https://ratpdf.com/research/attachment-size-limits","email attachment size limits","Cite original research table in IT help article","it-help@msu.edu OR library@msu.edu","P1","Not started"
"273","PDF to Text","Resource page","msu.edu","https://www.msu.edu/search?q=PDF","85-96","Free outreach","https://ratpdf.com/pdf-to-txt/how-do-i-convert-pdf-to-text","convert PDF to text","Student workflow: extract readings for notes","it-help@msu.edu OR library@msu.edu","P1","Not started"
"274","PDF to Text","Resource page","msu.edu","https://www.msu.edu/search?q=PDF","85-96","Free outreach","https://ratpdf.com/pdf-to-txt/pdf-to-text-online","PDF to text online","Alternative to Adobe export for students","it-help@msu.edu OR library@msu.edu","P1","Not started"
"275","OCR","Resource page","msu.edu","https://www.msu.edu/search?q=PDF","85-96","Free outreach","https://ratpdf.com/guides/ocr-pdf","OCR PDF searchable","Accessibility: make scanned PDFs searchable for screen readers","it-help@msu.edu OR library@msu.edu","P1","Not started"
"276","OCR","Resource page","msu.edu","https://www.msu.edu/search?q=PDF","85-96","Free outreach","https://ratpdf.com/pdf-to-txt/ocr-pdf-to-text","OCR PDF to text","Library digitization scan-to-text workflow","it-help@msu.edu OR library@msu.edu","P1","Not started"
"277","Compress PDF","Resource page","oregonstate.edu","https://www.oregonstate.edu/search?q=PDF","85-96","Free outreach","https://ratpdf.com/compress-pdf","compress PDF online free","Campus email attachment limits - link to compression hub + size checker","it-help@oregonstate.edu OR library@oregonstate.edu","P1","Not started"
"278","Compress PDF","Resource page","oregonstate.edu","https://www.oregonstate.edu/search?q=PDF","85-96","Free outreach","https://ratpdf.com/research/attachment-size-limits","email attachment size limits","Cite original research table in IT help article","it-help@oregonstate.edu OR library@oregonstate.edu","P1","Not started"
"279","PDF to Text","Resource page","oregonstate.edu","https://www.oregonstate.edu/search?q=PDF","85-96","Free outreach","https://ratpdf.com/pdf-to-txt/how-do-i-convert-pdf-to-text","convert PDF to text","Student workflow: extract readings for notes","it-help@oregonstate.edu OR library@oregonstate.edu","P1","Not started"
"280","PDF to Text","Resource page","oregonstate.edu","https://www.oregonstate.edu/search?q=PDF","85-96","Free outreach","https://ratpdf.com/pdf-to-txt/pdf-to-text-online","PDF to text online","Alternative to Adobe export for students","it-help@oregonstate.edu OR library@oregonstate.edu","P1","Not started"
"281","OCR","Resource page","oregonstate.edu","https://www.oregonstate.edu/search?q=PDF","85-96","Free outreach","https://ratpdf.com/guides/ocr-pdf","OCR PDF searchable","Accessibility: make scanned PDFs searchable for screen readers","it-help@oregonstate.edu OR library@oregonstate.edu","P1","Not started"
"282","OCR","Resource page","oregonstate.edu","https://www.oregonstate.edu/search?q=PDF","85-96","Free outreach","https://ratpdf.com/pdf-to-txt/ocr-pdf-to-text","OCR PDF to text","Library digitization scan-to-text workflow","it-help@oregonstate.edu OR library@oregonstate.edu","P1","Not started"
"283","Compress PDF","Resource page","wsu.edu","https://www.wsu.edu/search?q=PDF","85-96","Free outreach","https://ratpdf.com/compress-pdf","compress PDF online free","Campus email attachment limits - link to compression hub + size checker","it-help@wsu.edu OR library@wsu.edu","P1","Not started"
"284","Compress PDF","Resource page","wsu.edu","https://www.wsu.edu/search?q=PDF","85-96","Free outreach","https://ratpdf.com/research/attachment-size-limits","email attachment size limits","Cite original research table in IT help article","it-help@wsu.edu OR library@wsu.edu","P1","Not started"
"285","PDF to Text","Resource page","wsu.edu","https://www.wsu.edu/search?q=PDF","85-96","Free outreach","https://ratpdf.com/pdf-to-txt/how-do-i-convert-pdf-to-text","convert PDF to text","Student workflow: extract readings for notes","it-help@wsu.edu OR library@wsu.edu","P1","Not started"
"286","PDF to Text","Resource page","wsu.edu","https://www.wsu.edu/search?q=PDF","85-96","Free outreach","https://ratpdf.com/pdf-to-txt/pdf-to-text-online","PDF to text online","Alternative to Adobe export for students","it-help@wsu.edu OR library@wsu.edu","P1","Not started"
"287","OCR","Resource page","wsu.edu","https://www.wsu.edu/search?q=PDF","85-96","Free outreach","https://ratpdf.com/guides/ocr-pdf","OCR PDF searchable","Accessibility: make scanned PDFs searchable for screen readers","it-help@wsu.edu OR library@wsu.edu","P1","Not started"
"288","OCR","Resource page","wsu.edu","https://www.wsu.edu/search?q=PDF","85-96","Free outreach","https://ratpdf.com/pdf-to-txt/ocr-pdf-to-text","OCR PDF to text","Library digitization scan-to-text workflow","it-help@wsu.edu OR library@wsu.edu","P1","Not started"
"289","Compress PDF","Resource page","arizona.edu","https://www.arizona.edu/search?q=PDF","85-96","Free outreach","https://ratpdf.com/compress-pdf","compress PDF online free","Campus email attachment limits - link to compression hub + size checker","it-help@arizona.edu OR library@arizona.edu","P1","Not started"
"290","Compress PDF","Resource page","arizona.edu","https://www.arizona.edu/search?q=PDF","85-96","Free outreach","https://ratpdf.com/research/attachment-size-limits","email attachment size limits","Cite original research table in IT help article","it-help@arizona.edu OR library@arizona.edu","P1","Not started"
"291","PDF to Text","Resource page","arizona.edu","https://www.arizona.edu/search?q=PDF","85-96","Free outreach","https://ratpdf.com/pdf-to-txt/how-do-i-convert-pdf-to-text","convert PDF to text","Student workflow: extract readings for notes","it-help@arizona.edu OR library@arizona.edu","P1","Not started"
"292","PDF to Text","Resource page","arizona.edu","https://www.arizona.edu/search?q=PDF","85-96","Free outreach","https://ratpdf.com/pdf-to-txt/pdf-to-text-online","PDF to text online","Alternative to Adobe export for students","it-help@arizona.edu OR library@arizona.edu","P1","Not started"
"293","OCR","Resource page","arizona.edu","https://www.arizona.edu/search?q=PDF","85-96","Free outreach","https://ratpdf.com/guides/ocr-pdf","OCR PDF searchable","Accessibility: make scanned PDFs searchable for screen readers","it-help@arizona.edu OR library@arizona.edu","P1","Not started"
"294","OCR","Resource page","arizona.edu","https://www.arizona.edu/search?q=PDF","85-96","Free outreach","https://ratpdf.com/pdf-to-txt/ocr-pdf-to-text","OCR PDF to text","Library digitization scan-to-text workflow","it-help@arizona.edu OR library@arizona.edu","P1","Not started"
"295","Compress PDF","Resource page","uoregon.edu","https://www.uoregon.edu/search?q=PDF","85-96","Free outreach","https://ratpdf.com/compress-pdf","compress PDF online free","Campus email attachment limits - link to compression hub + size checker","it-help@uoregon.edu OR library@uoregon.edu","P1","Not started"
"296","Compress PDF","Resource page","uoregon.edu","https://www.uoregon.edu/search?q=PDF","85-96","Free outreach","https://ratpdf.com/research/attachment-size-limits","email attachment size limits","Cite original research table in IT help article","it-help@uoregon.edu OR library@uoregon.edu","P1","Not started"
"297","PDF to Text","Resource page","uoregon.edu","https://www.uoregon.edu/search?q=PDF","85-96","Free outreach","https://ratpdf.com/pdf-to-txt/how-do-i-convert-pdf-to-text","convert PDF to text","Student workflow: extract readings for notes","it-help@uoregon.edu OR library@uoregon.edu","P1","Not started"
"298","PDF to Text","Resource page","uoregon.edu","https://www.uoregon.edu/search?q=PDF","85-96","Free outreach","https://ratpdf.com/pdf-to-txt/pdf-to-text-online","PDF to text online","Alternative to Adobe export for students","it-help@uoregon.edu OR library@uoregon.edu","P1","Not started"
"299","OCR","Resource page","uoregon.edu","https://www.uoregon.edu/search?q=PDF","85-96","Free outreach","https://ratpdf.com/guides/ocr-pdf","OCR PDF searchable","Accessibility: make scanned PDFs searchable for screen readers","it-help@uoregon.edu OR library@uoregon.edu","P1","Not started"
"300","OCR","Resource page","uoregon.edu","https://www.uoregon.edu/search?q=PDF","85-96","Free outreach","https://ratpdf.com/pdf-to-txt/ocr-pdf-to-text","OCR PDF to text","Library digitization scan-to-text workflow","it-help@uoregon.edu OR library@uoregon.edu","P1","Not started"
"301","Compress PDF","Resource page","ku.edu","https://www.ku.edu/search?q=PDF","85-96","Free outreach","https://ratpdf.com/compress-pdf","compress PDF online free","Campus email attachment limits - link to compression hub + size checker","it-help@ku.edu OR library@ku.edu","P1","Not started"
"302","Compress PDF","Resource page","ku.edu","https://www.ku.edu/search?q=PDF","85-96","Free outreach","https://ratpdf.com/research/attachment-size-limits","email attachment size limits","Cite original research table in IT help article","it-help@ku.edu OR library@ku.edu","P1","Not started"
"303","PDF to Text","Resource page","ku.edu","https://www.ku.edu/search?q=PDF","85-96","Free outreach","https://ratpdf.com/pdf-to-txt/how-do-i-convert-pdf-to-text","convert PDF to text","Student workflow: extract readings for notes","it-help@ku.edu OR library@ku.edu","P1","Not started"
"304","PDF to Text","Resource page","ku.edu","https://www.ku.edu/search?q=PDF","85-96","Free outreach","https://ratpdf.com/pdf-to-txt/pdf-to-text-online","PDF to text online","Alternative to Adobe export for students","it-help@ku.edu OR library@ku.edu","P1","Not started"
"305","OCR","Resource page","ku.edu","https://www.ku.edu/search?q=PDF","85-96","Free outreach","https://ratpdf.com/guides/ocr-pdf","OCR PDF searchable","Accessibility: make scanned PDFs searchable for screen readers","it-help@ku.edu OR library@ku.edu","P1","Not started"
"306","OCR","Resource page","ku.edu","https://www.ku.edu/search?q=PDF","85-96","Free outreach","https://ratpdf.com/pdf-to-txt/ocr-pdf-to-text","OCR PDF to text","Library digitization scan-to-text workflow","it-help@ku.edu OR library@ku.edu","P1","Not started"
"307","Compress PDF","Resource page","miami.edu","https://www.miami.edu/search?q=PDF","85-96","Free outreach","https://ratpdf.com/compress-pdf","compress PDF online free","Campus email attachment limits - link to compression hub + size checker","it-help@miami.edu OR library@miami.edu","P1","Not started"
"308","Compress PDF","Resource page","miami.edu","https://www.miami.edu/search?q=PDF","85-96","Free outreach","https://ratpdf.com/research/attachment-size-limits","email attachment size limits","Cite original research table in IT help article","it-help@miami.edu OR library@miami.edu","P1","Not started"
"309","PDF to Text","Resource page","miami.edu","https://www.miami.edu/search?q=PDF","85-96","Free outreach","https://ratpdf.com/pdf-to-txt/how-do-i-convert-pdf-to-text","convert PDF to text","Student workflow: extract readings for notes","it-help@miami.edu OR library@miami.edu","P1","Not started"
"310","PDF to Text","Resource page","miami.edu","https://www.miami.edu/search?q=PDF","85-96","Free outreach","https://ratpdf.com/pdf-to-txt/pdf-to-text-online","PDF to text online","Alternative to Adobe export for students","it-help@miami.edu OR library@miami.edu","P1","Not started"
"311","OCR","Resource page","miami.edu","https://www.miami.edu/search?q=PDF","85-96","Free outreach","https://ratpdf.com/guides/ocr-pdf","OCR PDF searchable","Accessibility: make scanned PDFs searchable for screen readers","it-help@miami.edu OR library@miami.edu","P1","Not started"
"312","OCR","Resource page","miami.edu","https://www.miami.edu/search?q=PDF","85-96","Free outreach","https://ratpdf.com/pdf-to-txt/ocr-pdf-to-text","OCR PDF to text","Library digitization scan-to-text workflow","it-help@miami.edu OR library@miami.edu","P1","Not started"
"313","Compress PDF","Resource page","fiu.edu","https://www.fiu.edu/search?q=PDF","85-96","Free outreach","https://ratpdf.com/compress-pdf","compress PDF online free","Campus email attachment limits - link to compression hub + size checker","it-help@fiu.edu OR library@fiu.edu","P1","Not started"
"314","Compress PDF","Resource page","fiu.edu","https://www.fiu.edu/search?q=PDF","85-96","Free outreach","https://ratpdf.com/research/attachment-size-limits","email attachment size limits","Cite original research table in IT help article","it-help@fiu.edu OR library@fiu.edu","P1","Not started"
"315","PDF to Text","Resource page","fiu.edu","https://www.fiu.edu/search?q=PDF","85-96","Free outreach","https://ratpdf.com/pdf-to-txt/how-do-i-convert-pdf-to-text","convert PDF to text","Student workflow: extract readings for notes","it-help@fiu.edu OR library@fiu.edu","P1","Not started"
"316","PDF to Text","Resource page","fiu.edu","https://www.fiu.edu/search?q=PDF","85-96","Free outreach","https://ratpdf.com/pdf-to-txt/pdf-to-text-online","PDF to text online","Alternative to Adobe export for students","it-help@fiu.edu OR library@fiu.edu","P1","Not started"
"317","OCR","Resource page","fiu.edu","https://www.fiu.edu/search?q=PDF","85-96","Free outreach","https://ratpdf.com/guides/ocr-pdf","OCR PDF searchable","Accessibility: make scanned PDFs searchable for screen readers","it-help@fiu.edu OR library@fiu.edu","P1","Not started"
"318","OCR","Resource page","fiu.edu","https://www.fiu.edu/search?q=PDF","85-96","Free outreach","https://ratpdf.com/pdf-to-txt/ocr-pdf-to-text","OCR PDF to text","Library digitization scan-to-text workflow","it-help@fiu.edu OR library@fiu.edu","P1","Not started"
"319","Compress PDF","Resource page","fsu.edu","https://www.fsu.edu/search?q=PDF","85-96","Free outreach","https://ratpdf.com/compress-pdf","compress PDF online free","Campus email attachment limits - link to compression hub + size checker","it-help@fsu.edu OR library@fsu.edu","P1","Not started"
"320","Compress PDF","Resource page","fsu.edu","https://www.fsu.edu/search?q=PDF","85-96","Free outreach","https://ratpdf.com/research/attachment-size-limits","email attachment size limits","Cite original research table in IT help article","it-help@fsu.edu OR library@fsu.edu","P1","Not started"
"321","PDF to Text","Resource page","fsu.edu","https://www.fsu.edu/search?q=PDF","85-96","Free outreach","https://ratpdf.com/pdf-to-txt/how-do-i-convert-pdf-to-text","convert PDF to text","Student workflow: extract readings for notes","it-help@fsu.edu OR library@fsu.edu","P1","Not started"
"322","PDF to Text","Resource page","fsu.edu","https://www.fsu.edu/search?q=PDF","85-96","Free outreach","https://ratpdf.com/pdf-to-txt/pdf-to-text-online","PDF to text online","Alternative to Adobe export for students","it-help@fsu.edu OR library@fsu.edu","P1","Not started"
"323","OCR","Resource page","fsu.edu","https://www.fsu.edu/search?q=PDF","85-96","Free outreach","https://ratpdf.com/guides/ocr-pdf","OCR PDF searchable","Accessibility: make scanned PDFs searchable for screen readers","it-help@fsu.edu OR library@fsu.edu","P1","Not started"
"324","OCR","Resource page","fsu.edu","https://www.fsu.edu/search?q=PDF","85-96","Free outreach","https://ratpdf.com/pdf-to-txt/ocr-pdf-to-text","OCR PDF to text","Library digitization scan-to-text workflow","it-help@fsu.edu OR library@fsu.edu","P1","Not started"
"325","Compress PDF","Resource page","clemson.edu","https://www.clemson.edu/search?q=PDF","85-96","Free outreach","https://ratpdf.com/compress-pdf","compress PDF online free","Campus email attachment limits - link to compression hub + size checker","it-help@clemson.edu OR library@clemson.edu","P1","Not started"
"326","Compress PDF","Resource page","clemson.edu","https://www.clemson.edu/search?q=PDF","85-96","Free outreach","https://ratpdf.com/research/attachment-size-limits","email attachment size limits","Cite original research table in IT help article","it-help@clemson.edu OR library@clemson.edu","P1","Not started"
"327","PDF to Text","Resource page","clemson.edu","https://www.clemson.edu/search?q=PDF","85-96","Free outreach","https://ratpdf.com/pdf-to-txt/how-do-i-convert-pdf-to-text","convert PDF to text","Student workflow: extract readings for notes","it-help@clemson.edu OR library@clemson.edu","P1","Not started"
"328","PDF to Text","Resource page","clemson.edu","https://www.clemson.edu/search?q=PDF","85-96","Free outreach","https://ratpdf.com/pdf-to-txt/pdf-to-text-online","PDF to text online","Alternative to Adobe export for students","it-help@clemson.edu OR library@clemson.edu","P1","Not started"
"329","OCR","Resource page","clemson.edu","https://www.clemson.edu/search?q=PDF","85-96","Free outreach","https://ratpdf.com/guides/ocr-pdf","OCR PDF searchable","Accessibility: make scanned PDFs searchable for screen readers","it-help@clemson.edu OR library@clemson.edu","P1","Not started"
"330","OCR","Resource page","clemson.edu","https://www.clemson.edu/search?q=PDF","85-96","Free outreach","https://ratpdf.com/pdf-to-txt/ocr-pdf-to-text","OCR PDF to text","Library digitization scan-to-text workflow","it-help@clemson.edu OR library@clemson.edu","P1","Not started"
"331","Compress PDF","Resource page","vt.edu","https://www.vt.edu/search?q=PDF","85-96","Free outreach","https://ratpdf.com/compress-pdf","compress PDF online free","Campus email attachment limits - link to compression hub + size checker","it-help@vt.edu OR library@vt.edu","P1","Not started"
"332","Compress PDF","Resource page","vt.edu","https://www.vt.edu/search?q=PDF","85-96","Free outreach","https://ratpdf.com/research/attachment-size-limits","email attachment size limits","Cite original research table in IT help article","it-help@vt.edu OR library@vt.edu","P1","Not started"
"333","PDF to Text","Resource page","vt.edu","https://www.vt.edu/search?q=PDF","85-96","Free outreach","https://ratpdf.com/pdf-to-txt/how-do-i-convert-pdf-to-text","convert PDF to text","Student workflow: extract readings for notes","it-help@vt.edu OR library@vt.edu","P1","Not started"
"334","PDF to Text","Resource page","vt.edu","https://www.vt.edu/search?q=PDF","85-96","Free outreach","https://ratpdf.com/pdf-to-txt/pdf-to-text-online","PDF to text online","Alternative to Adobe export for students","it-help@vt.edu OR library@vt.edu","P1","Not started"
"335","OCR","Resource page","vt.edu","https://www.vt.edu/search?q=PDF","85-96","Free outreach","https://ratpdf.com/guides/ocr-pdf","OCR PDF searchable","Accessibility: make scanned PDFs searchable for screen readers","it-help@vt.edu OR library@vt.edu","P1","Not started"
"336","OCR","Resource page","vt.edu","https://www.vt.edu/search?q=PDF","85-96","Free outreach","https://ratpdf.com/pdf-to-txt/ocr-pdf-to-text","OCR PDF to text","Library digitization scan-to-text workflow","it-help@vt.edu OR library@vt.edu","P1","Not started"
"337","Compress PDF","Resource page","ncsu.edu","https://www.ncsu.edu/search?q=PDF","85-96","Free outreach","https://ratpdf.com/compress-pdf","compress PDF online free","Campus email attachment limits - link to compression hub + size checker","it-help@ncsu.edu OR library@ncsu.edu","P1","Not started"
"338","Compress PDF","Resource page","ncsu.edu","https://www.ncsu.edu/search?q=PDF","85-96","Free outreach","https://ratpdf.com/research/attachment-size-limits","email attachment size limits","Cite original research table in IT help article","it-help@ncsu.edu OR library@ncsu.edu","P1","Not started"
"339","PDF to Text","Resource page","ncsu.edu","https://www.ncsu.edu/search?q=PDF","85-96","Free outreach","https://ratpdf.com/pdf-to-txt/how-do-i-convert-pdf-to-text","convert PDF to text","Student workflow: extract readings for notes","it-help@ncsu.edu OR library@ncsu.edu","P1","Not started"
"340","PDF to Text","Resource page","ncsu.edu","https://www.ncsu.edu/search?q=PDF","85-96","Free outreach","https://ratpdf.com/pdf-to-txt/pdf-to-text-online","PDF to text online","Alternative to Adobe export for students","it-help@ncsu.edu OR library@ncsu.edu","P1","Not started"
"341","OCR","Resource page","ncsu.edu","https://www.ncsu.edu/search?q=PDF","85-96","Free outreach","https://ratpdf.com/guides/ocr-pdf","OCR PDF searchable","Accessibility: make scanned PDFs searchable for screen readers","it-help@ncsu.edu OR library@ncsu.edu","P1","Not started"
"342","OCR","Resource page","ncsu.edu","https://www.ncsu.edu/search?q=PDF","85-96","Free outreach","https://ratpdf.com/pdf-to-txt/ocr-pdf-to-text","OCR PDF to text","Library digitization scan-to-text workflow","it-help@ncsu.edu OR library@ncsu.edu","P1","Not started"
"343","Compress PDF","Resource page","pitt.edu","https://www.pitt.edu/search?q=PDF","85-96","Free outreach","https://ratpdf.com/compress-pdf","compress PDF online free","Campus email attachment limits - link to compression hub + size checker","it-help@pitt.edu OR library@pitt.edu","P1","Not started"
"344","Compress PDF","Resource page","pitt.edu","https://www.pitt.edu/search?q=PDF","85-96","Free outreach","https://ratpdf.com/research/attachment-size-limits","email attachment size limits","Cite original research table in IT help article","it-help@pitt.edu OR library@pitt.edu","P1","Not started"
"345","PDF to Text","Resource page","pitt.edu","https://www.pitt.edu/search?q=PDF","85-96","Free outreach","https://ratpdf.com/pdf-to-txt/how-do-i-convert-pdf-to-text","convert PDF to text","Student workflow: extract readings for notes","it-help@pitt.edu OR library@pitt.edu","P1","Not started"
"346","PDF to Text","Resource page","pitt.edu","https://www.pitt.edu/search?q=PDF","85-96","Free outreach","https://ratpdf.com/pdf-to-txt/pdf-to-text-online","PDF to text online","Alternative to Adobe export for students","it-help@pitt.edu OR library@pitt.edu","P1","Not started"
"347","OCR","Resource page","pitt.edu","https://www.pitt.edu/search?q=PDF","85-96","Free outreach","https://ratpdf.com/guides/ocr-pdf","OCR PDF searchable","Accessibility: make scanned PDFs searchable for screen readers","it-help@pitt.edu OR library@pitt.edu","P1","Not started"
"348","OCR","Resource page","pitt.edu","https://www.pitt.edu/search?q=PDF","85-96","Free outreach","https://ratpdf.com/pdf-to-txt/ocr-pdf-to-text","OCR PDF to text","Library digitization scan-to-text workflow","it-help@pitt.edu OR library@pitt.edu","P1","Not started"
"349","Compress PDF","Resource page","drexel.edu","https://www.drexel.edu/search?q=PDF","85-96","Free outreach","https://ratpdf.com/compress-pdf","compress PDF online free","Campus email attachment limits - link to compression hub + size checker","it-help@drexel.edu OR library@drexel.edu","P1","Not started"
"350","Compress PDF","Resource page","drexel.edu","https://www.drexel.edu/search?q=PDF","85-96","Free outreach","https://ratpdf.com/research/attachment-size-limits","email attachment size limits","Cite original research table in IT help article","it-help@drexel.edu OR library@drexel.edu","P1","Not started"
"351","PDF to Text","Resource page","drexel.edu","https://www.drexel.edu/search?q=PDF","85-96","Free outreach","https://ratpdf.com/pdf-to-txt/how-do-i-convert-pdf-to-text","convert PDF to text","Student workflow: extract readings for notes","it-help@drexel.edu OR library@drexel.edu","P1","Not started"
"352","PDF to Text","Resource page","drexel.edu","https://www.drexel.edu/search?q=PDF","85-96","Free outreach","https://ratpdf.com/pdf-to-txt/pdf-to-text-online","PDF to text online","Alternative to Adobe export for students","it-help@drexel.edu OR library@drexel.edu","P1","Not started"
"353","OCR","Resource page","drexel.edu","https://www.drexel.edu/search?q=PDF","85-96","Free outreach","https://ratpdf.com/guides/ocr-pdf","OCR PDF searchable","Accessibility: make scanned PDFs searchable for screen readers","it-help@drexel.edu OR library@drexel.edu","P1","Not started"
"354","OCR","Resource page","drexel.edu","https://www.drexel.edu/search?q=PDF","85-96","Free outreach","https://ratpdf.com/pdf-to-txt/ocr-pdf-to-text","OCR PDF to text","Library digitization scan-to-text workflow","it-help@drexel.edu OR library@drexel.edu","P1","Not started"
"355","Compress PDF","Resource page","temple.edu","https://www.temple.edu/search?q=PDF","85-96","Free outreach","https://ratpdf.com/compress-pdf","compress PDF online free","Campus email attachment limits - link to compression hub + size checker","it-help@temple.edu OR library@temple.edu","P1","Not started"
"356","Compress PDF","Resource page","temple.edu","https://www.temple.edu/search?q=PDF","85-96","Free outreach","https://ratpdf.com/research/attachment-size-limits","email attachment size limits","Cite original research table in IT help article","it-help@temple.edu OR library@temple.edu","P1","Not started"
"357","PDF to Text","Resource page","temple.edu","https://www.temple.edu/search?q=PDF","85-96","Free outreach","https://ratpdf.com/pdf-to-txt/how-do-i-convert-pdf-to-text","convert PDF to text","Student workflow: extract readings for notes","it-help@temple.edu OR library@temple.edu","P1","Not started"
"358","PDF to Text","Resource page","temple.edu","https://www.temple.edu/search?q=PDF","85-96","Free outreach","https://ratpdf.com/pdf-to-txt/pdf-to-text-online","PDF to text online","Alternative to Adobe export for students","it-help@temple.edu OR library@temple.edu","P1","Not started"
"359","OCR","Resource page","temple.edu","https://www.temple.edu/search?q=PDF","85-96","Free outreach","https://ratpdf.com/guides/ocr-pdf","OCR PDF searchable","Accessibility: make scanned PDFs searchable for screen readers","it-help@temple.edu OR library@temple.edu","P1","Not started"
"360","OCR","Resource page","temple.edu","https://www.temple.edu/search?q=PDF","85-96","Free outreach","https://ratpdf.com/pdf-to-txt/ocr-pdf-to-text","OCR PDF to text","Library digitization scan-to-text workflow","it-help@temple.edu OR library@temple.edu","P1","Not started"
"361","Compress PDF","Resource page","syr.edu","https://www.syr.edu/search?q=PDF","85-96","Free outreach","https://ratpdf.com/compress-pdf","compress PDF online free","Campus email attachment limits - link to compression hub + size checker","it-help@syr.edu OR library@syr.edu","P1","Not started"
"362","Compress PDF","Resource page","syr.edu","https://www.syr.edu/search?q=PDF","85-96","Free outreach","https://ratpdf.com/research/attachment-size-limits","email attachment size limits","Cite original research table in IT help article","it-help@syr.edu OR library@syr.edu","P1","Not started"
"363","PDF to Text","Resource page","syr.edu","https://www.syr.edu/search?q=PDF","85-96","Free outreach","https://ratpdf.com/pdf-to-txt/how-do-i-convert-pdf-to-text","convert PDF to text","Student workflow: extract readings for notes","it-help@syr.edu OR library@syr.edu","P1","Not started"
"364","PDF to Text","Resource page","syr.edu","https://www.syr.edu/search?q=PDF","85-96","Free outreach","https://ratpdf.com/pdf-to-txt/pdf-to-text-online","PDF to text online","Alternative to Adobe export for students","it-help@syr.edu OR library@syr.edu","P1","Not started"
"365","OCR","Resource page","syr.edu","https://www.syr.edu/search?q=PDF","85-96","Free outreach","https://ratpdf.com/guides/ocr-pdf","OCR PDF searchable","Accessibility: make scanned PDFs searchable for screen readers","it-help@syr.edu OR library@syr.edu","P1","Not started"
"366","OCR","Resource page","syr.edu","https://www.syr.edu/search?q=PDF","85-96","Free outreach","https://ratpdf.com/pdf-to-txt/ocr-pdf-to-text","OCR PDF to text","Library digitization scan-to-text workflow","it-help@syr.edu OR library@syr.edu","P1","Not started"
"367","Compress PDF","Resource page","buffalo.edu","https://www.buffalo.edu/search?q=PDF","85-96","Free outreach","https://ratpdf.com/compress-pdf","compress PDF online free","Campus email attachment limits - link to compression hub + size checker","it-help@buffalo.edu OR library@buffalo.edu","P1","Not started"
"368","Compress PDF","Resource page","buffalo.edu","https://www.buffalo.edu/search?q=PDF","85-96","Free outreach","https://ratpdf.com/research/attachment-size-limits","email attachment size limits","Cite original research table in IT help article","it-help@buffalo.edu OR library@buffalo.edu","P1","Not started"
"369","PDF to Text","Resource page","buffalo.edu","https://www.buffalo.edu/search?q=PDF","85-96","Free outreach","https://ratpdf.com/pdf-to-txt/how-do-i-convert-pdf-to-text","convert PDF to text","Student workflow: extract readings for notes","it-help@buffalo.edu OR library@buffalo.edu","P1","Not started"
"370","PDF to Text","Resource page","buffalo.edu","https://www.buffalo.edu/search?q=PDF","85-96","Free outreach","https://ratpdf.com/pdf-to-txt/pdf-to-text-online","PDF to text online","Alternative to Adobe export for students","it-help@buffalo.edu OR library@buffalo.edu","P1","Not started"
"371","OCR","Resource page","buffalo.edu","https://www.buffalo.edu/search?q=PDF","85-96","Free outreach","https://ratpdf.com/guides/ocr-pdf","OCR PDF searchable","Accessibility: make scanned PDFs searchable for screen readers","it-help@buffalo.edu OR library@buffalo.edu","P1","Not started"
"372","OCR","Resource page","buffalo.edu","https://www.buffalo.edu/search?q=PDF","85-96","Free outreach","https://ratpdf.com/pdf-to-txt/ocr-pdf-to-text","OCR PDF to text","Library digitization scan-to-text workflow","it-help@buffalo.edu OR library@buffalo.edu","P1","Not started"
"373","Compress PDF","Resource page","lse.ac.uk","https://www.lse.ac.uk/search?q=PDF","85-96","Free outreach","https://ratpdf.com/compress-pdf","compress PDF online free","Campus email attachment limits - link to compression hub + size checker","it-help@lse.ac.uk OR library@lse.ac.uk","P1","Not started"
"374","Compress PDF","Resource page","lse.ac.uk","https://www.lse.ac.uk/search?q=PDF","85-96","Free outreach","https://ratpdf.com/research/attachment-size-limits","email attachment size limits","Cite original research table in IT help article","it-help@lse.ac.uk OR library@lse.ac.uk","P1","Not started"
"375","PDF to Text","Resource page","lse.ac.uk","https://www.lse.ac.uk/search?q=PDF","85-96","Free outreach","https://ratpdf.com/pdf-to-txt/how-do-i-convert-pdf-to-text","convert PDF to text","Student workflow: extract readings for notes","it-help@lse.ac.uk OR library@lse.ac.uk","P1","Not started"
"376","PDF to Text","Resource page","lse.ac.uk","https://www.lse.ac.uk/search?q=PDF","85-96","Free outreach","https://ratpdf.com/pdf-to-txt/pdf-to-text-online","PDF to text online","Alternative to Adobe export for students","it-help@lse.ac.uk OR library@lse.ac.uk","P1","Not started"
"377","OCR","Resource page","lse.ac.uk","https://www.lse.ac.uk/search?q=PDF","85-96","Free outreach","https://ratpdf.com/guides/ocr-pdf","OCR PDF searchable","Accessibility: make scanned PDFs searchable for screen readers","it-help@lse.ac.uk OR library@lse.ac.uk","P1","Not started"
"378","OCR","Resource page","lse.ac.uk","https://www.lse.ac.uk/search?q=PDF","85-96","Free outreach","https://ratpdf.com/pdf-to-txt/ocr-pdf-to-text","OCR PDF to text","Library digitization scan-to-text workflow","it-help@lse.ac.uk OR library@lse.ac.uk","P1","Not started"
"379","Compress PDF","Resource page","kcl.ac.uk","https://www.kcl.ac.uk/search?q=PDF","85-96","Free outreach","https://ratpdf.com/compress-pdf","compress PDF online free","Campus email attachment limits - link to compression hub + size checker","it-help@kcl.ac.uk OR library@kcl.ac.uk","P1","Not started"
"380","Compress PDF","Resource page","kcl.ac.uk","https://www.kcl.ac.uk/search?q=PDF","85-96","Free outreach","https://ratpdf.com/research/attachment-size-limits","email attachment size limits","Cite original research table in IT help article","it-help@kcl.ac.uk OR library@kcl.ac.uk","P1","Not started"
"381","PDF to Text","Resource page","kcl.ac.uk","https://www.kcl.ac.uk/search?q=PDF","85-96","Free outreach","https://ratpdf.com/pdf-to-txt/how-do-i-convert-pdf-to-text","convert PDF to text","Student workflow: extract readings for notes","it-help@kcl.ac.uk OR library@kcl.ac.uk","P1","Not started"
"382","PDF to Text","Resource page","kcl.ac.uk","https://www.kcl.ac.uk/search?q=PDF","85-96","Free outreach","https://ratpdf.com/pdf-to-txt/pdf-to-text-online","PDF to text online","Alternative to Adobe export for students","it-help@kcl.ac.uk OR library@kcl.ac.uk","P1","Not started"
"383","OCR","Resource page","kcl.ac.uk","https://www.kcl.ac.uk/search?q=PDF","85-96","Free outreach","https://ratpdf.com/guides/ocr-pdf","OCR PDF searchable","Accessibility: make scanned PDFs searchable for screen readers","it-help@kcl.ac.uk OR library@kcl.ac.uk","P1","Not started"
"384","OCR","Resource page","kcl.ac.uk","https://www.kcl.ac.uk/search?q=PDF","85-96","Free outreach","https://ratpdf.com/pdf-to-txt/ocr-pdf-to-text","OCR PDF to text","Library digitization scan-to-text workflow","it-help@kcl.ac.uk OR library@kcl.ac.uk","P1","Not started"
"385","Compress PDF","Resource page","manchester.ac.uk","https://www.manchester.ac.uk/search?q=PDF","85-96","Free outreach","https://ratpdf.com/compress-pdf","compress PDF online free","Campus email attachment limits - link to compression hub + size checker","it-help@manchester.ac.uk OR library@manchester.ac.uk","P1","Not started"
"386","Compress PDF","Resource page","manchester.ac.uk","https://www.manchester.ac.uk/search?q=PDF","85-96","Free outreach","https://ratpdf.com/research/attachment-size-limits","email attachment size limits","Cite original research table in IT help article","it-help@manchester.ac.uk OR library@manchester.ac.uk","P1","Not started"
"387","PDF to Text","Resource page","manchester.ac.uk","https://www.manchester.ac.uk/search?q=PDF","85-96","Free outreach","https://ratpdf.com/pdf-to-txt/how-do-i-convert-pdf-to-text","convert PDF to text","Student workflow: extract readings for notes","it-help@manchester.ac.uk OR library@manchester.ac.uk","P1","Not started"
"388","PDF to Text","Resource page","manchester.ac.uk","https://www.manchester.ac.uk/search?q=PDF","85-96","Free outreach","https://ratpdf.com/pdf-to-txt/pdf-to-text-online","PDF to text online","Alternative to Adobe export for students","it-help@manchester.ac.uk OR library@manchester.ac.uk","P1","Not started"
"389","OCR","Resource page","manchester.ac.uk","https://www.manchester.ac.uk/search?q=PDF","85-96","Free outreach","https://ratpdf.com/guides/ocr-pdf","OCR PDF searchable","Accessibility: make scanned PDFs searchable for screen readers","it-help@manchester.ac.uk OR library@manchester.ac.uk","P1","Not started"
"390","OCR","Resource page","manchester.ac.uk","https://www.manchester.ac.uk/search?q=PDF","85-96","Free outreach","https://ratpdf.com/pdf-to-txt/ocr-pdf-to-text","OCR PDF to text","Library digitization scan-to-text workflow","it-help@manchester.ac.uk OR library@manchester.ac.uk","P1","Not started"
"391","Compress PDF","Resource page","bristol.ac.uk","https://www.bristol.ac.uk/search?q=PDF","85-96","Free outreach","https://ratpdf.com/compress-pdf","compress PDF online free","Campus email attachment limits - link to compression hub + size checker","it-help@bristol.ac.uk OR library@bristol.ac.uk","P1","Not started"
"392","Compress PDF","Resource page","bristol.ac.uk","https://www.bristol.ac.uk/search?q=PDF","85-96","Free outreach","https://ratpdf.com/research/attachment-size-limits","email attachment size limits","Cite original research table in IT help article","it-help@bristol.ac.uk OR library@bristol.ac.uk","P1","Not started"
"393","PDF to Text","Resource page","bristol.ac.uk","https://www.bristol.ac.uk/search?q=PDF","85-96","Free outreach","https://ratpdf.com/pdf-to-txt/how-do-i-convert-pdf-to-text","convert PDF to text","Student workflow: extract readings for notes","it-help@bristol.ac.uk OR library@bristol.ac.uk","P1","Not started"
"394","PDF to Text","Resource page","bristol.ac.uk","https://www.bristol.ac.uk/search?q=PDF","85-96","Free outreach","https://ratpdf.com/pdf-to-txt/pdf-to-text-online","PDF to text online","Alternative to Adobe export for students","it-help@bristol.ac.uk OR library@bristol.ac.uk","P1","Not started"
"395","OCR","Resource page","bristol.ac.uk","https://www.bristol.ac.uk/search?q=PDF","85-96","Free outreach","https://ratpdf.com/guides/ocr-pdf","OCR PDF searchable","Accessibility: make scanned PDFs searchable for screen readers","it-help@bristol.ac.uk OR library@bristol.ac.uk","P1","Not started"
"396","OCR","Resource page","bristol.ac.uk","https://www.bristol.ac.uk/search?q=PDF","85-96","Free outreach","https://ratpdf.com/pdf-to-txt/ocr-pdf-to-text","OCR PDF to text","Library digitization scan-to-text workflow","it-help@bristol.ac.uk OR library@bristol.ac.uk","P1","Not started"
"397","Compress PDF","Resource page","warwick.ac.uk","https://www.warwick.ac.uk/search?q=PDF","85-96","Free outreach","https://ratpdf.com/compress-pdf","compress PDF online free","Campus email attachment limits - link to compression hub + size checker","it-help@warwick.ac.uk OR library@warwick.ac.uk","P1","Not started"
"398","Compress PDF","Resource page","warwick.ac.uk","https://www.warwick.ac.uk/search?q=PDF","85-96","Free outreach","https://ratpdf.com/research/attachment-size-limits","email attachment size limits","Cite original research table in IT help article","it-help@warwick.ac.uk OR library@warwick.ac.uk","P1","Not started"
"399","PDF to Text","Resource page","warwick.ac.uk","https://www.warwick.ac.uk/search?q=PDF","85-96","Free outreach","https://ratpdf.com/pdf-to-txt/how-do-i-convert-pdf-to-text","convert PDF to text","Student workflow: extract readings for notes","it-help@warwick.ac.uk OR library@warwick.ac.uk","P1","Not started"
"400","PDF to Text","Resource page","warwick.ac.uk","https://www.warwick.ac.uk/search?q=PDF","85-96","Free outreach","https://ratpdf.com/pdf-to-txt/pdf-to-text-online","PDF to text online","Alternative to Adobe export for students","it-help@warwick.ac.uk OR library@warwick.ac.uk","P1","Not started"
"401","OCR","Resource page","warwick.ac.uk","https://www.warwick.ac.uk/search?q=PDF","85-96","Free outreach","https://ratpdf.com/guides/ocr-pdf","OCR PDF searchable","Accessibility: make scanned PDFs searchable for screen readers","it-help@warwick.ac.uk OR library@warwick.ac.uk","P1","Not started"
"402","OCR","Resource page","warwick.ac.uk","https://www.warwick.ac.uk/search?q=PDF","85-96","Free outreach","https://ratpdf.com/pdf-to-txt/ocr-pdf-to-text","OCR PDF to text","Library digitization scan-to-text workflow","it-help@warwick.ac.uk OR library@warwick.ac.uk","P1","Not started"
"403","Compress PDF","Resource page","glasgow.ac.uk","https://www.glasgow.ac.uk/search?q=PDF","85-96","Free outreach","https://ratpdf.com/compress-pdf","compress PDF online free","Campus email attachment limits - link to compression hub + size checker","it-help@glasgow.ac.uk OR library@glasgow.ac.uk","P1","Not started"
"404","Compress PDF","Resource page","glasgow.ac.uk","https://www.glasgow.ac.uk/search?q=PDF","85-96","Free outreach","https://ratpdf.com/research/attachment-size-limits","email attachment size limits","Cite original research table in IT help article","it-help@glasgow.ac.uk OR library@glasgow.ac.uk","P1","Not started"
"405","PDF to Text","Resource page","glasgow.ac.uk","https://www.glasgow.ac.uk/search?q=PDF","85-96","Free outreach","https://ratpdf.com/pdf-to-txt/how-do-i-convert-pdf-to-text","convert PDF to text","Student workflow: extract readings for notes","it-help@glasgow.ac.uk OR library@glasgow.ac.uk","P1","Not started"
"406","PDF to Text","Resource page","glasgow.ac.uk","https://www.glasgow.ac.uk/search?q=PDF","85-96","Free outreach","https://ratpdf.com/pdf-to-txt/pdf-to-text-online","PDF to text online","Alternative to Adobe export for students","it-help@glasgow.ac.uk OR library@glasgow.ac.uk","P1","Not started"
"407","OCR","Resource page","glasgow.ac.uk","https://www.glasgow.ac.uk/search?q=PDF","85-96","Free outreach","https://ratpdf.com/guides/ocr-pdf","OCR PDF searchable","Accessibility: make scanned PDFs searchable for screen readers","it-help@glasgow.ac.uk OR library@glasgow.ac.uk","P1","Not started"
"408","OCR","Resource page","glasgow.ac.uk","https://www.glasgow.ac.uk/search?q=PDF","85-96","Free outreach","https://ratpdf.com/pdf-to-txt/ocr-pdf-to-text","OCR PDF to text","Library digitization scan-to-text workflow","it-help@glasgow.ac.uk OR library@glasgow.ac.uk","P1","Not started"
"409","Compress PDF","Resource page","leeds.ac.uk","https://www.leeds.ac.uk/search?q=PDF","85-96","Free outreach","https://ratpdf.com/compress-pdf","compress PDF online free","Campus email attachment limits - link to compression hub + size checker","it-help@leeds.ac.uk OR library@leeds.ac.uk","P1","Not started"
"410","Compress PDF","Resource page","leeds.ac.uk","https://www.leeds.ac.uk/search?q=PDF","85-96","Free outreach","https://ratpdf.com/research/attachment-size-limits","email attachment size limits","Cite original research table in IT help article","it-help@leeds.ac.uk OR library@leeds.ac.uk","P1","Not started"
"411","PDF to Text","Resource page","leeds.ac.uk","https://www.leeds.ac.uk/search?q=PDF","85-96","Free outreach","https://ratpdf.com/pdf-to-txt/how-do-i-convert-pdf-to-text","convert PDF to text","Student workflow: extract readings for notes","it-help@leeds.ac.uk OR library@leeds.ac.uk","P1","Not started"
"412","PDF to Text","Resource page","leeds.ac.uk","https://www.leeds.ac.uk/search?q=PDF","85-96","Free outreach","https://ratpdf.com/pdf-to-txt/pdf-to-text-online","PDF to text online","Alternative to Adobe export for students","it-help@leeds.ac.uk OR library@leeds.ac.uk","P1","Not started"
"413","OCR","Resource page","leeds.ac.uk","https://www.leeds.ac.uk/search?q=PDF","85-96","Free outreach","https://ratpdf.com/guides/ocr-pdf","OCR PDF searchable","Accessibility: make scanned PDFs searchable for screen readers","it-help@leeds.ac.uk OR library@leeds.ac.uk","P1","Not started"
"414","OCR","Resource page","leeds.ac.uk","https://www.leeds.ac.uk/search?q=PDF","85-96","Free outreach","https://ratpdf.com/pdf-to-txt/ocr-pdf-to-text","OCR PDF to text","Library digitization scan-to-text workflow","it-help@leeds.ac.uk OR library@leeds.ac.uk","P1","Not started"
"415","Compress PDF","Resource page","sheffield.ac.uk","https://www.sheffield.ac.uk/search?q=PDF","85-96","Free outreach","https://ratpdf.com/compress-pdf","compress PDF online free","Campus email attachment limits - link to compression hub + size checker","it-help@sheffield.ac.uk OR library@sheffield.ac.uk","P1","Not started"
"416","Compress PDF","Resource page","sheffield.ac.uk","https://www.sheffield.ac.uk/search?q=PDF","85-96","Free outreach","https://ratpdf.com/research/attachment-size-limits","email attachment size limits","Cite original research table in IT help article","it-help@sheffield.ac.uk OR library@sheffield.ac.uk","P1","Not started"
"417","PDF to Text","Resource page","sheffield.ac.uk","https://www.sheffield.ac.uk/search?q=PDF","85-96","Free outreach","https://ratpdf.com/pdf-to-txt/how-do-i-convert-pdf-to-text","convert PDF to text","Student workflow: extract readings for notes","it-help@sheffield.ac.uk OR library@sheffield.ac.uk","P1","Not started"
"418","PDF to Text","Resource page","sheffield.ac.uk","https://www.sheffield.ac.uk/search?q=PDF","85-96","Free outreach","https://ratpdf.com/pdf-to-txt/pdf-to-text-online","PDF to text online","Alternative to Adobe export for students","it-help@sheffield.ac.uk OR library@sheffield.ac.uk","P1","Not started"
"419","OCR","Resource page","sheffield.ac.uk","https://www.sheffield.ac.uk/search?q=PDF","85-96","Free outreach","https://ratpdf.com/guides/ocr-pdf","OCR PDF searchable","Accessibility: make scanned PDFs searchable for screen readers","it-help@sheffield.ac.uk OR library@sheffield.ac.uk","P1","Not started"
"420","OCR","Resource page","sheffield.ac.uk","https://www.sheffield.ac.uk/search?q=PDF","85-96","Free outreach","https://ratpdf.com/pdf-to-txt/ocr-pdf-to-text","OCR PDF to text","Library digitization scan-to-text workflow","it-help@sheffield.ac.uk OR library@sheffield.ac.uk","P1","Not started"
"421","Compress PDF","Resource page","nottingham.ac.uk","https://www.nottingham.ac.uk/search?q=PDF","85-96","Free outreach","https://ratpdf.com/compress-pdf","compress PDF online free","Campus email attachment limits - link to compression hub + size checker","it-help@nottingham.ac.uk OR library@nottingham.ac.uk","P1","Not started"
"422","Compress PDF","Resource page","nottingham.ac.uk","https://www.nottingham.ac.uk/search?q=PDF","85-96","Free outreach","https://ratpdf.com/research/attachment-size-limits","email attachment size limits","Cite original research table in IT help article","it-help@nottingham.ac.uk OR library@nottingham.ac.uk","P1","Not started"
"423","PDF to Text","Resource page","nottingham.ac.uk","https://www.nottingham.ac.uk/search?q=PDF","85-96","Free outreach","https://ratpdf.com/pdf-to-txt/how-do-i-convert-pdf-to-text","convert PDF to text","Student workflow: extract readings for notes","it-help@nottingham.ac.uk OR library@nottingham.ac.uk","P1","Not started"
"424","PDF to Text","Resource page","nottingham.ac.uk","https://www.nottingham.ac.uk/search?q=PDF","85-96","Free outreach","https://ratpdf.com/pdf-to-txt/pdf-to-text-online","PDF to text online","Alternative to Adobe export for students","it-help@nottingham.ac.uk OR library@nottingham.ac.uk","P1","Not started"
"425","OCR","Resource page","nottingham.ac.uk","https://www.nottingham.ac.uk/search?q=PDF","85-96","Free outreach","https://ratpdf.com/guides/ocr-pdf","OCR PDF searchable","Accessibility: make scanned PDFs searchable for screen readers","it-help@nottingham.ac.uk OR library@nottingham.ac.uk","P1","Not started"
"426","OCR","Resource page","nottingham.ac.uk","https://www.nottingham.ac.uk/search?q=PDF","85-96","Free outreach","https://ratpdf.com/pdf-to-txt/ocr-pdf-to-text","OCR PDF to text","Library digitization scan-to-text workflow","it-help@nottingham.ac.uk OR library@nottingham.ac.uk","P1","Not started"
"427","Compress PDF","Resource page","birmingham.ac.uk","https://www.birmingham.ac.uk/search?q=PDF","85-96","Free outreach","https://ratpdf.com/compress-pdf","compress PDF online free","Campus email attachment limits - link to compression hub + size checker","it-help@birmingham.ac.uk OR library@birmingham.ac.uk","P1","Not started"
"428","Compress PDF","Resource page","birmingham.ac.uk","https://www.birmingham.ac.uk/search?q=PDF","85-96","Free outreach","https://ratpdf.com/research/attachment-size-limits","email attachment size limits","Cite original research table in IT help article","it-help@birmingham.ac.uk OR library@birmingham.ac.uk","P1","Not started"
"429","PDF to Text","Resource page","birmingham.ac.uk","https://www.birmingham.ac.uk/search?q=PDF","85-96","Free outreach","https://ratpdf.com/pdf-to-txt/how-do-i-convert-pdf-to-text","convert PDF to text","Student workflow: extract readings for notes","it-help@birmingham.ac.uk OR library@birmingham.ac.uk","P1","Not started"
"430","PDF to Text","Resource page","birmingham.ac.uk","https://www.birmingham.ac.uk/search?q=PDF","85-96","Free outreach","https://ratpdf.com/pdf-to-txt/pdf-to-text-online","PDF to text online","Alternative to Adobe export for students","it-help@birmingham.ac.uk OR library@birmingham.ac.uk","P1","Not started"
"431","OCR","Resource page","birmingham.ac.uk","https://www.birmingham.ac.uk/search?q=PDF","85-96","Free outreach","https://ratpdf.com/guides/ocr-pdf","OCR PDF searchable","Accessibility: make scanned PDFs searchable for screen readers","it-help@birmingham.ac.uk OR library@birmingham.ac.uk","P1","Not started"
"432","OCR","Resource page","birmingham.ac.uk","https://www.birmingham.ac.uk/search?q=PDF","85-96","Free outreach","https://ratpdf.com/pdf-to-txt/ocr-pdf-to-text","OCR PDF to text","Library digitization scan-to-text workflow","it-help@birmingham.ac.uk OR library@birmingham.ac.uk","P1","Not started"
"433","Compress PDF","Resource page","durham.ac.uk","https://www.durham.ac.uk/search?q=PDF","85-96","Free outreach","https://ratpdf.com/compress-pdf","compress PDF online free","Campus email attachment limits - link to compression hub + size checker","it-help@durham.ac.uk OR library@durham.ac.uk","P1","Not started"
"434","Compress PDF","Resource page","durham.ac.uk","https://www.durham.ac.uk/search?q=PDF","85-96","Free outreach","https://ratpdf.com/research/attachment-size-limits","email attachment size limits","Cite original research table in IT help article","it-help@durham.ac.uk OR library@durham.ac.uk","P1","Not started"
"435","PDF to Text","Resource page","durham.ac.uk","https://www.durham.ac.uk/search?q=PDF","85-96","Free outreach","https://ratpdf.com/pdf-to-txt/how-do-i-convert-pdf-to-text","convert PDF to text","Student workflow: extract readings for notes","it-help@durham.ac.uk OR library@durham.ac.uk","P1","Not started"
"436","PDF to Text","Resource page","durham.ac.uk","https://www.durham.ac.uk/search?q=PDF","85-96","Free outreach","https://ratpdf.com/pdf-to-txt/pdf-to-text-online","PDF to text online","Alternative to Adobe export for students","it-help@durham.ac.uk OR library@durham.ac.uk","P1","Not started"
"437","OCR","Resource page","durham.ac.uk","https://www.durham.ac.uk/search?q=PDF","85-96","Free outreach","https://ratpdf.com/guides/ocr-pdf","OCR PDF searchable","Accessibility: make scanned PDFs searchable for screen readers","it-help@durham.ac.uk OR library@durham.ac.uk","P1","Not started"
"438","OCR","Resource page","durham.ac.uk","https://www.durham.ac.uk/search?q=PDF","85-96","Free outreach","https://ratpdf.com/pdf-to-txt/ocr-pdf-to-text","OCR PDF to text","Library digitization scan-to-text workflow","it-help@durham.ac.uk OR library@durham.ac.uk","P1","Not started"
"439","Compress PDF","Resource page","exeter.ac.uk","https://www.exeter.ac.uk/search?q=PDF","85-96","Free outreach","https://ratpdf.com/compress-pdf","compress PDF online free","Campus email attachment limits - link to compression hub + size checker","it-help@exeter.ac.uk OR library@exeter.ac.uk","P1","Not started"
"440","Compress PDF","Resource page","exeter.ac.uk","https://www.exeter.ac.uk/search?q=PDF","85-96","Free outreach","https://ratpdf.com/research/attachment-size-limits","email attachment size limits","Cite original research table in IT help article","it-help@exeter.ac.uk OR library@exeter.ac.uk","P1","Not started"
"441","PDF to Text","Resource page","exeter.ac.uk","https://www.exeter.ac.uk/search?q=PDF","85-96","Free outreach","https://ratpdf.com/pdf-to-txt/how-do-i-convert-pdf-to-text","convert PDF to text","Student workflow: extract readings for notes","it-help@exeter.ac.uk OR library@exeter.ac.uk","P1","Not started"
"442","PDF to Text","Resource page","exeter.ac.uk","https://www.exeter.ac.uk/search?q=PDF","85-96","Free outreach","https://ratpdf.com/pdf-to-txt/pdf-to-text-online","PDF to text online","Alternative to Adobe export for students","it-help@exeter.ac.uk OR library@exeter.ac.uk","P1","Not started"
"443","OCR","Resource page","exeter.ac.uk","https://www.exeter.ac.uk/search?q=PDF","85-96","Free outreach","https://ratpdf.com/guides/ocr-pdf","OCR PDF searchable","Accessibility: make scanned PDFs searchable for screen readers","it-help@exeter.ac.uk OR library@exeter.ac.uk","P1","Not started"
"444","OCR","Resource page","exeter.ac.uk","https://www.exeter.ac.uk/search?q=PDF","85-96","Free outreach","https://ratpdf.com/pdf-to-txt/ocr-pdf-to-text","OCR PDF to text","Library digitization scan-to-text workflow","it-help@exeter.ac.uk OR library@exeter.ac.uk","P1","Not started"
"445","Compress PDF","Resource page","york.ac.uk","https://www.york.ac.uk/search?q=PDF","85-96","Free outreach","https://ratpdf.com/compress-pdf","compress PDF online free","Campus email attachment limits - link to compression hub + size checker","it-help@york.ac.uk OR library@york.ac.uk","P1","Not started"
"446","Compress PDF","Resource page","york.ac.uk","https://www.york.ac.uk/search?q=PDF","85-96","Free outreach","https://ratpdf.com/research/attachment-size-limits","email attachment size limits","Cite original research table in IT help article","it-help@york.ac.uk OR library@york.ac.uk","P1","Not started"
"447","PDF to Text","Resource page","york.ac.uk","https://www.york.ac.uk/search?q=PDF","85-96","Free outreach","https://ratpdf.com/pdf-to-txt/how-do-i-convert-pdf-to-text","convert PDF to text","Student workflow: extract readings for notes","it-help@york.ac.uk OR library@york.ac.uk","P1","Not started"
"448","PDF to Text","Resource page","york.ac.uk","https://www.york.ac.uk/search?q=PDF","85-96","Free outreach","https://ratpdf.com/pdf-to-txt/pdf-to-text-online","PDF to text online","Alternative to Adobe export for students","it-help@york.ac.uk OR library@york.ac.uk","P1","Not started"
"449","OCR","Resource page","york.ac.uk","https://www.york.ac.uk/search?q=PDF","85-96","Free outreach","https://ratpdf.com/guides/ocr-pdf","OCR PDF searchable","Accessibility: make scanned PDFs searchable for screen readers","it-help@york.ac.uk OR library@york.ac.uk","P1","Not started"
"450","OCR","Resource page","york.ac.uk","https://www.york.ac.uk/search?q=PDF","85-96","Free outreach","https://ratpdf.com/pdf-to-txt/ocr-pdf-to-text","OCR PDF to text","Library digitization scan-to-text workflow","it-help@york.ac.uk OR library@york.ac.uk","P1","Not started"
"451","Compress PDF","Resource page","mcgill.ca","https://www.mcgill.ca/search?q=PDF","85-96","Free outreach","https://ratpdf.com/compress-pdf","compress PDF online free","Campus email attachment limits - link to compression hub + size checker","it-help@mcgill.ca OR library@mcgill.ca","P1","Not started"
"452","Compress PDF","Resource page","mcgill.ca","https://www.mcgill.ca/search?q=PDF","85-96","Free outreach","https://ratpdf.com/research/attachment-size-limits","email attachment size limits","Cite original research table in IT help article","it-help@mcgill.ca OR library@mcgill.ca","P1","Not started"
"453","PDF to Text","Resource page","mcgill.ca","https://www.mcgill.ca/search?q=PDF","85-96","Free outreach","https://ratpdf.com/pdf-to-txt/how-do-i-convert-pdf-to-text","convert PDF to text","Student workflow: extract readings for notes","it-help@mcgill.ca OR library@mcgill.ca","P1","Not started"
"454","PDF to Text","Resource page","mcgill.ca","https://www.mcgill.ca/search?q=PDF","85-96","Free outreach","https://ratpdf.com/pdf-to-txt/pdf-to-text-online","PDF to text online","Alternative to Adobe export for students","it-help@mcgill.ca OR library@mcgill.ca","P1","Not started"
"455","OCR","Resource page","mcgill.ca","https://www.mcgill.ca/search?q=PDF","85-96","Free outreach","https://ratpdf.com/guides/ocr-pdf","OCR PDF searchable","Accessibility: make scanned PDFs searchable for screen readers","it-help@mcgill.ca OR library@mcgill.ca","P1","Not started"
"456","OCR","Resource page","mcgill.ca","https://www.mcgill.ca/search?q=PDF","85-96","Free outreach","https://ratpdf.com/pdf-to-txt/ocr-pdf-to-text","OCR PDF to text","Library digitization scan-to-text workflow","it-help@mcgill.ca OR library@mcgill.ca","P1","Not started"
"457","Compress PDF","Resource page","ualberta.ca","https://www.ualberta.ca/search?q=PDF","85-96","Free outreach","https://ratpdf.com/compress-pdf","compress PDF online free","Campus email attachment limits - link to compression hub + size checker","it-help@ualberta.ca OR library@ualberta.ca","P1","Not started"
"458","Compress PDF","Resource page","ualberta.ca","https://www.ualberta.ca/search?q=PDF","85-96","Free outreach","https://ratpdf.com/research/attachment-size-limits","email attachment size limits","Cite original research table in IT help article","it-help@ualberta.ca OR library@ualberta.ca","P1","Not started"
"459","PDF to Text","Resource page","ualberta.ca","https://www.ualberta.ca/search?q=PDF","85-96","Free outreach","https://ratpdf.com/pdf-to-txt/how-do-i-convert-pdf-to-text","convert PDF to text","Student workflow: extract readings for notes","it-help@ualberta.ca OR library@ualberta.ca","P1","Not started"
"460","PDF to Text","Resource page","ualberta.ca","https://www.ualberta.ca/search?q=PDF","85-96","Free outreach","https://ratpdf.com/pdf-to-txt/pdf-to-text-online","PDF to text online","Alternative to Adobe export for students","it-help@ualberta.ca OR library@ualberta.ca","P1","Not started"
"461","OCR","Resource page","ualberta.ca","https://www.ualberta.ca/search?q=PDF","85-96","Free outreach","https://ratpdf.com/guides/ocr-pdf","OCR PDF searchable","Accessibility: make scanned PDFs searchable for screen readers","it-help@ualberta.ca OR library@ualberta.ca","P1","Not started"
"462","OCR","Resource page","ualberta.ca","https://www.ualberta.ca/search?q=PDF","85-96","Free outreach","https://ratpdf.com/pdf-to-txt/ocr-pdf-to-text","OCR PDF to text","Library digitization scan-to-text workflow","it-help@ualberta.ca OR library@ualberta.ca","P1","Not started"
"463","Compress PDF","Resource page","uwaterloo.ca","https://www.uwaterloo.ca/search?q=PDF","85-96","Free outreach","https://ratpdf.com/compress-pdf","compress PDF online free","Campus email attachment limits - link to compression hub + size checker","it-help@uwaterloo.ca OR library@uwaterloo.ca","P1","Not started"
"464","Compress PDF","Resource page","uwaterloo.ca","https://www.uwaterloo.ca/search?q=PDF","85-96","Free outreach","https://ratpdf.com/research/attachment-size-limits","email attachment size limits","Cite original research table in IT help article","it-help@uwaterloo.ca OR library@uwaterloo.ca","P1","Not started"
"465","PDF to Text","Resource page","uwaterloo.ca","https://www.uwaterloo.ca/search?q=PDF","85-96","Free outreach","https://ratpdf.com/pdf-to-txt/how-do-i-convert-pdf-to-text","convert PDF to text","Student workflow: extract readings for notes","it-help@uwaterloo.ca OR library@uwaterloo.ca","P1","Not started"
"466","PDF to Text","Resource page","uwaterloo.ca","https://www.uwaterloo.ca/search?q=PDF","85-96","Free outreach","https://ratpdf.com/pdf-to-txt/pdf-to-text-online","PDF to text online","Alternative to Adobe export for students","it-help@uwaterloo.ca OR library@uwaterloo.ca","P1","Not started"
"467","OCR","Resource page","uwaterloo.ca","https://www.uwaterloo.ca/search?q=PDF","85-96","Free outreach","https://ratpdf.com/guides/ocr-pdf","OCR PDF searchable","Accessibility: make scanned PDFs searchable for screen readers","it-help@uwaterloo.ca OR library@uwaterloo.ca","P1","Not started"
"468","OCR","Resource page","uwaterloo.ca","https://www.uwaterloo.ca/search?q=PDF","85-96","Free outreach","https://ratpdf.com/pdf-to-txt/ocr-pdf-to-text","OCR PDF to text","Library digitization scan-to-text workflow","it-help@uwaterloo.ca OR library@uwaterloo.ca","P1","Not started"
"469","Compress PDF","Resource page","sfu.ca","https://www.sfu.ca/search?q=PDF","85-96","Free outreach","https://ratpdf.com/compress-pdf","compress PDF online free","Campus email attachment limits - link to compression hub + size checker","it-help@sfu.ca OR library@sfu.ca","P1","Not started"
"470","Compress PDF","Resource page","sfu.ca","https://www.sfu.ca/search?q=PDF","85-96","Free outreach","https://ratpdf.com/research/attachment-size-limits","email attachment size limits","Cite original research table in IT help article","it-help@sfu.ca OR library@sfu.ca","P1","Not started"
"471","PDF to Text","Resource page","sfu.ca","https://www.sfu.ca/search?q=PDF","85-96","Free outreach","https://ratpdf.com/pdf-to-txt/how-do-i-convert-pdf-to-text","convert PDF to text","Student workflow: extract readings for notes","it-help@sfu.ca OR library@sfu.ca","P1","Not started"
"472","PDF to Text","Resource page","sfu.ca","https://www.sfu.ca/search?q=PDF","85-96","Free outreach","https://ratpdf.com/pdf-to-txt/pdf-to-text-online","PDF to text online","Alternative to Adobe export for students","it-help@sfu.ca OR library@sfu.ca","P1","Not started"
"473","OCR","Resource page","sfu.ca","https://www.sfu.ca/search?q=PDF","85-96","Free outreach","https://ratpdf.com/guides/ocr-pdf","OCR PDF searchable","Accessibility: make scanned PDFs searchable for screen readers","it-help@sfu.ca OR library@sfu.ca","P1","Not started"
"474","OCR","Resource page","sfu.ca","https://www.sfu.ca/search?q=PDF","85-96","Free outreach","https://ratpdf.com/pdf-to-txt/ocr-pdf-to-text","OCR PDF to text","Library digitization scan-to-text workflow","it-help@sfu.ca OR library@sfu.ca","P1","Not started"
"475","Compress PDF","Resource page","uvic.ca","https://www.uvic.ca/search?q=PDF","85-96","Free outreach","https://ratpdf.com/compress-pdf","compress PDF online free","Campus email attachment limits - link to compression hub + size checker","it-help@uvic.ca OR library@uvic.ca","P1","Not started"
"476","Compress PDF","Resource page","uvic.ca","https://www.uvic.ca/search?q=PDF","85-96","Free outreach","https://ratpdf.com/research/attachment-size-limits","email attachment size limits","Cite original research table in IT help article","it-help@uvic.ca OR library@uvic.ca","P1","Not started"
"477","PDF to Text","Resource page","uvic.ca","https://www.uvic.ca/search?q=PDF","85-96","Free outreach","https://ratpdf.com/pdf-to-txt/how-do-i-convert-pdf-to-text","convert PDF to text","Student workflow: extract readings for notes","it-help@uvic.ca OR library@uvic.ca","P1","Not started"
"478","PDF to Text","Resource page","uvic.ca","https://www.uvic.ca/search?q=PDF","85-96","Free outreach","https://ratpdf.com/pdf-to-txt/pdf-to-text-online","PDF to text online","Alternative to Adobe export for students","it-help@uvic.ca OR library@uvic.ca","P1","Not started"
"479","OCR","Resource page","uvic.ca","https://www.uvic.ca/search?q=PDF","85-96","Free outreach","https://ratpdf.com/guides/ocr-pdf","OCR PDF searchable","Accessibility: make scanned PDFs searchable for screen readers","it-help@uvic.ca OR library@uvic.ca","P1","Not started"
"480","OCR","Resource page","uvic.ca","https://www.uvic.ca/search?q=PDF","85-96","Free outreach","https://ratpdf.com/pdf-to-txt/ocr-pdf-to-text","OCR PDF to text","Library digitization scan-to-text workflow","it-help@uvic.ca OR library@uvic.ca","P1","Not started"
"481","Compress PDF","Resource page","queensu.ca","https://www.queensu.ca/search?q=PDF","85-96","Free outreach","https://ratpdf.com/compress-pdf","compress PDF online free","Campus email attachment limits - link to compression hub + size checker","it-help@queensu.ca OR library@queensu.ca","P1","Not started"
"482","Compress PDF","Resource page","queensu.ca","https://www.queensu.ca/search?q=PDF","85-96","Free outreach","https://ratpdf.com/research/attachment-size-limits","email attachment size limits","Cite original research table in IT help article","it-help@queensu.ca OR library@queensu.ca","P1","Not started"
"483","PDF to Text","Resource page","queensu.ca","https://www.queensu.ca/search?q=PDF","85-96","Free outreach","https://ratpdf.com/pdf-to-txt/how-do-i-convert-pdf-to-text","convert PDF to text","Student workflow: extract readings for notes","it-help@queensu.ca OR library@queensu.ca","P1","Not started"
"484","PDF to Text","Resource page","queensu.ca","https://www.queensu.ca/search?q=PDF","85-96","Free outreach","https://ratpdf.com/pdf-to-txt/pdf-to-text-online","PDF to text online","Alternative to Adobe export for students","it-help@queensu.ca OR library@queensu.ca","P1","Not started"
"485","OCR","Resource page","queensu.ca","https://www.queensu.ca/search?q=PDF","85-96","Free outreach","https://ratpdf.com/guides/ocr-pdf","OCR PDF searchable","Accessibility: make scanned PDFs searchable for screen readers","it-help@queensu.ca OR library@queensu.ca","P1","Not started"
"486","OCR","Resource page","queensu.ca","https://www.queensu.ca/search?q=PDF","85-96","Free outreach","https://ratpdf.com/pdf-to-txt/ocr-pdf-to-text","OCR PDF to text","Library digitization scan-to-text workflow","it-help@queensu.ca OR library@queensu.ca","P1","Not started"
"487","Compress PDF","Resource page","yorku.ca","https://www.yorku.ca/search?q=PDF","85-96","Free outreach","https://ratpdf.com/compress-pdf","compress PDF online free","Campus email attachment limits - link to compression hub + size checker","it-help@yorku.ca OR library@yorku.ca","P1","Not started"
"488","Compress PDF","Resource page","yorku.ca","https://www.yorku.ca/search?q=PDF","85-96","Free outreach","https://ratpdf.com/research/attachment-size-limits","email attachment size limits","Cite original research table in IT help article","it-help@yorku.ca OR library@yorku.ca","P1","Not started"
"489","PDF to Text","Resource page","yorku.ca","https://www.yorku.ca/search?q=PDF","85-96","Free outreach","https://ratpdf.com/pdf-to-txt/how-do-i-convert-pdf-to-text","convert PDF to text","Student workflow: extract readings for notes","it-help@yorku.ca OR library@yorku.ca","P1","Not started"
"490","PDF to Text","Resource page","yorku.ca","https://www.yorku.ca/search?q=PDF","85-96","Free outreach","https://ratpdf.com/pdf-to-txt/pdf-to-text-online","PDF to text online","Alternative to Adobe export for students","it-help@yorku.ca OR library@yorku.ca","P1","Not started"
"491","OCR","Resource page","yorku.ca","https://www.yorku.ca/search?q=PDF","85-96","Free outreach","https://ratpdf.com/guides/ocr-pdf","OCR PDF searchable","Accessibility: make scanned PDFs searchable for screen readers","it-help@yorku.ca OR library@yorku.ca","P1","Not started"
"492","OCR","Resource page","yorku.ca","https://www.yorku.ca/search?q=PDF","85-96","Free outreach","https://ratpdf.com/pdf-to-txt/ocr-pdf-to-text","OCR PDF to text","Library digitization scan-to-text workflow","it-help@yorku.ca OR library@yorku.ca","P1","Not started"
"493","Compress PDF","Resource page","unsw.edu.au","https://www.unsw.edu.au/search?q=PDF","85-96","Free outreach","https://ratpdf.com/compress-pdf","compress PDF online free","Campus email attachment limits - link to compression hub + size checker","it-help@unsw.edu.au OR library@unsw.edu.au","P1","Not started"
"494","Compress PDF","Resource page","unsw.edu.au","https://www.unsw.edu.au/search?q=PDF","85-96","Free outreach","https://ratpdf.com/research/attachment-size-limits","email attachment size limits","Cite original research table in IT help article","it-help@unsw.edu.au OR library@unsw.edu.au","P1","Not started"
"495","PDF to Text","Resource page","unsw.edu.au","https://www.unsw.edu.au/search?q=PDF","85-96","Free outreach","https://ratpdf.com/pdf-to-txt/how-do-i-convert-pdf-to-text","convert PDF to text","Student workflow: extract readings for notes","it-help@unsw.edu.au OR library@unsw.edu.au","P1","Not started"
"496","PDF to Text","Resource page","unsw.edu.au","https://www.unsw.edu.au/search?q=PDF","85-96","Free outreach","https://ratpdf.com/pdf-to-txt/pdf-to-text-online","PDF to text online","Alternative to Adobe export for students","it-help@unsw.edu.au OR library@unsw.edu.au","P1","Not started"
"497","OCR","Resource page","unsw.edu.au","https://www.unsw.edu.au/search?q=PDF","85-96","Free outreach","https://ratpdf.com/guides/ocr-pdf","OCR PDF searchable","Accessibility: make scanned PDFs searchable for screen readers","it-help@unsw.edu.au OR library@unsw.edu.au","P1","Not started"
"498","OCR","Resource page","unsw.edu.au","https://www.unsw.edu.au/search?q=PDF","85-96","Free outreach","https://ratpdf.com/pdf-to-txt/ocr-pdf-to-text","OCR PDF to text","Library digitization scan-to-text workflow","it-help@unsw.edu.au OR library@unsw.edu.au","P1","Not started"
"499","Compress PDF","Resource page","anu.edu.au","https://www.anu.edu.au/search?q=PDF","85-96","Free outreach","https://ratpdf.com/compress-pdf","compress PDF online free","Campus email attachment limits - link to compression hub + size checker","it-help@anu.edu.au OR library@anu.edu.au","P1","Not started"
"500","Compress PDF","Resource page","anu.edu.au","https://www.anu.edu.au/search?q=PDF","85-96","Free outreach","https://ratpdf.com/research/attachment-size-limits","email attachment size limits","Cite original research table in IT help article","it-help@anu.edu.au OR library@anu.edu.au","P1","Not started"
"501","PDF to Text","Resource page","anu.edu.au","https://www.anu.edu.au/search?q=PDF","85-96","Free outreach","https://ratpdf.com/pdf-to-txt/how-do-i-convert-pdf-to-text","convert PDF to text","Student workflow: extract readings for notes","it-help@anu.edu.au OR library@anu.edu.au","P1","Not started"
"502","PDF to Text","Resource page","anu.edu.au","https://www.anu.edu.au/search?q=PDF","85-96","Free outreach","https://ratpdf.com/pdf-to-txt/pdf-to-text-online","PDF to text online","Alternative to Adobe export for students","it-help@anu.edu.au OR library@anu.edu.au","P1","Not started"
"503","OCR","Resource page","anu.edu.au","https://www.anu.edu.au/search?q=PDF","85-96","Free outreach","https://ratpdf.com/guides/ocr-pdf","OCR PDF searchable","Accessibility: make scanned PDFs searchable for screen readers","it-help@anu.edu.au OR library@anu.edu.au","P1","Not started"
"504","OCR","Resource page","anu.edu.au","https://www.anu.edu.au/search?q=PDF","85-96","Free outreach","https://ratpdf.com/pdf-to-txt/ocr-pdf-to-text","OCR PDF to text","Library digitization scan-to-text workflow","it-help@anu.edu.au OR library@anu.edu.au","P1","Not started"
"505","Compress PDF","Resource page","monash.edu","https://www.monash.edu/search?q=PDF","85-96","Free outreach","https://ratpdf.com/compress-pdf","compress PDF online free","Campus email attachment limits - link to compression hub + size checker","it-help@monash.edu OR library@monash.edu","P1","Not started"
"506","Compress PDF","Resource page","monash.edu","https://www.monash.edu/search?q=PDF","85-96","Free outreach","https://ratpdf.com/research/attachment-size-limits","email attachment size limits","Cite original research table in IT help article","it-help@monash.edu OR library@monash.edu","P1","Not started"
"507","PDF to Text","Resource page","monash.edu","https://www.monash.edu/search?q=PDF","85-96","Free outreach","https://ratpdf.com/pdf-to-txt/how-do-i-convert-pdf-to-text","convert PDF to text","Student workflow: extract readings for notes","it-help@monash.edu OR library@monash.edu","P1","Not started"
"508","PDF to Text","Resource page","monash.edu","https://www.monash.edu/search?q=PDF","85-96","Free outreach","https://ratpdf.com/pdf-to-txt/pdf-to-text-online","PDF to text online","Alternative to Adobe export for students","it-help@monash.edu OR library@monash.edu","P1","Not started"
"509","OCR","Resource page","monash.edu","https://www.monash.edu/search?q=PDF","85-96","Free outreach","https://ratpdf.com/guides/ocr-pdf","OCR PDF searchable","Accessibility: make scanned PDFs searchable for screen readers","it-help@monash.edu OR library@monash.edu","P1","Not started"
"510","OCR","Resource page","monash.edu","https://www.monash.edu/search?q=PDF","85-96","Free outreach","https://ratpdf.com/pdf-to-txt/ocr-pdf-to-text","OCR PDF to text","Library digitization scan-to-text workflow","it-help@monash.edu OR library@monash.edu","P1","Not started"
"511","Compress PDF","Resource page","uq.edu.au","https://www.uq.edu.au/search?q=PDF","85-96","Free outreach","https://ratpdf.com/compress-pdf","compress PDF online free","Campus email attachment limits - link to compression hub + size checker","it-help@uq.edu.au OR library@uq.edu.au","P1","Not started"
"512","Compress PDF","Resource page","uq.edu.au","https://www.uq.edu.au/search?q=PDF","85-96","Free outreach","https://ratpdf.com/research/attachment-size-limits","email attachment size limits","Cite original research table in IT help article","it-help@uq.edu.au OR library@uq.edu.au","P1","Not started"
"513","PDF to Text","Resource page","uq.edu.au","https://www.uq.edu.au/search?q=PDF","85-96","Free outreach","https://ratpdf.com/pdf-to-txt/how-do-i-convert-pdf-to-text","convert PDF to text","Student workflow: extract readings for notes","it-help@uq.edu.au OR library@uq.edu.au","P1","Not started"
"514","PDF to Text","Resource page","uq.edu.au","https://www.uq.edu.au/search?q=PDF","85-96","Free outreach","https://ratpdf.com/pdf-to-txt/pdf-to-text-online","PDF to text online","Alternative to Adobe export for students","it-help@uq.edu.au OR library@uq.edu.au","P1","Not started"
"515","OCR","Resource page","uq.edu.au","https://www.uq.edu.au/search?q=PDF","85-96","Free outreach","https://ratpdf.com/guides/ocr-pdf","OCR PDF searchable","Accessibility: make scanned PDFs searchable for screen readers","it-help@uq.edu.au OR library@uq.edu.au","P1","Not started"
"516","OCR","Resource page","uq.edu.au","https://www.uq.edu.au/search?q=PDF","85-96","Free outreach","https://ratpdf.com/pdf-to-txt/ocr-pdf-to-text","OCR PDF to text","Library digitization scan-to-text workflow","it-help@uq.edu.au OR library@uq.edu.au","P1","Not started"
"517","Compress PDF","Resource page","adelaide.edu.au","https://www.adelaide.edu.au/search?q=PDF","85-96","Free outreach","https://ratpdf.com/compress-pdf","compress PDF online free","Campus email attachment limits - link to compression hub + size checker","it-help@adelaide.edu.au OR library@adelaide.edu.au","P1","Not started"
"518","Compress PDF","Resource page","adelaide.edu.au","https://www.adelaide.edu.au/search?q=PDF","85-96","Free outreach","https://ratpdf.com/research/attachment-size-limits","email attachment size limits","Cite original research table in IT help article","it-help@adelaide.edu.au OR library@adelaide.edu.au","P1","Not started"
"519","PDF to Text","Resource page","adelaide.edu.au","https://www.adelaide.edu.au/search?q=PDF","85-96","Free outreach","https://ratpdf.com/pdf-to-txt/how-do-i-convert-pdf-to-text","convert PDF to text","Student workflow: extract readings for notes","it-help@adelaide.edu.au OR library@adelaide.edu.au","P1","Not started"
"520","PDF to Text","Resource page","adelaide.edu.au","https://www.adelaide.edu.au/search?q=PDF","85-96","Free outreach","https://ratpdf.com/pdf-to-txt/pdf-to-text-online","PDF to text online","Alternative to Adobe export for students","it-help@adelaide.edu.au OR library@adelaide.edu.au","P1","Not started"
"521","OCR","Resource page","adelaide.edu.au","https://www.adelaide.edu.au/search?q=PDF","85-96","Free outreach","https://ratpdf.com/guides/ocr-pdf","OCR PDF searchable","Accessibility: make scanned PDFs searchable for screen readers","it-help@adelaide.edu.au OR library@adelaide.edu.au","P1","Not started"
"522","OCR","Resource page","adelaide.edu.au","https://www.adelaide.edu.au/search?q=PDF","85-96","Free outreach","https://ratpdf.com/pdf-to-txt/ocr-pdf-to-text","OCR PDF to text","Library digitization scan-to-text workflow","it-help@adelaide.edu.au OR library@adelaide.edu.au","P1","Not started"
"523","Compress PDF","Resource page","curtin.edu.au","https://www.curtin.edu.au/search?q=PDF","85-96","Free outreach","https://ratpdf.com/compress-pdf","compress PDF online free","Campus email attachment limits - link to compression hub + size checker","it-help@curtin.edu.au OR library@curtin.edu.au","P1","Not started"
"524","Compress PDF","Resource page","curtin.edu.au","https://www.curtin.edu.au/search?q=PDF","85-96","Free outreach","https://ratpdf.com/research/attachment-size-limits","email attachment size limits","Cite original research table in IT help article","it-help@curtin.edu.au OR library@curtin.edu.au","P1","Not started"
"525","PDF to Text","Resource page","curtin.edu.au","https://www.curtin.edu.au/search?q=PDF","85-96","Free outreach","https://ratpdf.com/pdf-to-txt/how-do-i-convert-pdf-to-text","convert PDF to text","Student workflow: extract readings for notes","it-help@curtin.edu.au OR library@curtin.edu.au","P1","Not started"
"526","PDF to Text","Resource page","curtin.edu.au","https://www.curtin.edu.au/search?q=PDF","85-96","Free outreach","https://ratpdf.com/pdf-to-txt/pdf-to-text-online","PDF to text online","Alternative to Adobe export for students","it-help@curtin.edu.au OR library@curtin.edu.au","P1","Not started"
"527","OCR","Resource page","curtin.edu.au","https://www.curtin.edu.au/search?q=PDF","85-96","Free outreach","https://ratpdf.com/guides/ocr-pdf","OCR PDF searchable","Accessibility: make scanned PDFs searchable for screen readers","it-help@curtin.edu.au OR library@curtin.edu.au","P1","Not started"
"528","OCR","Resource page","curtin.edu.au","https://www.curtin.edu.au/search?q=PDF","85-96","Free outreach","https://ratpdf.com/pdf-to-txt/ocr-pdf-to-text","OCR PDF to text","Library digitization scan-to-text workflow","it-help@curtin.edu.au OR library@curtin.edu.au","P1","Not started"
"529","Compress PDF","Resource page","tcd.ie","https://www.tcd.ie/search?q=PDF","85-96","Free outreach","https://ratpdf.com/compress-pdf","compress PDF online free","Campus email attachment limits - link to compression hub + size checker","it-help@tcd.ie OR library@tcd.ie","P1","Not started"
"530","Compress PDF","Resource page","tcd.ie","https://www.tcd.ie/search?q=PDF","85-96","Free outreach","https://ratpdf.com/research/attachment-size-limits","email attachment size limits","Cite original research table in IT help article","it-help@tcd.ie OR library@tcd.ie","P1","Not started"
"531","PDF to Text","Resource page","tcd.ie","https://www.tcd.ie/search?q=PDF","85-96","Free outreach","https://ratpdf.com/pdf-to-txt/how-do-i-convert-pdf-to-text","convert PDF to text","Student workflow: extract readings for notes","it-help@tcd.ie OR library@tcd.ie","P1","Not started"
"532","PDF to Text","Resource page","tcd.ie","https://www.tcd.ie/search?q=PDF","85-96","Free outreach","https://ratpdf.com/pdf-to-txt/pdf-to-text-online","PDF to text online","Alternative to Adobe export for students","it-help@tcd.ie OR library@tcd.ie","P1","Not started"
"533","OCR","Resource page","tcd.ie","https://www.tcd.ie/search?q=PDF","85-96","Free outreach","https://ratpdf.com/guides/ocr-pdf","OCR PDF searchable","Accessibility: make scanned PDFs searchable for screen readers","it-help@tcd.ie OR library@tcd.ie","P1","Not started"
"534","OCR","Resource page","tcd.ie","https://www.tcd.ie/search?q=PDF","85-96","Free outreach","https://ratpdf.com/pdf-to-txt/ocr-pdf-to-text","OCR PDF to text","Library digitization scan-to-text workflow","it-help@tcd.ie OR library@tcd.ie","P1","Not started"
"535","Compress PDF","Resource page","ucd.ie","https://www.ucd.ie/search?q=PDF","85-96","Free outreach","https://ratpdf.com/compress-pdf","compress PDF online free","Campus email attachment limits - link to compression hub + size checker","it-help@ucd.ie OR library@ucd.ie","P1","Not started"
"536","Compress PDF","Resource page","ucd.ie","https://www.ucd.ie/search?q=PDF","85-96","Free outreach","https://ratpdf.com/research/attachment-size-limits","email attachment size limits","Cite original research table in IT help article","it-help@ucd.ie OR library@ucd.ie","P1","Not started"
"537","PDF to Text","Resource page","ucd.ie","https://www.ucd.ie/search?q=PDF","85-96","Free outreach","https://ratpdf.com/pdf-to-txt/how-do-i-convert-pdf-to-text","convert PDF to text","Student workflow: extract readings for notes","it-help@ucd.ie OR library@ucd.ie","P1","Not started"
"538","PDF to Text","Resource page","ucd.ie","https://www.ucd.ie/search?q=PDF","85-96","Free outreach","https://ratpdf.com/pdf-to-txt/pdf-to-text-online","PDF to text online","Alternative to Adobe export for students","it-help@ucd.ie OR library@ucd.ie","P1","Not started"
"539","OCR","Resource page","ucd.ie","https://www.ucd.ie/search?q=PDF","85-96","Free outreach","https://ratpdf.com/guides/ocr-pdf","OCR PDF searchable","Accessibility: make scanned PDFs searchable for screen readers","it-help@ucd.ie OR library@ucd.ie","P1","Not started"
"540","OCR","Resource page","ucd.ie","https://www.ucd.ie/search?q=PDF","85-96","Free outreach","https://ratpdf.com/pdf-to-txt/ocr-pdf-to-text","OCR PDF to text","Library digitization scan-to-text workflow","it-help@ucd.ie OR library@ucd.ie","P1","Not started"
"541","Compress PDF","Resource page","dcu.ie","https://www.dcu.ie/search?q=PDF","85-96","Free outreach","https://ratpdf.com/compress-pdf","compress PDF online free","Campus email attachment limits - link to compression hub + size checker","it-help@dcu.ie OR library@dcu.ie","P1","Not started"
"542","Compress PDF","Resource page","dcu.ie","https://www.dcu.ie/search?q=PDF","85-96","Free outreach","https://ratpdf.com/research/attachment-size-limits","email attachment size limits","Cite original research table in IT help article","it-help@dcu.ie OR library@dcu.ie","P1","Not started"
"543","PDF to Text","Resource page","dcu.ie","https://www.dcu.ie/search?q=PDF","85-96","Free outreach","https://ratpdf.com/pdf-to-txt/how-do-i-convert-pdf-to-text","convert PDF to text","Student workflow: extract readings for notes","it-help@dcu.ie OR library@dcu.ie","P1","Not started"
"544","PDF to Text","Resource page","dcu.ie","https://www.dcu.ie/search?q=PDF","85-96","Free outreach","https://ratpdf.com/pdf-to-txt/pdf-to-text-online","PDF to text online","Alternative to Adobe export for students","it-help@dcu.ie OR library@dcu.ie","P1","Not started"
"545","OCR","Resource page","dcu.ie","https://www.dcu.ie/search?q=PDF","85-96","Free outreach","https://ratpdf.com/guides/ocr-pdf","OCR PDF searchable","Accessibility: make scanned PDFs searchable for screen readers","it-help@dcu.ie OR library@dcu.ie","P1","Not started"
"546","OCR","Resource page","dcu.ie","https://www.dcu.ie/search?q=PDF","85-96","Free outreach","https://ratpdf.com/pdf-to-txt/ocr-pdf-to-text","OCR PDF to text","Library digitization scan-to-text workflow","it-help@dcu.ie OR library@dcu.ie","P1","Not started"
"547","Compress PDF","Resource page","nuigalway.ie","https://www.nuigalway.ie/search?q=PDF","85-96","Free outreach","https://ratpdf.com/compress-pdf","compress PDF online free","Campus email attachment limits - link to compression hub + size checker","it-help@nuigalway.ie OR library@nuigalway.ie","P1","Not started"
"548","Compress PDF","Resource page","nuigalway.ie","https://www.nuigalway.ie/search?q=PDF","85-96","Free outreach","https://ratpdf.com/research/attachment-size-limits","email attachment size limits","Cite original research table in IT help article","it-help@nuigalway.ie OR library@nuigalway.ie","P1","Not started"
"549","PDF to Text","Resource page","nuigalway.ie","https://www.nuigalway.ie/search?q=PDF","85-96","Free outreach","https://ratpdf.com/pdf-to-txt/how-do-i-convert-pdf-to-text","convert PDF to text","Student workflow: extract readings for notes","it-help@nuigalway.ie OR library@nuigalway.ie","P1","Not started"
"550","PDF to Text","Resource page","nuigalway.ie","https://www.nuigalway.ie/search?q=PDF","85-96","Free outreach","https://ratpdf.com/pdf-to-txt/pdf-to-text-online","PDF to text online","Alternative to Adobe export for students","it-help@nuigalway.ie OR library@nuigalway.ie","P1","Not started"
"551","OCR","Resource page","nuigalway.ie","https://www.nuigalway.ie/search?q=PDF","85-96","Free outreach","https://ratpdf.com/guides/ocr-pdf","OCR PDF searchable","Accessibility: make scanned PDFs searchable for screen readers","it-help@nuigalway.ie OR library@nuigalway.ie","P1","Not started"
"552","OCR","Resource page","nuigalway.ie","https://www.nuigalway.ie/search?q=PDF","85-96","Free outreach","https://ratpdf.com/pdf-to-txt/ocr-pdf-to-text","OCR PDF to text","Library digitization scan-to-text workflow","it-help@nuigalway.ie OR library@nuigalway.ie","P1","Not started"
"553","Compress PDF","Resource page","ethz.ch","https://www.ethz.ch/search?q=PDF","85-96","Free outreach","https://ratpdf.com/compress-pdf","compress PDF online free","Campus email attachment limits - link to compression hub + size checker","it-help@ethz.ch OR library@ethz.ch","P1","Not started"
"554","Compress PDF","Resource page","ethz.ch","https://www.ethz.ch/search?q=PDF","85-96","Free outreach","https://ratpdf.com/research/attachment-size-limits","email attachment size limits","Cite original research table in IT help article","it-help@ethz.ch OR library@ethz.ch","P1","Not started"
"555","PDF to Text","Resource page","ethz.ch","https://www.ethz.ch/search?q=PDF","85-96","Free outreach","https://ratpdf.com/pdf-to-txt/how-do-i-convert-pdf-to-text","convert PDF to text","Student workflow: extract readings for notes","it-help@ethz.ch OR library@ethz.ch","P1","Not started"
"556","PDF to Text","Resource page","ethz.ch","https://www.ethz.ch/search?q=PDF","85-96","Free outreach","https://ratpdf.com/pdf-to-txt/pdf-to-text-online","PDF to text online","Alternative to Adobe export for students","it-help@ethz.ch OR library@ethz.ch","P1","Not started"
"557","OCR","Resource page","ethz.ch","https://www.ethz.ch/search?q=PDF","85-96","Free outreach","https://ratpdf.com/guides/ocr-pdf","OCR PDF searchable","Accessibility: make scanned PDFs searchable for screen readers","it-help@ethz.ch OR library@ethz.ch","P1","Not started"
"558","OCR","Resource page","ethz.ch","https://www.ethz.ch/search?q=PDF","85-96","Free outreach","https://ratpdf.com/pdf-to-txt/ocr-pdf-to-text","OCR PDF to text","Library digitization scan-to-text workflow","it-help@ethz.ch OR library@ethz.ch","P1","Not started"
"559","Compress PDF","Resource page","epfl.ch","https://www.epfl.ch/search?q=PDF","85-96","Free outreach","https://ratpdf.com/compress-pdf","compress PDF online free","Campus email attachment limits - link to compression hub + size checker","it-help@epfl.ch OR library@epfl.ch","P1","Not started"
"560","Compress PDF","Resource page","epfl.ch","https://www.epfl.ch/search?q=PDF","85-96","Free outreach","https://ratpdf.com/research/attachment-size-limits","email attachment size limits","Cite original research table in IT help article","it-help@epfl.ch OR library@epfl.ch","P1","Not started"
"561","PDF to Text","Resource page","epfl.ch","https://www.epfl.ch/search?q=PDF","85-96","Free outreach","https://ratpdf.com/pdf-to-txt/how-do-i-convert-pdf-to-text","convert PDF to text","Student workflow: extract readings for notes","it-help@epfl.ch OR library@epfl.ch","P1","Not started"
"562","PDF to Text","Resource page","epfl.ch","https://www.epfl.ch/search?q=PDF","85-96","Free outreach","https://ratpdf.com/pdf-to-txt/pdf-to-text-online","PDF to text online","Alternative to Adobe export for students","it-help@epfl.ch OR library@epfl.ch","P1","Not started"
"563","OCR","Resource page","epfl.ch","https://www.epfl.ch/search?q=PDF","85-96","Free outreach","https://ratpdf.com/guides/ocr-pdf","OCR PDF searchable","Accessibility: make scanned PDFs searchable for screen readers","it-help@epfl.ch OR library@epfl.ch","P1","Not started"
"564","OCR","Resource page","epfl.ch","https://www.epfl.ch/search?q=PDF","85-96","Free outreach","https://ratpdf.com/pdf-to-txt/ocr-pdf-to-text","OCR PDF to text","Library digitization scan-to-text workflow","it-help@epfl.ch OR library@epfl.ch","P1","Not started"
"565","Compress PDF","Resource page","unil.ch","https://www.unil.ch/search?q=PDF","85-96","Free outreach","https://ratpdf.com/compress-pdf","compress PDF online free","Campus email attachment limits - link to compression hub + size checker","it-help@unil.ch OR library@unil.ch","P1","Not started"
"566","Compress PDF","Resource page","unil.ch","https://www.unil.ch/search?q=PDF","85-96","Free outreach","https://ratpdf.com/research/attachment-size-limits","email attachment size limits","Cite original research table in IT help article","it-help@unil.ch OR library@unil.ch","P1","Not started"
"567","PDF to Text","Resource page","unil.ch","https://www.unil.ch/search?q=PDF","85-96","Free outreach","https://ratpdf.com/pdf-to-txt/how-do-i-convert-pdf-to-text","convert PDF to text","Student workflow: extract readings for notes","it-help@unil.ch OR library@unil.ch","P1","Not started"
"568","PDF to Text","Resource page","unil.ch","https://www.unil.ch/search?q=PDF","85-96","Free outreach","https://ratpdf.com/pdf-to-txt/pdf-to-text-online","PDF to text online","Alternative to Adobe export for students","it-help@unil.ch OR library@unil.ch","P1","Not started"
"569","OCR","Resource page","unil.ch","https://www.unil.ch/search?q=PDF","85-96","Free outreach","https://ratpdf.com/guides/ocr-pdf","OCR PDF searchable","Accessibility: make scanned PDFs searchable for screen readers","it-help@unil.ch OR library@unil.ch","P1","Not started"
"570","OCR","Resource page","unil.ch","https://www.unil.ch/search?q=PDF","85-96","Free outreach","https://ratpdf.com/pdf-to-txt/ocr-pdf-to-text","OCR PDF to text","Library digitization scan-to-text workflow","it-help@unil.ch OR library@unil.ch","P1","Not started"
"571","Compress PDF","Resource page","tum.de","https://www.tum.de/search?q=PDF","85-96","Free outreach","https://ratpdf.com/compress-pdf","compress PDF online free","Campus email attachment limits - link to compression hub + size checker","it-help@tum.de OR library@tum.de","P1","Not started"
"572","Compress PDF","Resource page","tum.de","https://www.tum.de/search?q=PDF","85-96","Free outreach","https://ratpdf.com/research/attachment-size-limits","email attachment size limits","Cite original research table in IT help article","it-help@tum.de OR library@tum.de","P1","Not started"
"573","PDF to Text","Resource page","tum.de","https://www.tum.de/search?q=PDF","85-96","Free outreach","https://ratpdf.com/pdf-to-txt/how-do-i-convert-pdf-to-text","convert PDF to text","Student workflow: extract readings for notes","it-help@tum.de OR library@tum.de","P1","Not started"
"574","PDF to Text","Resource page","tum.de","https://www.tum.de/search?q=PDF","85-96","Free outreach","https://ratpdf.com/pdf-to-txt/pdf-to-text-online","PDF to text online","Alternative to Adobe export for students","it-help@tum.de OR library@tum.de","P1","Not started"
"575","OCR","Resource page","tum.de","https://www.tum.de/search?q=PDF","85-96","Free outreach","https://ratpdf.com/guides/ocr-pdf","OCR PDF searchable","Accessibility: make scanned PDFs searchable for screen readers","it-help@tum.de OR library@tum.de","P1","Not started"
"576","OCR","Resource page","tum.de","https://www.tum.de/search?q=PDF","85-96","Free outreach","https://ratpdf.com/pdf-to-txt/ocr-pdf-to-text","OCR PDF to text","Library digitization scan-to-text workflow","it-help@tum.de OR library@tum.de","P1","Not started"
"577","Compress PDF","Resource page","lmu.de","https://www.lmu.de/search?q=PDF","85-96","Free outreach","https://ratpdf.com/compress-pdf","compress PDF online free","Campus email attachment limits - link to compression hub + size checker","it-help@lmu.de OR library@lmu.de","P1","Not started"
"578","Compress PDF","Resource page","lmu.de","https://www.lmu.de/search?q=PDF","85-96","Free outreach","https://ratpdf.com/research/attachment-size-limits","email attachment size limits","Cite original research table in IT help article","it-help@lmu.de OR library@lmu.de","P1","Not started"
"579","PDF to Text","Resource page","lmu.de","https://www.lmu.de/search?q=PDF","85-96","Free outreach","https://ratpdf.com/pdf-to-txt/how-do-i-convert-pdf-to-text","convert PDF to text","Student workflow: extract readings for notes","it-help@lmu.de OR library@lmu.de","P1","Not started"
"580","PDF to Text","Resource page","lmu.de","https://www.lmu.de/search?q=PDF","85-96","Free outreach","https://ratpdf.com/pdf-to-txt/pdf-to-text-online","PDF to text online","Alternative to Adobe export for students","it-help@lmu.de OR library@lmu.de","P1","Not started"
"581","OCR","Resource page","lmu.de","https://www.lmu.de/search?q=PDF","85-96","Free outreach","https://ratpdf.com/guides/ocr-pdf","OCR PDF searchable","Accessibility: make scanned PDFs searchable for screen readers","it-help@lmu.de OR library@lmu.de","P1","Not started"
"582","OCR","Resource page","lmu.de","https://www.lmu.de/search?q=PDF","85-96","Free outreach","https://ratpdf.com/pdf-to-txt/ocr-pdf-to-text","OCR PDF to text","Library digitization scan-to-text workflow","it-help@lmu.de OR library@lmu.de","P1","Not started"
"583","Compress PDF","Resource page","uni-heidelberg.de","https://www.uni-heidelberg.de/search?q=PDF","85-96","Free outreach","https://ratpdf.com/compress-pdf","compress PDF online free","Campus email attachment limits - link to compression hub + size checker","it-help@uni-heidelberg.de OR library@uni-heidelberg.de","P1","Not started"
"584","Compress PDF","Resource page","uni-heidelberg.de","https://www.uni-heidelberg.de/search?q=PDF","85-96","Free outreach","https://ratpdf.com/research/attachment-size-limits","email attachment size limits","Cite original research table in IT help article","it-help@uni-heidelberg.de OR library@uni-heidelberg.de","P1","Not started"
"585","PDF to Text","Resource page","uni-heidelberg.de","https://www.uni-heidelberg.de/search?q=PDF","85-96","Free outreach","https://ratpdf.com/pdf-to-txt/how-do-i-convert-pdf-to-text","convert PDF to text","Student workflow: extract readings for notes","it-help@uni-heidelberg.de OR library@uni-heidelberg.de","P1","Not started"
"586","PDF to Text","Resource page","uni-heidelberg.de","https://www.uni-heidelberg.de/search?q=PDF","85-96","Free outreach","https://ratpdf.com/pdf-to-txt/pdf-to-text-online","PDF to text online","Alternative to Adobe export for students","it-help@uni-heidelberg.de OR library@uni-heidelberg.de","P1","Not started"
"587","OCR","Resource page","uni-heidelberg.de","https://www.uni-heidelberg.de/search?q=PDF","85-96","Free outreach","https://ratpdf.com/guides/ocr-pdf","OCR PDF searchable","Accessibility: make scanned PDFs searchable for screen readers","it-help@uni-heidelberg.de OR library@uni-heidelberg.de","P1","Not started"
"588","OCR","Resource page","uni-heidelberg.de","https://www.uni-heidelberg.de/search?q=PDF","85-96","Free outreach","https://ratpdf.com/pdf-to-txt/ocr-pdf-to-text","OCR PDF to text","Library digitization scan-to-text workflow","it-help@uni-heidelberg.de OR library@uni-heidelberg.de","P1","Not started"
"589","Compress PDF","Resource page","rwth-aachen.de","https://www.rwth-aachen.de/search?q=PDF","85-96","Free outreach","https://ratpdf.com/compress-pdf","compress PDF online free","Campus email attachment limits - link to compression hub + size checker","it-help@rwth-aachen.de OR library@rwth-aachen.de","P1","Not started"
"590","Compress PDF","Resource page","rwth-aachen.de","https://www.rwth-aachen.de/search?q=PDF","85-96","Free outreach","https://ratpdf.com/research/attachment-size-limits","email attachment size limits","Cite original research table in IT help article","it-help@rwth-aachen.de OR library@rwth-aachen.de","P1","Not started"
"591","PDF to Text","Resource page","rwth-aachen.de","https://www.rwth-aachen.de/search?q=PDF","85-96","Free outreach","https://ratpdf.com/pdf-to-txt/how-do-i-convert-pdf-to-text","convert PDF to text","Student workflow: extract readings for notes","it-help@rwth-aachen.de OR library@rwth-aachen.de","P1","Not started"
"592","PDF to Text","Resource page","rwth-aachen.de","https://www.rwth-aachen.de/search?q=PDF","85-96","Free outreach","https://ratpdf.com/pdf-to-txt/pdf-to-text-online","PDF to text online","Alternative to Adobe export for students","it-help@rwth-aachen.de OR library@rwth-aachen.de","P1","Not started"
"593","OCR","Resource page","rwth-aachen.de","https://www.rwth-aachen.de/search?q=PDF","85-96","Free outreach","https://ratpdf.com/guides/ocr-pdf","OCR PDF searchable","Accessibility: make scanned PDFs searchable for screen readers","it-help@rwth-aachen.de OR library@rwth-aachen.de","P1","Not started"
"594","OCR","Resource page","rwth-aachen.de","https://www.rwth-aachen.de/search?q=PDF","85-96","Free outreach","https://ratpdf.com/pdf-to-txt/ocr-pdf-to-text","OCR PDF to text","Library digitization scan-to-text workflow","it-help@rwth-aachen.de OR library@rwth-aachen.de","P1","Not started"
"595","Compress PDF","Resource page","fu-berlin.de","https://www.fu-berlin.de/search?q=PDF","85-96","Free outreach","https://ratpdf.com/compress-pdf","compress PDF online free","Campus email attachment limits - link to compression hub + size checker","it-help@fu-berlin.de OR library@fu-berlin.de","P1","Not started"
"596","Compress PDF","Resource page","fu-berlin.de","https://www.fu-berlin.de/search?q=PDF","85-96","Free outreach","https://ratpdf.com/research/attachment-size-limits","email attachment size limits","Cite original research table in IT help article","it-help@fu-berlin.de OR library@fu-berlin.de","P1","Not started"
"597","PDF to Text","Resource page","fu-berlin.de","https://www.fu-berlin.de/search?q=PDF","85-96","Free outreach","https://ratpdf.com/pdf-to-txt/how-do-i-convert-pdf-to-text","convert PDF to text","Student workflow: extract readings for notes","it-help@fu-berlin.de OR library@fu-berlin.de","P1","Not started"
"598","PDF to Text","Resource page","fu-berlin.de","https://www.fu-berlin.de/search?q=PDF","85-96","Free outreach","https://ratpdf.com/pdf-to-txt/pdf-to-text-online","PDF to text online","Alternative to Adobe export for students","it-help@fu-berlin.de OR library@fu-berlin.de","P1","Not started"
"599","OCR","Resource page","fu-berlin.de","https://www.fu-berlin.de/search?q=PDF","85-96","Free outreach","https://ratpdf.com/guides/ocr-pdf","OCR PDF searchable","Accessibility: make scanned PDFs searchable for screen readers","it-help@fu-berlin.de OR library@fu-berlin.de","P1","Not started"
"600","OCR","Resource page","fu-berlin.de","https://www.fu-berlin.de/search?q=PDF","85-96","Free outreach","https://ratpdf.com/pdf-to-txt/ocr-pdf-to-text","OCR PDF to text","Library digitization scan-to-text workflow","it-help@fu-berlin.de OR library@fu-berlin.de","P1","Not started"
"601","Compress PDF","Resource page","sorbonne-universite.fr","https://www.sorbonne-universite.fr/search?q=PDF","85-96","Free outreach","https://ratpdf.com/compress-pdf","compress PDF online free","Campus email attachment limits - link to compression hub + size checker","it-help@sorbonne-universite.fr OR library@sorbonne-universite.fr","P1","Not started"
"602","Compress PDF","Resource page","sorbonne-universite.fr","https://www.sorbonne-universite.fr/search?q=PDF","85-96","Free outreach","https://ratpdf.com/research/attachment-size-limits","email attachment size limits","Cite original research table in IT help article","it-help@sorbonne-universite.fr OR library@sorbonne-universite.fr","P1","Not started"
"603","PDF to Text","Resource page","sorbonne-universite.fr","https://www.sorbonne-universite.fr/search?q=PDF","85-96","Free outreach","https://ratpdf.com/pdf-to-txt/how-do-i-convert-pdf-to-text","convert PDF to text","Student workflow: extract readings for notes","it-help@sorbonne-universite.fr OR library@sorbonne-universite.fr","P1","Not started"
"604","PDF to Text","Resource page","sorbonne-universite.fr","https://www.sorbonne-universite.fr/search?q=PDF","85-96","Free outreach","https://ratpdf.com/pdf-to-txt/pdf-to-text-online","PDF to text online","Alternative to Adobe export for students","it-help@sorbonne-universite.fr OR library@sorbonne-universite.fr","P1","Not started"
"605","OCR","Resource page","sorbonne-universite.fr","https://www.sorbonne-universite.fr/search?q=PDF","85-96","Free outreach","https://ratpdf.com/guides/ocr-pdf","OCR PDF searchable","Accessibility: make scanned PDFs searchable for screen readers","it-help@sorbonne-universite.fr OR library@sorbonne-universite.fr","P1","Not started"
"606","OCR","Resource page","sorbonne-universite.fr","https://www.sorbonne-universite.fr/search?q=PDF","85-96","Free outreach","https://ratpdf.com/pdf-to-txt/ocr-pdf-to-text","OCR PDF to text","Library digitization scan-to-text workflow","it-help@sorbonne-universite.fr OR library@sorbonne-universite.fr","P1","Not started"
"607","Compress PDF","Resource page","universite-paris-saclay.fr","https://www.universite-paris-saclay.fr/search?q=PDF","85-96","Free outreach","https://ratpdf.com/compress-pdf","compress PDF online free","Campus email attachment limits - link to compression hub + size checker","it-help@universite-paris-saclay.fr OR library@universite-paris-saclay.fr","P1","Not started"
"608","Compress PDF","Resource page","universite-paris-saclay.fr","https://www.universite-paris-saclay.fr/search?q=PDF","85-96","Free outreach","https://ratpdf.com/research/attachment-size-limits","email attachment size limits","Cite original research table in IT help article","it-help@universite-paris-saclay.fr OR library@universite-paris-saclay.fr","P1","Not started"
"609","PDF to Text","Resource page","universite-paris-saclay.fr","https://www.universite-paris-saclay.fr/search?q=PDF","85-96","Free outreach","https://ratpdf.com/pdf-to-txt/how-do-i-convert-pdf-to-text","convert PDF to text","Student workflow: extract readings for notes","it-help@universite-paris-saclay.fr OR library@universite-paris-saclay.fr","P1","Not started"
"610","PDF to Text","Resource page","universite-paris-saclay.fr","https://www.universite-paris-saclay.fr/search?q=PDF","85-96","Free outreach","https://ratpdf.com/pdf-to-txt/pdf-to-text-online","PDF to text online","Alternative to Adobe export for students","it-help@universite-paris-saclay.fr OR library@universite-paris-saclay.fr","P1","Not started"
"611","OCR","Resource page","universite-paris-saclay.fr","https://www.universite-paris-saclay.fr/search?q=PDF","85-96","Free outreach","https://ratpdf.com/guides/ocr-pdf","OCR PDF searchable","Accessibility: make scanned PDFs searchable for screen readers","it-help@universite-paris-saclay.fr OR library@universite-paris-saclay.fr","P1","Not started"
"612","OCR","Resource page","universite-paris-saclay.fr","https://www.universite-paris-saclay.fr/search?q=PDF","85-96","Free outreach","https://ratpdf.com/pdf-to-txt/ocr-pdf-to-text","OCR PDF to text","Library digitization scan-to-text workflow","it-help@universite-paris-saclay.fr OR library@universite-paris-saclay.fr","P1","Not started"
"613","Compress PDF","Resource page","uva.nl","https://www.uva.nl/search?q=PDF","85-96","Free outreach","https://ratpdf.com/compress-pdf","compress PDF online free","Campus email attachment limits - link to compression hub + size checker","it-help@uva.nl OR library@uva.nl","P1","Not started"
"614","Compress PDF","Resource page","uva.nl","https://www.uva.nl/search?q=PDF","85-96","Free outreach","https://ratpdf.com/research/attachment-size-limits","email attachment size limits","Cite original research table in IT help article","it-help@uva.nl OR library@uva.nl","P1","Not started"
"615","PDF to Text","Resource page","uva.nl","https://www.uva.nl/search?q=PDF","85-96","Free outreach","https://ratpdf.com/pdf-to-txt/how-do-i-convert-pdf-to-text","convert PDF to text","Student workflow: extract readings for notes","it-help@uva.nl OR library@uva.nl","P1","Not started"
"616","PDF to Text","Resource page","uva.nl","https://www.uva.nl/search?q=PDF","85-96","Free outreach","https://ratpdf.com/pdf-to-txt/pdf-to-text-online","PDF to text online","Alternative to Adobe export for students","it-help@uva.nl OR library@uva.nl","P1","Not started"
"617","OCR","Resource page","uva.nl","https://www.uva.nl/search?q=PDF","85-96","Free outreach","https://ratpdf.com/guides/ocr-pdf","OCR PDF searchable","Accessibility: make scanned PDFs searchable for screen readers","it-help@uva.nl OR library@uva.nl","P1","Not started"
"618","OCR","Resource page","uva.nl","https://www.uva.nl/search?q=PDF","85-96","Free outreach","https://ratpdf.com/pdf-to-txt/ocr-pdf-to-text","OCR PDF to text","Library digitization scan-to-text workflow","it-help@uva.nl OR library@uva.nl","P1","Not started"
"619","Compress PDF","Resource page","tudelft.nl","https://www.tudelft.nl/search?q=PDF","85-96","Free outreach","https://ratpdf.com/compress-pdf","compress PDF online free","Campus email attachment limits - link to compression hub + size checker","it-help@tudelft.nl OR library@tudelft.nl","P1","Not started"
"620","Compress PDF","Resource page","tudelft.nl","https://www.tudelft.nl/search?q=PDF","85-96","Free outreach","https://ratpdf.com/research/attachment-size-limits","email attachment size limits","Cite original research table in IT help article","it-help@tudelft.nl OR library@tudelft.nl","P1","Not started"
"621","PDF to Text","Resource page","tudelft.nl","https://www.tudelft.nl/search?q=PDF","85-96","Free outreach","https://ratpdf.com/pdf-to-txt/how-do-i-convert-pdf-to-text","convert PDF to text","Student workflow: extract readings for notes","it-help@tudelft.nl OR library@tudelft.nl","P1","Not started"
"622","PDF to Text","Resource page","tudelft.nl","https://www.tudelft.nl/search?q=PDF","85-96","Free outreach","https://ratpdf.com/pdf-to-txt/pdf-to-text-online","PDF to text online","Alternative to Adobe export for students","it-help@tudelft.nl OR library@tudelft.nl","P1","Not started"
"623","OCR","Resource page","tudelft.nl","https://www.tudelft.nl/search?q=PDF","85-96","Free outreach","https://ratpdf.com/guides/ocr-pdf","OCR PDF searchable","Accessibility: make scanned PDFs searchable for screen readers","it-help@tudelft.nl OR library@tudelft.nl","P1","Not started"
"624","OCR","Resource page","tudelft.nl","https://www.tudelft.nl/search?q=PDF","85-96","Free outreach","https://ratpdf.com/pdf-to-txt/ocr-pdf-to-text","OCR PDF to text","Library digitization scan-to-text workflow","it-help@tudelft.nl OR library@tudelft.nl","P1","Not started"
"625","Compress PDF","Resource page","eur.nl","https://www.eur.nl/search?q=PDF","85-96","Free outreach","https://ratpdf.com/compress-pdf","compress PDF online free","Campus email attachment limits - link to compression hub + size checker","it-help@eur.nl OR library@eur.nl","P1","Not started"
"626","Compress PDF","Resource page","eur.nl","https://www.eur.nl/search?q=PDF","85-96","Free outreach","https://ratpdf.com/research/attachment-size-limits","email attachment size limits","Cite original research table in IT help article","it-help@eur.nl OR library@eur.nl","P1","Not started"
"627","PDF to Text","Resource page","eur.nl","https://www.eur.nl/search?q=PDF","85-96","Free outreach","https://ratpdf.com/pdf-to-txt/how-do-i-convert-pdf-to-text","convert PDF to text","Student workflow: extract readings for notes","it-help@eur.nl OR library@eur.nl","P1","Not started"
"628","PDF to Text","Resource page","eur.nl","https://www.eur.nl/search?q=PDF","85-96","Free outreach","https://ratpdf.com/pdf-to-txt/pdf-to-text-online","PDF to text online","Alternative to Adobe export for students","it-help@eur.nl OR library@eur.nl","P1","Not started"
"629","OCR","Resource page","eur.nl","https://www.eur.nl/search?q=PDF","85-96","Free outreach","https://ratpdf.com/guides/ocr-pdf","OCR PDF searchable","Accessibility: make scanned PDFs searchable for screen readers","it-help@eur.nl OR library@eur.nl","P1","Not started"
"630","OCR","Resource page","eur.nl","https://www.eur.nl/search?q=PDF","85-96","Free outreach","https://ratpdf.com/pdf-to-txt/ocr-pdf-to-text","OCR PDF to text","Library digitization scan-to-text workflow","it-help@eur.nl OR library@eur.nl","P1","Not started"
"631","Compress PDF","Resource page","kth.se","https://www.kth.se/search?q=PDF","85-96","Free outreach","https://ratpdf.com/compress-pdf","compress PDF online free","Campus email attachment limits - link to compression hub + size checker","it-help@kth.se OR library@kth.se","P1","Not started"
"632","Compress PDF","Resource page","kth.se","https://www.kth.se/search?q=PDF","85-96","Free outreach","https://ratpdf.com/research/attachment-size-limits","email attachment size limits","Cite original research table in IT help article","it-help@kth.se OR library@kth.se","P1","Not started"
"633","PDF to Text","Resource page","kth.se","https://www.kth.se/search?q=PDF","85-96","Free outreach","https://ratpdf.com/pdf-to-txt/how-do-i-convert-pdf-to-text","convert PDF to text","Student workflow: extract readings for notes","it-help@kth.se OR library@kth.se","P1","Not started"
"634","PDF to Text","Resource page","kth.se","https://www.kth.se/search?q=PDF","85-96","Free outreach","https://ratpdf.com/pdf-to-txt/pdf-to-text-online","PDF to text online","Alternative to Adobe export for students","it-help@kth.se OR library@kth.se","P1","Not started"
"635","OCR","Resource page","kth.se","https://www.kth.se/search?q=PDF","85-96","Free outreach","https://ratpdf.com/guides/ocr-pdf","OCR PDF searchable","Accessibility: make scanned PDFs searchable for screen readers","it-help@kth.se OR library@kth.se","P1","Not started"
"636","OCR","Resource page","kth.se","https://www.kth.se/search?q=PDF","85-96","Free outreach","https://ratpdf.com/pdf-to-txt/ocr-pdf-to-text","OCR PDF to text","Library digitization scan-to-text workflow","it-help@kth.se OR library@kth.se","P1","Not started"
"637","Compress PDF","Resource page","lu.se","https://www.lu.se/search?q=PDF","85-96","Free outreach","https://ratpdf.com/compress-pdf","compress PDF online free","Campus email attachment limits - link to compression hub + size checker","it-help@lu.se OR library@lu.se","P1","Not started"
"638","Compress PDF","Resource page","lu.se","https://www.lu.se/search?q=PDF","85-96","Free outreach","https://ratpdf.com/research/attachment-size-limits","email attachment size limits","Cite original research table in IT help article","it-help@lu.se OR library@lu.se","P1","Not started"
"639","PDF to Text","Resource page","lu.se","https://www.lu.se/search?q=PDF","85-96","Free outreach","https://ratpdf.com/pdf-to-txt/how-do-i-convert-pdf-to-text","convert PDF to text","Student workflow: extract readings for notes","it-help@lu.se OR library@lu.se","P1","Not started"
"640","PDF to Text","Resource page","lu.se","https://www.lu.se/search?q=PDF","85-96","Free outreach","https://ratpdf.com/pdf-to-txt/pdf-to-text-online","PDF to text online","Alternative to Adobe export for students","it-help@lu.se OR library@lu.se","P1","Not started"
"641","OCR","Resource page","lu.se","https://www.lu.se/search?q=PDF","85-96","Free outreach","https://ratpdf.com/guides/ocr-pdf","OCR PDF searchable","Accessibility: make scanned PDFs searchable for screen readers","it-help@lu.se OR library@lu.se","P1","Not started"
"642","OCR","Resource page","lu.se","https://www.lu.se/search?q=PDF","85-96","Free outreach","https://ratpdf.com/pdf-to-txt/ocr-pdf-to-text","OCR PDF to text","Library digitization scan-to-text workflow","it-help@lu.se OR library@lu.se","P1","Not started"
"643","Compress PDF","Resource page","su.se","https://www.su.se/search?q=PDF","85-96","Free outreach","https://ratpdf.com/compress-pdf","compress PDF online free","Campus email attachment limits - link to compression hub + size checker","it-help@su.se OR library@su.se","P1","Not started"
"644","Compress PDF","Resource page","su.se","https://www.su.se/search?q=PDF","85-96","Free outreach","https://ratpdf.com/research/attachment-size-limits","email attachment size limits","Cite original research table in IT help article","it-help@su.se OR library@su.se","P1","Not started"
"645","PDF to Text","Resource page","su.se","https://www.su.se/search?q=PDF","85-96","Free outreach","https://ratpdf.com/pdf-to-txt/how-do-i-convert-pdf-to-text","convert PDF to text","Student workflow: extract readings for notes","it-help@su.se OR library@su.se","P1","Not started"
"646","PDF to Text","Resource page","su.se","https://www.su.se/search?q=PDF","85-96","Free outreach","https://ratpdf.com/pdf-to-txt/pdf-to-text-online","PDF to text online","Alternative to Adobe export for students","it-help@su.se OR library@su.se","P1","Not started"
"647","OCR","Resource page","su.se","https://www.su.se/search?q=PDF","85-96","Free outreach","https://ratpdf.com/guides/ocr-pdf","OCR PDF searchable","Accessibility: make scanned PDFs searchable for screen readers","it-help@su.se OR library@su.se","P1","Not started"
"648","OCR","Resource page","su.se","https://www.su.se/search?q=PDF","85-96","Free outreach","https://ratpdf.com/pdf-to-txt/ocr-pdf-to-text","OCR PDF to text","Library digitization scan-to-text workflow","it-help@su.se OR library@su.se","P1","Not started"
"649","Compress PDF","Resource page","helsinki.fi","https://www.helsinki.fi/search?q=PDF","85-96","Free outreach","https://ratpdf.com/compress-pdf","compress PDF online free","Campus email attachment limits - link to compression hub + size checker","it-help@helsinki.fi OR library@helsinki.fi","P1","Not started"
"650","Compress PDF","Resource page","helsinki.fi","https://www.helsinki.fi/search?q=PDF","85-96","Free outreach","https://ratpdf.com/research/attachment-size-limits","email attachment size limits","Cite original research table in IT help article","it-help@helsinki.fi OR library@helsinki.fi","P1","Not started"
"651","PDF to Text","Resource page","helsinki.fi","https://www.helsinki.fi/search?q=PDF","85-96","Free outreach","https://ratpdf.com/pdf-to-txt/how-do-i-convert-pdf-to-text","convert PDF to text","Student workflow: extract readings for notes","it-help@helsinki.fi OR library@helsinki.fi","P1","Not started"
"652","PDF to Text","Resource page","helsinki.fi","https://www.helsinki.fi/search?q=PDF","85-96","Free outreach","https://ratpdf.com/pdf-to-txt/pdf-to-text-online","PDF to text online","Alternative to Adobe export for students","it-help@helsinki.fi OR library@helsinki.fi","P1","Not started"
"653","OCR","Resource page","helsinki.fi","https://www.helsinki.fi/search?q=PDF","85-96","Free outreach","https://ratpdf.com/guides/ocr-pdf","OCR PDF searchable","Accessibility: make scanned PDFs searchable for screen readers","it-help@helsinki.fi OR library@helsinki.fi","P1","Not started"
"654","OCR","Resource page","helsinki.fi","https://www.helsinki.fi/search?q=PDF","85-96","Free outreach","https://ratpdf.com/pdf-to-txt/ocr-pdf-to-text","OCR PDF to text","Library digitization scan-to-text workflow","it-help@helsinki.fi OR library@helsinki.fi","P1","Not started"
"655","Compress PDF","Resource page","aalto.fi","https://www.aalto.fi/search?q=PDF","85-96","Free outreach","https://ratpdf.com/compress-pdf","compress PDF online free","Campus email attachment limits - link to compression hub + size checker","it-help@aalto.fi OR library@aalto.fi","P1","Not started"
"656","Compress PDF","Resource page","aalto.fi","https://www.aalto.fi/search?q=PDF","85-96","Free outreach","https://ratpdf.com/research/attachment-size-limits","email attachment size limits","Cite original research table in IT help article","it-help@aalto.fi OR library@aalto.fi","P1","Not started"
"657","PDF to Text","Resource page","aalto.fi","https://www.aalto.fi/search?q=PDF","85-96","Free outreach","https://ratpdf.com/pdf-to-txt/how-do-i-convert-pdf-to-text","convert PDF to text","Student workflow: extract readings for notes","it-help@aalto.fi OR library@aalto.fi","P1","Not started"
"658","PDF to Text","Resource page","aalto.fi","https://www.aalto.fi/search?q=PDF","85-96","Free outreach","https://ratpdf.com/pdf-to-txt/pdf-to-text-online","PDF to text online","Alternative to Adobe export for students","it-help@aalto.fi OR library@aalto.fi","P1","Not started"
"659","OCR","Resource page","aalto.fi","https://www.aalto.fi/search?q=PDF","85-96","Free outreach","https://ratpdf.com/guides/ocr-pdf","OCR PDF searchable","Accessibility: make scanned PDFs searchable for screen readers","it-help@aalto.fi OR library@aalto.fi","P1","Not started"
"660","OCR","Resource page","aalto.fi","https://www.aalto.fi/search?q=PDF","85-96","Free outreach","https://ratpdf.com/pdf-to-txt/ocr-pdf-to-text","OCR PDF to text","Library digitization scan-to-text workflow","it-help@aalto.fi OR library@aalto.fi","P1","Not started"
"661","Compress PDF","Resource page","uio.no","https://www.uio.no/search?q=PDF","85-96","Free outreach","https://ratpdf.com/compress-pdf","compress PDF online free","Campus email attachment limits - link to compression hub + size checker","it-help@uio.no OR library@uio.no","P1","Not started"
"662","Compress PDF","Resource page","uio.no","https://www.uio.no/search?q=PDF","85-96","Free outreach","https://ratpdf.com/research/attachment-size-limits","email attachment size limits","Cite original research table in IT help article","it-help@uio.no OR library@uio.no","P1","Not started"
"663","PDF to Text","Resource page","uio.no","https://www.uio.no/search?q=PDF","85-96","Free outreach","https://ratpdf.com/pdf-to-txt/how-do-i-convert-pdf-to-text","convert PDF to text","Student workflow: extract readings for notes","it-help@uio.no OR library@uio.no","P1","Not started"
"664","PDF to Text","Resource page","uio.no","https://www.uio.no/search?q=PDF","85-96","Free outreach","https://ratpdf.com/pdf-to-txt/pdf-to-text-online","PDF to text online","Alternative to Adobe export for students","it-help@uio.no OR library@uio.no","P1","Not started"
"665","OCR","Resource page","uio.no","https://www.uio.no/search?q=PDF","85-96","Free outreach","https://ratpdf.com/guides/ocr-pdf","OCR PDF searchable","Accessibility: make scanned PDFs searchable for screen readers","it-help@uio.no OR library@uio.no","P1","Not started"
"666","OCR","Resource page","uio.no","https://www.uio.no/search?q=PDF","85-96","Free outreach","https://ratpdf.com/pdf-to-txt/ocr-pdf-to-text","OCR PDF to text","Library digitization scan-to-text workflow","it-help@uio.no OR library@uio.no","P1","Not started"
"667","Compress PDF","Resource page","ntnu.no","https://www.ntnu.no/search?q=PDF","85-96","Free outreach","https://ratpdf.com/compress-pdf","compress PDF online free","Campus email attachment limits - link to compression hub + size checker","it-help@ntnu.no OR library@ntnu.no","P1","Not started"
"668","Compress PDF","Resource page","ntnu.no","https://www.ntnu.no/search?q=PDF","85-96","Free outreach","https://ratpdf.com/research/attachment-size-limits","email attachment size limits","Cite original research table in IT help article","it-help@ntnu.no OR library@ntnu.no","P1","Not started"
"669","PDF to Text","Resource page","ntnu.no","https://www.ntnu.no/search?q=PDF","85-96","Free outreach","https://ratpdf.com/pdf-to-txt/how-do-i-convert-pdf-to-text","convert PDF to text","Student workflow: extract readings for notes","it-help@ntnu.no OR library@ntnu.no","P1","Not started"
"670","PDF to Text","Resource page","ntnu.no","https://www.ntnu.no/search?q=PDF","85-96","Free outreach","https://ratpdf.com/pdf-to-txt/pdf-to-text-online","PDF to text online","Alternative to Adobe export for students","it-help@ntnu.no OR library@ntnu.no","P1","Not started"
"671","OCR","Resource page","ntnu.no","https://www.ntnu.no/search?q=PDF","85-96","Free outreach","https://ratpdf.com/guides/ocr-pdf","OCR PDF searchable","Accessibility: make scanned PDFs searchable for screen readers","it-help@ntnu.no OR library@ntnu.no","P1","Not started"
"672","OCR","Resource page","ntnu.no","https://www.ntnu.no/search?q=PDF","85-96","Free outreach","https://ratpdf.com/pdf-to-txt/ocr-pdf-to-text","OCR PDF to text","Library digitization scan-to-text workflow","it-help@ntnu.no OR library@ntnu.no","P1","Not started"
"673","Compress PDF","Resource page","copenhagen.dk","https://www.copenhagen.dk/search?q=PDF","85-96","Free outreach","https://ratpdf.com/compress-pdf","compress PDF online free","Campus email attachment limits - link to compression hub + size checker","it-help@copenhagen.dk OR library@copenhagen.dk","P1","Not started"
"674","Compress PDF","Resource page","copenhagen.dk","https://www.copenhagen.dk/search?q=PDF","85-96","Free outreach","https://ratpdf.com/research/attachment-size-limits","email attachment size limits","Cite original research table in IT help article","it-help@copenhagen.dk OR library@copenhagen.dk","P1","Not started"
"675","PDF to Text","Resource page","copenhagen.dk","https://www.copenhagen.dk/search?q=PDF","85-96","Free outreach","https://ratpdf.com/pdf-to-txt/how-do-i-convert-pdf-to-text","convert PDF to text","Student workflow: extract readings for notes","it-help@copenhagen.dk OR library@copenhagen.dk","P1","Not started"
"676","PDF to Text","Resource page","copenhagen.dk","https://www.copenhagen.dk/search?q=PDF","85-96","Free outreach","https://ratpdf.com/pdf-to-txt/pdf-to-text-online","PDF to text online","Alternative to Adobe export for students","it-help@copenhagen.dk OR library@copenhagen.dk","P1","Not started"
"677","OCR","Resource page","copenhagen.dk","https://www.copenhagen.dk/search?q=PDF","85-96","Free outreach","https://ratpdf.com/guides/ocr-pdf","OCR PDF searchable","Accessibility: make scanned PDFs searchable for screen readers","it-help@copenhagen.dk OR library@copenhagen.dk","P1","Not started"
"678","OCR","Resource page","copenhagen.dk","https://www.copenhagen.dk/search?q=PDF","85-96","Free outreach","https://ratpdf.com/pdf-to-txt/ocr-pdf-to-text","OCR PDF to text","Library digitization scan-to-text workflow","it-help@copenhagen.dk OR library@copenhagen.dk","P1","Not started"
"679","Compress PDF","Resource page","dtu.dk","https://www.dtu.dk/search?q=PDF","85-96","Free outreach","https://ratpdf.com/compress-pdf","compress PDF online free","Campus email attachment limits - link to compression hub + size checker","it-help@dtu.dk OR library@dtu.dk","P1","Not started"
"680","Compress PDF","Resource page","dtu.dk","https://www.dtu.dk/search?q=PDF","85-96","Free outreach","https://ratpdf.com/research/attachment-size-limits","email attachment size limits","Cite original research table in IT help article","it-help@dtu.dk OR library@dtu.dk","P1","Not started"
"681","PDF to Text","Resource page","dtu.dk","https://www.dtu.dk/search?q=PDF","85-96","Free outreach","https://ratpdf.com/pdf-to-txt/how-do-i-convert-pdf-to-text","convert PDF to text","Student workflow: extract readings for notes","it-help@dtu.dk OR library@dtu.dk","P1","Not started"
"682","PDF to Text","Resource page","dtu.dk","https://www.dtu.dk/search?q=PDF","85-96","Free outreach","https://ratpdf.com/pdf-to-txt/pdf-to-text-online","PDF to text online","Alternative to Adobe export for students","it-help@dtu.dk OR library@dtu.dk","P1","Not started"
"683","OCR","Resource page","dtu.dk","https://www.dtu.dk/search?q=PDF","85-96","Free outreach","https://ratpdf.com/guides/ocr-pdf","OCR PDF searchable","Accessibility: make scanned PDFs searchable for screen readers","it-help@dtu.dk OR library@dtu.dk","P1","Not started"
"684","OCR","Resource page","dtu.dk","https://www.dtu.dk/search?q=PDF","85-96","Free outreach","https://ratpdf.com/pdf-to-txt/ocr-pdf-to-text","OCR PDF to text","Library digitization scan-to-text workflow","it-help@dtu.dk OR library@dtu.dk","P1","Not started"
"685","Compress PDF","Resource page","hku.hk","https://www.hku.hk/search?q=PDF","85-96","Free outreach","https://ratpdf.com/compress-pdf","compress PDF online free","Campus email attachment limits - link to compression hub + size checker","it-help@hku.hk OR library@hku.hk","P1","Not started"
"686","Compress PDF","Resource page","hku.hk","https://www.hku.hk/search?q=PDF","85-96","Free outreach","https://ratpdf.com/research/attachment-size-limits","email attachment size limits","Cite original research table in IT help article","it-help@hku.hk OR library@hku.hk","P1","Not started"
"687","PDF to Text","Resource page","hku.hk","https://www.hku.hk/search?q=PDF","85-96","Free outreach","https://ratpdf.com/pdf-to-txt/how-do-i-convert-pdf-to-text","convert PDF to text","Student workflow: extract readings for notes","it-help@hku.hk OR library@hku.hk","P1","Not started"
"688","PDF to Text","Resource page","hku.hk","https://www.hku.hk/search?q=PDF","85-96","Free outreach","https://ratpdf.com/pdf-to-txt/pdf-to-text-online","PDF to text online","Alternative to Adobe export for students","it-help@hku.hk OR library@hku.hk","P1","Not started"
"689","OCR","Resource page","hku.hk","https://www.hku.hk/search?q=PDF","85-96","Free outreach","https://ratpdf.com/guides/ocr-pdf","OCR PDF searchable","Accessibility: make scanned PDFs searchable for screen readers","it-help@hku.hk OR library@hku.hk","P1","Not started"
"690","OCR","Resource page","hku.hk","https://www.hku.hk/search?q=PDF","85-96","Free outreach","https://ratpdf.com/pdf-to-txt/ocr-pdf-to-text","OCR PDF to text","Library digitization scan-to-text workflow","it-help@hku.hk OR library@hku.hk","P1","Not started"
"691","Compress PDF","Resource page","cuhk.edu.hk","https://www.cuhk.edu.hk/search?q=PDF","85-96","Free outreach","https://ratpdf.com/compress-pdf","compress PDF online free","Campus email attachment limits - link to compression hub + size checker","it-help@cuhk.edu.hk OR library@cuhk.edu.hk","P1","Not started"
"692","Compress PDF","Resource page","cuhk.edu.hk","https://www.cuhk.edu.hk/search?q=PDF","85-96","Free outreach","https://ratpdf.com/research/attachment-size-limits","email attachment size limits","Cite original research table in IT help article","it-help@cuhk.edu.hk OR library@cuhk.edu.hk","P1","Not started"
"693","PDF to Text","Resource page","cuhk.edu.hk","https://www.cuhk.edu.hk/search?q=PDF","85-96","Free outreach","https://ratpdf.com/pdf-to-txt/how-do-i-convert-pdf-to-text","convert PDF to text","Student workflow: extract readings for notes","it-help@cuhk.edu.hk OR library@cuhk.edu.hk","P1","Not started"
"694","PDF to Text","Resource page","cuhk.edu.hk","https://www.cuhk.edu.hk/search?q=PDF","85-96","Free outreach","https://ratpdf.com/pdf-to-txt/pdf-to-text-online","PDF to text online","Alternative to Adobe export for students","it-help@cuhk.edu.hk OR library@cuhk.edu.hk","P1","Not started"
"695","OCR","Resource page","cuhk.edu.hk","https://www.cuhk.edu.hk/search?q=PDF","85-96","Free outreach","https://ratpdf.com/guides/ocr-pdf","OCR PDF searchable","Accessibility: make scanned PDFs searchable for screen readers","it-help@cuhk.edu.hk OR library@cuhk.edu.hk","P1","Not started"
"696","OCR","Resource page","cuhk.edu.hk","https://www.cuhk.edu.hk/search?q=PDF","85-96","Free outreach","https://ratpdf.com/pdf-to-txt/ocr-pdf-to-text","OCR PDF to text","Library digitization scan-to-text workflow","it-help@cuhk.edu.hk OR library@cuhk.edu.hk","P1","Not started"
"697","Compress PDF","Resource page","hkust.edu.hk","https://www.hkust.edu.hk/search?q=PDF","85-96","Free outreach","https://ratpdf.com/compress-pdf","compress PDF online free","Campus email attachment limits - link to compression hub + size checker","it-help@hkust.edu.hk OR library@hkust.edu.hk","P1","Not started"
"698","Compress PDF","Resource page","hkust.edu.hk","https://www.hkust.edu.hk/search?q=PDF","85-96","Free outreach","https://ratpdf.com/research/attachment-size-limits","email attachment size limits","Cite original research table in IT help article","it-help@hkust.edu.hk OR library@hkust.edu.hk","P1","Not started"
"699","PDF to Text","Resource page","hkust.edu.hk","https://www.hkust.edu.hk/search?q=PDF","85-96","Free outreach","https://ratpdf.com/pdf-to-txt/how-do-i-convert-pdf-to-text","convert PDF to text","Student workflow: extract readings for notes","it-help@hkust.edu.hk OR library@hkust.edu.hk","P1","Not started"
"700","PDF to Text","Resource page","hkust.edu.hk","https://www.hkust.edu.hk/search?q=PDF","85-96","Free outreach","https://ratpdf.com/pdf-to-txt/pdf-to-text-online","PDF to text online","Alternative to Adobe export for students","it-help@hkust.edu.hk OR library@hkust.edu.hk","P1","Not started"
"701","OCR","Resource page","hkust.edu.hk","https://www.hkust.edu.hk/search?q=PDF","85-96","Free outreach","https://ratpdf.com/guides/ocr-pdf","OCR PDF searchable","Accessibility: make scanned PDFs searchable for screen readers","it-help@hkust.edu.hk OR library@hkust.edu.hk","P1","Not started"
"702","OCR","Resource page","hkust.edu.hk","https://www.hkust.edu.hk/search?q=PDF","85-96","Free outreach","https://ratpdf.com/pdf-to-txt/ocr-pdf-to-text","OCR PDF to text","Library digitization scan-to-text workflow","it-help@hkust.edu.hk OR library@hkust.edu.hk","P1","Not started"
"703","Compress PDF","Resource page","ntu.edu.tw","https://www.ntu.edu.tw/search?q=PDF","85-96","Free outreach","https://ratpdf.com/compress-pdf","compress PDF online free","Campus email attachment limits - link to compression hub + size checker","it-help@ntu.edu.tw OR library@ntu.edu.tw","P1","Not started"
"704","Compress PDF","Resource page","ntu.edu.tw","https://www.ntu.edu.tw/search?q=PDF","85-96","Free outreach","https://ratpdf.com/research/attachment-size-limits","email attachment size limits","Cite original research table in IT help article","it-help@ntu.edu.tw OR library@ntu.edu.tw","P1","Not started"
"705","PDF to Text","Resource page","ntu.edu.tw","https://www.ntu.edu.tw/search?q=PDF","85-96","Free outreach","https://ratpdf.com/pdf-to-txt/how-do-i-convert-pdf-to-text","convert PDF to text","Student workflow: extract readings for notes","it-help@ntu.edu.tw OR library@ntu.edu.tw","P1","Not started"
"706","PDF to Text","Resource page","ntu.edu.tw","https://www.ntu.edu.tw/search?q=PDF","85-96","Free outreach","https://ratpdf.com/pdf-to-txt/pdf-to-text-online","PDF to text online","Alternative to Adobe export for students","it-help@ntu.edu.tw OR library@ntu.edu.tw","P1","Not started"
"707","OCR","Resource page","ntu.edu.tw","https://www.ntu.edu.tw/search?q=PDF","85-96","Free outreach","https://ratpdf.com/guides/ocr-pdf","OCR PDF searchable","Accessibility: make scanned PDFs searchable for screen readers","it-help@ntu.edu.tw OR library@ntu.edu.tw","P1","Not started"
"708","OCR","Resource page","ntu.edu.tw","https://www.ntu.edu.tw/search?q=PDF","85-96","Free outreach","https://ratpdf.com/pdf-to-txt/ocr-pdf-to-text","OCR PDF to text","Library digitization scan-to-text workflow","it-help@ntu.edu.tw OR library@ntu.edu.tw","P1","Not started"
"709","Compress PDF","Resource page","nctu.edu.tw","https://www.nctu.edu.tw/search?q=PDF","85-96","Free outreach","https://ratpdf.com/compress-pdf","compress PDF online free","Campus email attachment limits - link to compression hub + size checker","it-help@nctu.edu.tw OR library@nctu.edu.tw","P1","Not started"
"710","Compress PDF","Resource page","nctu.edu.tw","https://www.nctu.edu.tw/search?q=PDF","85-96","Free outreach","https://ratpdf.com/research/attachment-size-limits","email attachment size limits","Cite original research table in IT help article","it-help@nctu.edu.tw OR library@nctu.edu.tw","P1","Not started"
"711","PDF to Text","Resource page","nctu.edu.tw","https://www.nctu.edu.tw/search?q=PDF","85-96","Free outreach","https://ratpdf.com/pdf-to-txt/how-do-i-convert-pdf-to-text","convert PDF to text","Student workflow: extract readings for notes","it-help@nctu.edu.tw OR library@nctu.edu.tw","P1","Not started"
"712","PDF to Text","Resource page","nctu.edu.tw","https://www.nctu.edu.tw/search?q=PDF","85-96","Free outreach","https://ratpdf.com/pdf-to-txt/pdf-to-text-online","PDF to text online","Alternative to Adobe export for students","it-help@nctu.edu.tw OR library@nctu.edu.tw","P1","Not started"
"713","OCR","Resource page","nctu.edu.tw","https://www.nctu.edu.tw/search?q=PDF","85-96","Free outreach","https://ratpdf.com/guides/ocr-pdf","OCR PDF searchable","Accessibility: make scanned PDFs searchable for screen readers","it-help@nctu.edu.tw OR library@nctu.edu.tw","P1","Not started"
"714","OCR","Resource page","nctu.edu.tw","https://www.nctu.edu.tw/search?q=PDF","85-96","Free outreach","https://ratpdf.com/pdf-to-txt/ocr-pdf-to-text","OCR PDF to text","Library digitization scan-to-text workflow","it-help@nctu.edu.tw OR library@nctu.edu.tw","P1","Not started"
"715","Compress PDF","Resource page","snu.ac.kr","https://www.snu.ac.kr/search?q=PDF","85-96","Free outreach","https://ratpdf.com/compress-pdf","compress PDF online free","Campus email attachment limits - link to compression hub + size checker","it-help@snu.ac.kr OR library@snu.ac.kr","P1","Not started"
"716","Compress PDF","Resource page","snu.ac.kr","https://www.snu.ac.kr/search?q=PDF","85-96","Free outreach","https://ratpdf.com/research/attachment-size-limits","email attachment size limits","Cite original research table in IT help article","it-help@snu.ac.kr OR library@snu.ac.kr","P1","Not started"
"717","PDF to Text","Resource page","snu.ac.kr","https://www.snu.ac.kr/search?q=PDF","85-96","Free outreach","https://ratpdf.com/pdf-to-txt/how-do-i-convert-pdf-to-text","convert PDF to text","Student workflow: extract readings for notes","it-help@snu.ac.kr OR library@snu.ac.kr","P1","Not started"
"718","PDF to Text","Resource page","snu.ac.kr","https://www.snu.ac.kr/search?q=PDF","85-96","Free outreach","https://ratpdf.com/pdf-to-txt/pdf-to-text-online","PDF to text online","Alternative to Adobe export for students","it-help@snu.ac.kr OR library@snu.ac.kr","P1","Not started"
"719","OCR","Resource page","snu.ac.kr","https://www.snu.ac.kr/search?q=PDF","85-96","Free outreach","https://ratpdf.com/guides/ocr-pdf","OCR PDF searchable","Accessibility: make scanned PDFs searchable for screen readers","it-help@snu.ac.kr OR library@snu.ac.kr","P1","Not started"
"720","OCR","Resource page","snu.ac.kr","https://www.snu.ac.kr/search?q=PDF","85-96","Free outreach","https://ratpdf.com/pdf-to-txt/ocr-pdf-to-text","OCR PDF to text","Library digitization scan-to-text workflow","it-help@snu.ac.kr OR library@snu.ac.kr","P1","Not started"
"721","Compress PDF","Resource page","kaist.ac.kr","https://www.kaist.ac.kr/search?q=PDF","85-96","Free outreach","https://ratpdf.com/compress-pdf","compress PDF online free","Campus email attachment limits - link to compression hub + size checker","it-help@kaist.ac.kr OR library@kaist.ac.kr","P1","Not started"
"722","Compress PDF","Resource page","kaist.ac.kr","https://www.kaist.ac.kr/search?q=PDF","85-96","Free outreach","https://ratpdf.com/research/attachment-size-limits","email attachment size limits","Cite original research table in IT help article","it-help@kaist.ac.kr OR library@kaist.ac.kr","P1","Not started"
"723","PDF to Text","Resource page","kaist.ac.kr","https://www.kaist.ac.kr/search?q=PDF","85-96","Free outreach","https://ratpdf.com/pdf-to-txt/how-do-i-convert-pdf-to-text","convert PDF to text","Student workflow: extract readings for notes","it-help@kaist.ac.kr OR library@kaist.ac.kr","P1","Not started"
"724","PDF to Text","Resource page","kaist.ac.kr","https://www.kaist.ac.kr/search?q=PDF","85-96","Free outreach","https://ratpdf.com/pdf-to-txt/pdf-to-text-online","PDF to text online","Alternative to Adobe export for students","it-help@kaist.ac.kr OR library@kaist.ac.kr","P1","Not started"
"725","OCR","Resource page","kaist.ac.kr","https://www.kaist.ac.kr/search?q=PDF","85-96","Free outreach","https://ratpdf.com/guides/ocr-pdf","OCR PDF searchable","Accessibility: make scanned PDFs searchable for screen readers","it-help@kaist.ac.kr OR library@kaist.ac.kr","P1","Not started"
"726","OCR","Resource page","kaist.ac.kr","https://www.kaist.ac.kr/search?q=PDF","85-96","Free outreach","https://ratpdf.com/pdf-to-txt/ocr-pdf-to-text","OCR PDF to text","Library digitization scan-to-text workflow","it-help@kaist.ac.kr OR library@kaist.ac.kr","P1","Not started"
"727","Compress PDF","Resource page","postech.ac.kr","https://www.postech.ac.kr/search?q=PDF","85-96","Free outreach","https://ratpdf.com/compress-pdf","compress PDF online free","Campus email attachment limits - link to compression hub + size checker","it-help@postech.ac.kr OR library@postech.ac.kr","P1","Not started"
"728","Compress PDF","Resource page","postech.ac.kr","https://www.postech.ac.kr/search?q=PDF","85-96","Free outreach","https://ratpdf.com/research/attachment-size-limits","email attachment size limits","Cite original research table in IT help article","it-help@postech.ac.kr OR library@postech.ac.kr","P1","Not started"
"729","PDF to Text","Resource page","postech.ac.kr","https://www.postech.ac.kr/search?q=PDF","85-96","Free outreach","https://ratpdf.com/pdf-to-txt/how-do-i-convert-pdf-to-text","convert PDF to text","Student workflow: extract readings for notes","it-help@postech.ac.kr OR library@postech.ac.kr","P1","Not started"
"730","PDF to Text","Resource page","postech.ac.kr","https://www.postech.ac.kr/search?q=PDF","85-96","Free outreach","https://ratpdf.com/pdf-to-txt/pdf-to-text-online","PDF to text online","Alternative to Adobe export for students","it-help@postech.ac.kr OR library@postech.ac.kr","P1","Not started"
"731","OCR","Resource page","postech.ac.kr","https://www.postech.ac.kr/search?q=PDF","85-96","Free outreach","https://ratpdf.com/guides/ocr-pdf","OCR PDF searchable","Accessibility: make scanned PDFs searchable for screen readers","it-help@postech.ac.kr OR library@postech.ac.kr","P1","Not started"
"732","OCR","Resource page","postech.ac.kr","https://www.postech.ac.kr/search?q=PDF","85-96","Free outreach","https://ratpdf.com/pdf-to-txt/ocr-pdf-to-text","OCR PDF to text","Library digitization scan-to-text workflow","it-help@postech.ac.kr OR library@postech.ac.kr","P1","Not started"
"733","Compress PDF","Resource page","u-tokyo.ac.jp","https://www.u-tokyo.ac.jp/search?q=PDF","85-96","Free outreach","https://ratpdf.com/compress-pdf","compress PDF online free","Campus email attachment limits - link to compression hub + size checker","it-help@u-tokyo.ac.jp OR library@u-tokyo.ac.jp","P1","Not started"
"734","Compress PDF","Resource page","u-tokyo.ac.jp","https://www.u-tokyo.ac.jp/search?q=PDF","85-96","Free outreach","https://ratpdf.com/research/attachment-size-limits","email attachment size limits","Cite original research table in IT help article","it-help@u-tokyo.ac.jp OR library@u-tokyo.ac.jp","P1","Not started"
"735","PDF to Text","Resource page","u-tokyo.ac.jp","https://www.u-tokyo.ac.jp/search?q=PDF","85-96","Free outreach","https://ratpdf.com/pdf-to-txt/how-do-i-convert-pdf-to-text","convert PDF to text","Student workflow: extract readings for notes","it-help@u-tokyo.ac.jp OR library@u-tokyo.ac.jp","P1","Not started"
"736","PDF to Text","Resource page","u-tokyo.ac.jp","https://www.u-tokyo.ac.jp/search?q=PDF","85-96","Free outreach","https://ratpdf.com/pdf-to-txt/pdf-to-text-online","PDF to text online","Alternative to Adobe export for students","it-help@u-tokyo.ac.jp OR library@u-tokyo.ac.jp","P1","Not started"
"737","OCR","Resource page","u-tokyo.ac.jp","https://www.u-tokyo.ac.jp/search?q=PDF","85-96","Free outreach","https://ratpdf.com/guides/ocr-pdf","OCR PDF searchable","Accessibility: make scanned PDFs searchable for screen readers","it-help@u-tokyo.ac.jp OR library@u-tokyo.ac.jp","P1","Not started"
"738","OCR","Resource page","u-tokyo.ac.jp","https://www.u-tokyo.ac.jp/search?q=PDF","85-96","Free outreach","https://ratpdf.com/pdf-to-txt/ocr-pdf-to-text","OCR PDF to text","Library digitization scan-to-text workflow","it-help@u-tokyo.ac.jp OR library@u-tokyo.ac.jp","P1","Not started"
"739","Compress PDF","Resource page","kyoto-u.ac.jp","https://www.kyoto-u.ac.jp/search?q=PDF","85-96","Free outreach","https://ratpdf.com/compress-pdf","compress PDF online free","Campus email attachment limits - link to compression hub + size checker","it-help@kyoto-u.ac.jp OR library@kyoto-u.ac.jp","P1","Not started"
"740","Compress PDF","Resource page","kyoto-u.ac.jp","https://www.kyoto-u.ac.jp/search?q=PDF","85-96","Free outreach","https://ratpdf.com/research/attachment-size-limits","email attachment size limits","Cite original research table in IT help article","it-help@kyoto-u.ac.jp OR library@kyoto-u.ac.jp","P1","Not started"
"741","PDF to Text","Resource page","kyoto-u.ac.jp","https://www.kyoto-u.ac.jp/search?q=PDF","85-96","Free outreach","https://ratpdf.com/pdf-to-txt/how-do-i-convert-pdf-to-text","convert PDF to text","Student workflow: extract readings for notes","it-help@kyoto-u.ac.jp OR library@kyoto-u.ac.jp","P1","Not started"
"742","PDF to Text","Resource page","kyoto-u.ac.jp","https://www.kyoto-u.ac.jp/search?q=PDF","85-96","Free outreach","https://ratpdf.com/pdf-to-txt/pdf-to-text-online","PDF to text online","Alternative to Adobe export for students","it-help@kyoto-u.ac.jp OR library@kyoto-u.ac.jp","P1","Not started"
"743","OCR","Resource page","kyoto-u.ac.jp","https://www.kyoto-u.ac.jp/search?q=PDF","85-96","Free outreach","https://ratpdf.com/guides/ocr-pdf","OCR PDF searchable","Accessibility: make scanned PDFs searchable for screen readers","it-help@kyoto-u.ac.jp OR library@kyoto-u.ac.jp","P1","Not started"
"744","OCR","Resource page","kyoto-u.ac.jp","https://www.kyoto-u.ac.jp/search?q=PDF","85-96","Free outreach","https://ratpdf.com/pdf-to-txt/ocr-pdf-to-text","OCR PDF to text","Library digitization scan-to-text workflow","it-help@kyoto-u.ac.jp OR library@kyoto-u.ac.jp","P1","Not started"
"745","Compress PDF","Resource page","osaka-u.ac.jp","https://www.osaka-u.ac.jp/search?q=PDF","85-96","Free outreach","https://ratpdf.com/compress-pdf","compress PDF online free","Campus email attachment limits - link to compression hub + size checker","it-help@osaka-u.ac.jp OR library@osaka-u.ac.jp","P1","Not started"
"746","Compress PDF","Resource page","osaka-u.ac.jp","https://www.osaka-u.ac.jp/search?q=PDF","85-96","Free outreach","https://ratpdf.com/research/attachment-size-limits","email attachment size limits","Cite original research table in IT help article","it-help@osaka-u.ac.jp OR library@osaka-u.ac.jp","P1","Not started"
"747","PDF to Text","Resource page","osaka-u.ac.jp","https://www.osaka-u.ac.jp/search?q=PDF","85-96","Free outreach","https://ratpdf.com/pdf-to-txt/how-do-i-convert-pdf-to-text","convert PDF to text","Student workflow: extract readings for notes","it-help@osaka-u.ac.jp OR library@osaka-u.ac.jp","P1","Not started"
"748","PDF to Text","Resource page","osaka-u.ac.jp","https://www.osaka-u.ac.jp/search?q=PDF","85-96","Free outreach","https://ratpdf.com/pdf-to-txt/pdf-to-text-online","PDF to text online","Alternative to Adobe export for students","it-help@osaka-u.ac.jp OR library@osaka-u.ac.jp","P1","Not started"
"749","OCR","Resource page","osaka-u.ac.jp","https://www.osaka-u.ac.jp/search?q=PDF","85-96","Free outreach","https://ratpdf.com/guides/ocr-pdf","OCR PDF searchable","Accessibility: make scanned PDFs searchable for screen readers","it-help@osaka-u.ac.jp OR library@osaka-u.ac.jp","P1","Not started"
"750","OCR","Resource page","osaka-u.ac.jp","https://www.osaka-u.ac.jp/search?q=PDF","85-96","Free outreach","https://ratpdf.com/pdf-to-txt/ocr-pdf-to-text","OCR PDF to text","Library digitization scan-to-text workflow","it-help@osaka-u.ac.jp OR library@osaka-u.ac.jp","P1","Not started"
"751","Compress PDF","Resource page","tohoku.ac.jp","https://www.tohoku.ac.jp/search?q=PDF","85-96","Free outreach","https://ratpdf.com/compress-pdf","compress PDF online free","Campus email attachment limits - link to compression hub + size checker","it-help@tohoku.ac.jp OR library@tohoku.ac.jp","P1","Not started"
"752","Compress PDF","Resource page","tohoku.ac.jp","https://www.tohoku.ac.jp/search?q=PDF","85-96","Free outreach","https://ratpdf.com/research/attachment-size-limits","email attachment size limits","Cite original research table in IT help article","it-help@tohoku.ac.jp OR library@tohoku.ac.jp","P1","Not started"
"753","PDF to Text","Resource page","tohoku.ac.jp","https://www.tohoku.ac.jp/search?q=PDF","85-96","Free outreach","https://ratpdf.com/pdf-to-txt/how-do-i-convert-pdf-to-text","convert PDF to text","Student workflow: extract readings for notes","it-help@tohoku.ac.jp OR library@tohoku.ac.jp","P1","Not started"
"754","PDF to Text","Resource page","tohoku.ac.jp","https://www.tohoku.ac.jp/search?q=PDF","85-96","Free outreach","https://ratpdf.com/pdf-to-txt/pdf-to-text-online","PDF to text online","Alternative to Adobe export for students","it-help@tohoku.ac.jp OR library@tohoku.ac.jp","P1","Not started"
"755","OCR","Resource page","tohoku.ac.jp","https://www.tohoku.ac.jp/search?q=PDF","85-96","Free outreach","https://ratpdf.com/guides/ocr-pdf","OCR PDF searchable","Accessibility: make scanned PDFs searchable for screen readers","it-help@tohoku.ac.jp OR library@tohoku.ac.jp","P1","Not started"
"756","OCR","Resource page","tohoku.ac.jp","https://www.tohoku.ac.jp/search?q=PDF","85-96","Free outreach","https://ratpdf.com/pdf-to-txt/ocr-pdf-to-text","OCR PDF to text","Library digitization scan-to-text workflow","it-help@tohoku.ac.jp OR library@tohoku.ac.jp","P1","Not started"
"757","Compress PDF","Resource page","nus.edu.sg","https://www.nus.edu.sg/search?q=PDF","85-96","Free outreach","https://ratpdf.com/compress-pdf","compress PDF online free","Campus email attachment limits - link to compression hub + size checker","it-help@nus.edu.sg OR library@nus.edu.sg","P1","Not started"
"758","Compress PDF","Resource page","nus.edu.sg","https://www.nus.edu.sg/search?q=PDF","85-96","Free outreach","https://ratpdf.com/research/attachment-size-limits","email attachment size limits","Cite original research table in IT help article","it-help@nus.edu.sg OR library@nus.edu.sg","P1","Not started"
"759","PDF to Text","Resource page","nus.edu.sg","https://www.nus.edu.sg/search?q=PDF","85-96","Free outreach","https://ratpdf.com/pdf-to-txt/how-do-i-convert-pdf-to-text","convert PDF to text","Student workflow: extract readings for notes","it-help@nus.edu.sg OR library@nus.edu.sg","P1","Not started"
"760","PDF to Text","Resource page","nus.edu.sg","https://www.nus.edu.sg/search?q=PDF","85-96","Free outreach","https://ratpdf.com/pdf-to-txt/pdf-to-text-online","PDF to text online","Alternative to Adobe export for students","it-help@nus.edu.sg OR library@nus.edu.sg","P1","Not started"
"761","OCR","Resource page","nus.edu.sg","https://www.nus.edu.sg/search?q=PDF","85-96","Free outreach","https://ratpdf.com/guides/ocr-pdf","OCR PDF searchable","Accessibility: make scanned PDFs searchable for screen readers","it-help@nus.edu.sg OR library@nus.edu.sg","P1","Not started"
"762","OCR","Resource page","nus.edu.sg","https://www.nus.edu.sg/search?q=PDF","85-96","Free outreach","https://ratpdf.com/pdf-to-txt/ocr-pdf-to-text","OCR PDF to text","Library digitization scan-to-text workflow","it-help@nus.edu.sg OR library@nus.edu.sg","P1","Not started"
"763","Compress PDF","Resource page","ntu.edu.sg","https://www.ntu.edu.sg/search?q=PDF","85-96","Free outreach","https://ratpdf.com/compress-pdf","compress PDF online free","Campus email attachment limits - link to compression hub + size checker","it-help@ntu.edu.sg OR library@ntu.edu.sg","P1","Not started"
"764","Compress PDF","Resource page","ntu.edu.sg","https://www.ntu.edu.sg/search?q=PDF","85-96","Free outreach","https://ratpdf.com/research/attachment-size-limits","email attachment size limits","Cite original research table in IT help article","it-help@ntu.edu.sg OR library@ntu.edu.sg","P1","Not started"
"765","PDF to Text","Resource page","ntu.edu.sg","https://www.ntu.edu.sg/search?q=PDF","85-96","Free outreach","https://ratpdf.com/pdf-to-txt/how-do-i-convert-pdf-to-text","convert PDF to text","Student workflow: extract readings for notes","it-help@ntu.edu.sg OR library@ntu.edu.sg","P1","Not started"
"766","PDF to Text","Resource page","ntu.edu.sg","https://www.ntu.edu.sg/search?q=PDF","85-96","Free outreach","https://ratpdf.com/pdf-to-txt/pdf-to-text-online","PDF to text online","Alternative to Adobe export for students","it-help@ntu.edu.sg OR library@ntu.edu.sg","P1","Not started"
"767","OCR","Resource page","ntu.edu.sg","https://www.ntu.edu.sg/search?q=PDF","85-96","Free outreach","https://ratpdf.com/guides/ocr-pdf","OCR PDF searchable","Accessibility: make scanned PDFs searchable for screen readers","it-help@ntu.edu.sg OR library@ntu.edu.sg","P1","Not started"
"768","OCR","Resource page","ntu.edu.sg","https://www.ntu.edu.sg/search?q=PDF","85-96","Free outreach","https://ratpdf.com/pdf-to-txt/ocr-pdf-to-text","OCR PDF to text","Library digitization scan-to-text workflow","it-help@ntu.edu.sg OR library@ntu.edu.sg","P1","Not started"
"769","Compress PDF","Resource page","smu.edu.sg","https://www.smu.edu.sg/search?q=PDF","85-96","Free outreach","https://ratpdf.com/compress-pdf","compress PDF online free","Campus email attachment limits - link to compression hub + size checker","it-help@smu.edu.sg OR library@smu.edu.sg","P1","Not started"
"770","Compress PDF","Resource page","smu.edu.sg","https://www.smu.edu.sg/search?q=PDF","85-96","Free outreach","https://ratpdf.com/research/attachment-size-limits","email attachment size limits","Cite original research table in IT help article","it-help@smu.edu.sg OR library@smu.edu.sg","P1","Not started"
"771","PDF to Text","Resource page","smu.edu.sg","https://www.smu.edu.sg/search?q=PDF","85-96","Free outreach","https://ratpdf.com/pdf-to-txt/how-do-i-convert-pdf-to-text","convert PDF to text","Student workflow: extract readings for notes","it-help@smu.edu.sg OR library@smu.edu.sg","P1","Not started"
"772","PDF to Text","Resource page","smu.edu.sg","https://www.smu.edu.sg/search?q=PDF","85-96","Free outreach","https://ratpdf.com/pdf-to-txt/pdf-to-text-online","PDF to text online","Alternative to Adobe export for students","it-help@smu.edu.sg OR library@smu.edu.sg","P1","Not started"
"773","OCR","Resource page","smu.edu.sg","https://www.smu.edu.sg/search?q=PDF","85-96","Free outreach","https://ratpdf.com/guides/ocr-pdf","OCR PDF searchable","Accessibility: make scanned PDFs searchable for screen readers","it-help@smu.edu.sg OR library@smu.edu.sg","P1","Not started"
"774","OCR","Resource page","smu.edu.sg","https://www.smu.edu.sg/search?q=PDF","85-96","Free outreach","https://ratpdf.com/pdf-to-txt/ocr-pdf-to-text","OCR PDF to text","Library digitization scan-to-text workflow","it-help@smu.edu.sg OR library@smu.edu.sg","P1","Not started"
"775","Compress PDF","Resource page","iitd.ac.in","https://www.iitd.ac.in/search?q=PDF","85-96","Free outreach","https://ratpdf.com/compress-pdf","compress PDF online free","Campus email attachment limits - link to compression hub + size checker","it-help@iitd.ac.in OR library@iitd.ac.in","P1","Not started"
"776","Compress PDF","Resource page","iitd.ac.in","https://www.iitd.ac.in/search?q=PDF","85-96","Free outreach","https://ratpdf.com/research/attachment-size-limits","email attachment size limits","Cite original research table in IT help article","it-help@iitd.ac.in OR library@iitd.ac.in","P1","Not started"
"777","PDF to Text","Resource page","iitd.ac.in","https://www.iitd.ac.in/search?q=PDF","85-96","Free outreach","https://ratpdf.com/pdf-to-txt/how-do-i-convert-pdf-to-text","convert PDF to text","Student workflow: extract readings for notes","it-help@iitd.ac.in OR library@iitd.ac.in","P1","Not started"
"778","PDF to Text","Resource page","iitd.ac.in","https://www.iitd.ac.in/search?q=PDF","85-96","Free outreach","https://ratpdf.com/pdf-to-txt/pdf-to-text-online","PDF to text online","Alternative to Adobe export for students","it-help@iitd.ac.in OR library@iitd.ac.in","P1","Not started"
"779","OCR","Resource page","iitd.ac.in","https://www.iitd.ac.in/search?q=PDF","85-96","Free outreach","https://ratpdf.com/guides/ocr-pdf","OCR PDF searchable","Accessibility: make scanned PDFs searchable for screen readers","it-help@iitd.ac.in OR library@iitd.ac.in","P1","Not started"
"780","OCR","Resource page","iitd.ac.in","https://www.iitd.ac.in/search?q=PDF","85-96","Free outreach","https://ratpdf.com/pdf-to-txt/ocr-pdf-to-text","OCR PDF to text","Library digitization scan-to-text workflow","it-help@iitd.ac.in OR library@iitd.ac.in","P1","Not started"
"781","Compress PDF","Resource page","iitk.ac.in","https://www.iitk.ac.in/search?q=PDF","85-96","Free outreach","https://ratpdf.com/compress-pdf","compress PDF online free","Campus email attachment limits - link to compression hub + size checker","it-help@iitk.ac.in OR library@iitk.ac.in","P1","Not started"
"782","Compress PDF","Resource page","iitk.ac.in","https://www.iitk.ac.in/search?q=PDF","85-96","Free outreach","https://ratpdf.com/research/attachment-size-limits","email attachment size limits","Cite original research table in IT help article","it-help@iitk.ac.in OR library@iitk.ac.in","P1","Not started"
"783","PDF to Text","Resource page","iitk.ac.in","https://www.iitk.ac.in/search?q=PDF","85-96","Free outreach","https://ratpdf.com/pdf-to-txt/how-do-i-convert-pdf-to-text","convert PDF to text","Student workflow: extract readings for notes","it-help@iitk.ac.in OR library@iitk.ac.in","P1","Not started"
"784","PDF to Text","Resource page","iitk.ac.in","https://www.iitk.ac.in/search?q=PDF","85-96","Free outreach","https://ratpdf.com/pdf-to-txt/pdf-to-text-online","PDF to text online","Alternative to Adobe export for students","it-help@iitk.ac.in OR library@iitk.ac.in","P1","Not started"
"785","OCR","Resource page","iitk.ac.in","https://www.iitk.ac.in/search?q=PDF","85-96","Free outreach","https://ratpdf.com/guides/ocr-pdf","OCR PDF searchable","Accessibility: make scanned PDFs searchable for screen readers","it-help@iitk.ac.in OR library@iitk.ac.in","P1","Not started"
"786","OCR","Resource page","iitk.ac.in","https://www.iitk.ac.in/search?q=PDF","85-96","Free outreach","https://ratpdf.com/pdf-to-txt/ocr-pdf-to-text","OCR PDF to text","Library digitization scan-to-text workflow","it-help@iitk.ac.in OR library@iitk.ac.in","P1","Not started"
"787","Compress PDF","Resource page","iitm.ac.in","https://www.iitm.ac.in/search?q=PDF","85-96","Free outreach","https://ratpdf.com/compress-pdf","compress PDF online free","Campus email attachment limits - link to compression hub + size checker","it-help@iitm.ac.in OR library@iitm.ac.in","P1","Not started"
"788","Compress PDF","Resource page","iitm.ac.in","https://www.iitm.ac.in/search?q=PDF","85-96","Free outreach","https://ratpdf.com/research/attachment-size-limits","email attachment size limits","Cite original research table in IT help article","it-help@iitm.ac.in OR library@iitm.ac.in","P1","Not started"
"789","PDF to Text","Resource page","iitm.ac.in","https://www.iitm.ac.in/search?q=PDF","85-96","Free outreach","https://ratpdf.com/pdf-to-txt/how-do-i-convert-pdf-to-text","convert PDF to text","Student workflow: extract readings for notes","it-help@iitm.ac.in OR library@iitm.ac.in","P1","Not started"
"790","PDF to Text","Resource page","iitm.ac.in","https://www.iitm.ac.in/search?q=PDF","85-96","Free outreach","https://ratpdf.com/pdf-to-txt/pdf-to-text-online","PDF to text online","Alternative to Adobe export for students","it-help@iitm.ac.in OR library@iitm.ac.in","P1","Not started"
"791","OCR","Resource page","iitm.ac.in","https://www.iitm.ac.in/search?q=PDF","85-96","Free outreach","https://ratpdf.com/guides/ocr-pdf","OCR PDF searchable","Accessibility: make scanned PDFs searchable for screen readers","it-help@iitm.ac.in OR library@iitm.ac.in","P1","Not started"
"792","OCR","Resource page","iitm.ac.in","https://www.iitm.ac.in/search?q=PDF","85-96","Free outreach","https://ratpdf.com/pdf-to-txt/ocr-pdf-to-text","OCR PDF to text","Library digitization scan-to-text workflow","it-help@iitm.ac.in OR library@iitm.ac.in","P1","Not started"
"793","Compress PDF","Resource page","iitkgp.ac.in","https://www.iitkgp.ac.in/search?q=PDF","85-96","Free outreach","https://ratpdf.com/compress-pdf","compress PDF online free","Campus email attachment limits - link to compression hub + size checker","it-help@iitkgp.ac.in OR library@iitkgp.ac.in","P1","Not started"
"794","Compress PDF","Resource page","iitkgp.ac.in","https://www.iitkgp.ac.in/search?q=PDF","85-96","Free outreach","https://ratpdf.com/research/attachment-size-limits","email attachment size limits","Cite original research table in IT help article","it-help@iitkgp.ac.in OR library@iitkgp.ac.in","P1","Not started"
"795","PDF to Text","Resource page","iitkgp.ac.in","https://www.iitkgp.ac.in/search?q=PDF","85-96","Free outreach","https://ratpdf.com/pdf-to-txt/how-do-i-convert-pdf-to-text","convert PDF to text","Student workflow: extract readings for notes","it-help@iitkgp.ac.in OR library@iitkgp.ac.in","P1","Not started"
"796","PDF to Text","Resource page","iitkgp.ac.in","https://www.iitkgp.ac.in/search?q=PDF","85-96","Free outreach","https://ratpdf.com/pdf-to-txt/pdf-to-text-online","PDF to text online","Alternative to Adobe export for students","it-help@iitkgp.ac.in OR library@iitkgp.ac.in","P1","Not started"
"797","OCR","Resource page","iitkgp.ac.in","https://www.iitkgp.ac.in/search?q=PDF","85-96","Free outreach","https://ratpdf.com/guides/ocr-pdf","OCR PDF searchable","Accessibility: make scanned PDFs searchable for screen readers","it-help@iitkgp.ac.in OR library@iitkgp.ac.in","P1","Not started"
"798","OCR","Resource page","iitkgp.ac.in","https://www.iitkgp.ac.in/search?q=PDF","85-96","Free outreach","https://ratpdf.com/pdf-to-txt/ocr-pdf-to-text","OCR PDF to text","Library digitization scan-to-text workflow","it-help@iitkgp.ac.in OR library@iitkgp.ac.in","P1","Not started"
"799","Compress PDF","Resource page","bits-pilani.ac.in","https://www.bits-pilani.ac.in/search?q=PDF","85-96","Free outreach","https://ratpdf.com/compress-pdf","compress PDF online free","Campus email attachment limits - link to compression hub + size checker","it-help@bits-pilani.ac.in OR library@bits-pilani.ac.in","P1","Not started"
"800","Compress PDF","Resource page","bits-pilani.ac.in","https://www.bits-pilani.ac.in/search?q=PDF","85-96","Free outreach","https://ratpdf.com/research/attachment-size-limits","email attachment size limits","Cite original research table in IT help article","it-help@bits-pilani.ac.in OR library@bits-pilani.ac.in","P1","Not started"
"801","PDF to Text","Resource page","bits-pilani.ac.in","https://www.bits-pilani.ac.in/search?q=PDF","85-96","Free outreach","https://ratpdf.com/pdf-to-txt/how-do-i-convert-pdf-to-text","convert PDF to text","Student workflow: extract readings for notes","it-help@bits-pilani.ac.in OR library@bits-pilani.ac.in","P1","Not started"
"802","PDF to Text","Resource page","bits-pilani.ac.in","https://www.bits-pilani.ac.in/search?q=PDF","85-96","Free outreach","https://ratpdf.com/pdf-to-txt/pdf-to-text-online","PDF to text online","Alternative to Adobe export for students","it-help@bits-pilani.ac.in OR library@bits-pilani.ac.in","P1","Not started"
"803","OCR","Resource page","bits-pilani.ac.in","https://www.bits-pilani.ac.in/search?q=PDF","85-96","Free outreach","https://ratpdf.com/guides/ocr-pdf","OCR PDF searchable","Accessibility: make scanned PDFs searchable for screen readers","it-help@bits-pilani.ac.in OR library@bits-pilani.ac.in","P1","Not started"
"804","OCR","Resource page","bits-pilani.ac.in","https://www.bits-pilani.ac.in/search?q=PDF","85-96","Free outreach","https://ratpdf.com/pdf-to-txt/ocr-pdf-to-text","OCR PDF to text","Library digitization scan-to-text workflow","it-help@bits-pilani.ac.in OR library@bits-pilani.ac.in","P1","Not started"
"805","Compress PDF","Resource page","du.ac.in","https://www.du.ac.in/search?q=PDF","85-96","Free outreach","https://ratpdf.com/compress-pdf","compress PDF online free","Campus email attachment limits - link to compression hub + size checker","it-help@du.ac.in OR library@du.ac.in","P1","Not started"
"806","Compress PDF","Resource page","du.ac.in","https://www.du.ac.in/search?q=PDF","85-96","Free outreach","https://ratpdf.com/research/attachment-size-limits","email attachment size limits","Cite original research table in IT help article","it-help@du.ac.in OR library@du.ac.in","P1","Not started"
"807","PDF to Text","Resource page","du.ac.in","https://www.du.ac.in/search?q=PDF","85-96","Free outreach","https://ratpdf.com/pdf-to-txt/how-do-i-convert-pdf-to-text","convert PDF to text","Student workflow: extract readings for notes","it-help@du.ac.in OR library@du.ac.in","P1","Not started"
"808","PDF to Text","Resource page","du.ac.in","https://www.du.ac.in/search?q=PDF","85-96","Free outreach","https://ratpdf.com/pdf-to-txt/pdf-to-text-online","PDF to text online","Alternative to Adobe export for students","it-help@du.ac.in OR library@du.ac.in","P1","Not started"
"809","OCR","Resource page","du.ac.in","https://www.du.ac.in/search?q=PDF","85-96","Free outreach","https://ratpdf.com/guides/ocr-pdf","OCR PDF searchable","Accessibility: make scanned PDFs searchable for screen readers","it-help@du.ac.in OR library@du.ac.in","P1","Not started"
"810","OCR","Resource page","du.ac.in","https://www.du.ac.in/search?q=PDF","85-96","Free outreach","https://ratpdf.com/pdf-to-txt/ocr-pdf-to-text","OCR PDF to text","Library digitization scan-to-text workflow","it-help@du.ac.in OR library@du.ac.in","P1","Not started"
"811","Compress PDF","Resource page","jnu.ac.in","https://www.jnu.ac.in/search?q=PDF","85-96","Free outreach","https://ratpdf.com/compress-pdf","compress PDF online free","Campus email attachment limits - link to compression hub + size checker","it-help@jnu.ac.in OR library@jnu.ac.in","P1","Not started"
"812","Compress PDF","Resource page","jnu.ac.in","https://www.jnu.ac.in/search?q=PDF","85-96","Free outreach","https://ratpdf.com/research/attachment-size-limits","email attachment size limits","Cite original research table in IT help article","it-help@jnu.ac.in OR library@jnu.ac.in","P1","Not started"
"813","PDF to Text","Resource page","jnu.ac.in","https://www.jnu.ac.in/search?q=PDF","85-96","Free outreach","https://ratpdf.com/pdf-to-txt/how-do-i-convert-pdf-to-text","convert PDF to text","Student workflow: extract readings for notes","it-help@jnu.ac.in OR library@jnu.ac.in","P1","Not started"
"814","PDF to Text","Resource page","jnu.ac.in","https://www.jnu.ac.in/search?q=PDF","85-96","Free outreach","https://ratpdf.com/pdf-to-txt/pdf-to-text-online","PDF to text online","Alternative to Adobe export for students","it-help@jnu.ac.in OR library@jnu.ac.in","P1","Not started"
"815","OCR","Resource page","jnu.ac.in","https://www.jnu.ac.in/search?q=PDF","85-96","Free outreach","https://ratpdf.com/guides/ocr-pdf","OCR PDF searchable","Accessibility: make scanned PDFs searchable for screen readers","it-help@jnu.ac.in OR library@jnu.ac.in","P1","Not started"
"816","OCR","Resource page","jnu.ac.in","https://www.jnu.ac.in/search?q=PDF","85-96","Free outreach","https://ratpdf.com/pdf-to-txt/ocr-pdf-to-text","OCR PDF to text","Library digitization scan-to-text workflow","it-help@jnu.ac.in OR library@jnu.ac.in","P1","Not started"
"817","Compress PDF","Resource page","ignou.ac.in","https://www.ignou.ac.in/search?q=PDF","85-96","Free outreach","https://ratpdf.com/compress-pdf","compress PDF online free","Campus email attachment limits - link to compression hub + size checker","it-help@ignou.ac.in OR library@ignou.ac.in","P1","Not started"
"818","Compress PDF","Resource page","ignou.ac.in","https://www.ignou.ac.in/search?q=PDF","85-96","Free outreach","https://ratpdf.com/research/attachment-size-limits","email attachment size limits","Cite original research table in IT help article","it-help@ignou.ac.in OR library@ignou.ac.in","P1","Not started"
"819","PDF to Text","Resource page","ignou.ac.in","https://www.ignou.ac.in/search?q=PDF","85-96","Free outreach","https://ratpdf.com/pdf-to-txt/how-do-i-convert-pdf-to-text","convert PDF to text","Student workflow: extract readings for notes","it-help@ignou.ac.in OR library@ignou.ac.in","P1","Not started"
"820","PDF to Text","Resource page","ignou.ac.in","https://www.ignou.ac.in/search?q=PDF","85-96","Free outreach","https://ratpdf.com/pdf-to-txt/pdf-to-text-online","PDF to text online","Alternative to Adobe export for students","it-help@ignou.ac.in OR library@ignou.ac.in","P1","Not started"
"821","OCR","Resource page","ignou.ac.in","https://www.ignou.ac.in/search?q=PDF","85-96","Free outreach","https://ratpdf.com/guides/ocr-pdf","OCR PDF searchable","Accessibility: make scanned PDFs searchable for screen readers","it-help@ignou.ac.in OR library@ignou.ac.in","P1","Not started"
"822","OCR","Resource page","ignou.ac.in","https://www.ignou.ac.in/search?q=PDF","85-96","Free outreach","https://ratpdf.com/pdf-to-txt/ocr-pdf-to-text","OCR PDF to text","Library digitization scan-to-text workflow","it-help@ignou.ac.in OR library@ignou.ac.in","P1","Not started"
"823","Compress PDF","Resource page","support.google.com","https://support.google.com/mail/answer/6584","99","Free outreach","https://ratpdf.com/research/attachment-size-limits","Gmail attachment size limits","Suggest citing RatPDF limits research in community answers","editorial OR webmaster@support.google.com","P0","Not started"
"824","Compress PDF","Resource page","support.microsoft.com","https://support.microsoft.com/en-us/office/restrictions-in-outlook","99","Free outreach","https://ratpdf.com/research/attachment-size-limits","Outlook attachment limits","Cross-reference attachment limits study","editorial OR webmaster@support.microsoft.com","P0","Not started"
"825","Compress PDF","Resource page","support.apple.com","https://support.apple.com/mail","99","Free outreach","https://ratpdf.com/compress-pdf-for-email","compress PDF for Mail","Mac Mail large attachment help","editorial OR webmaster@support.apple.com","P1","Not started"
"826","Compress PDF","Blog mention","dropbox.com","https://blog.dropbox.com/","94","Free outreach","https://ratpdf.com/pdf/compress","compress PDF before upload","Cloud storage PDF size tips","editorial OR webmaster@dropbox.com","P1","Not started"
"827","Compress PDF","Blog mention","box.com","https://blog.box.com/","88","Free outreach","https://ratpdf.com/pdf/compress","reduce PDF file size","Enterprise file sharing limits","editorial OR webmaster@box.com","P2","Not started"
"828","OCR","Resource page","loc.gov","https://www.loc.gov/preservation/","95","Free outreach","https://ratpdf.com/pdf/ocrpdf","OCR digitization","Library of Congress digitization resources","editorial OR webmaster@loc.gov","P0","Not started"
"829","OCR","Resource page","dp.la","https://dp.la/","82","Free outreach","https://ratpdf.com/pdf/ocrpdf","OCR scanned documents","Digital Public Library of America","editorial OR webmaster@dp.la","P1","Not started"
"830","OCR","Resource page","europeana.eu","https://www.europeana.eu/","85","Free outreach","https://ratpdf.com/pdf/ocrpdf","OCR PDF","European digitization hub","editorial OR webmaster@europeana.eu","P1","Not started"
"831","OCR","Resource page","digitalpreservation.gov","https://digitalpreservation.gov/","80","Free outreach","https://ratpdf.com/guides/ocr-pdf","searchable PDF","NDIIPP preservation guidelines","editorial OR webmaster@digitalpreservation.gov","P0","Not started"
"832","OCR","Resource page","wiki.digitalpreservation.gov","https://wiki.digitalpreservation.gov/","80","Free outreach","https://ratpdf.com/guides/ocr-pdf","OCR text layer","Add tool to wiki resource list","editorial OR webmaster@wiki.digitalpreservation.gov","P1","Not started"
"833","PDF to Text","Resource page","guides.lib.berkeley.edu","https://guides.lib.berkeley.edu/","93","Free outreach","https://ratpdf.com/pdf-to-txt/how-do-i-convert-pdf-to-text","extract text from PDF","LibGuide for research PDF extraction","editorial OR webmaster@guides.lib.berkeley.edu","P0","Not started"
"834","PDF to Text","Resource page","guides.library.harvard.edu","https://guides.library.harvard.edu/","96","Free outreach","https://ratpdf.com/pdf-to-txt/extract-text-from-pdf","PDF text extraction","Harvard library research guide","editorial OR webmaster@guides.library.harvard.edu","P0","Not started"
"835","PDF to Text","Resource page","guides.nyu.edu","https://guides.nyu.edu/","92","Free outreach","https://ratpdf.com/pdf-to-txt/pdf-to-text-online","PDF to text","NYU library student guide","editorial OR webmaster@guides.nyu.edu","P0","Not started"
"836","Compress PDF","Resource page","guides.lib.utexas.edu","https://guides.lib.utexas.edu/","93","Free outreach","https://ratpdf.com/compress-pdf","compress PDF","Submitting large PDFs to LMS","editorial OR webmaster@guides.lib.utexas.edu","P0","Not started"
"837","OCR","Resource page","guides.lib.utexas.edu","https://guides.lib.utexas.edu/","93","Free outreach","https://ratpdf.com/pdf-to-txt/how-scanned-pdf-to-text","scanned PDF to text","Digitization for research","editorial OR webmaster@guides.lib.utexas.edu","P0","Not started"
"838","Compress PDF","Editorial","practicallaw.com","https://www.practicallaw.com/","75","Free outreach",,"PDF tools for lawyers","Thomson Reuters legal workflow","editorial OR webmaster@practicallaw.com","P1","Not started"
"839","OCR","Editorial","law360.com","https://www.law360.com/","85","Free outreach",,"PDF redaction OCR","Legal tech discovery workflows","editorial OR webmaster@law360.com","P2","Not started"
"840","Compress PDF","Blog mention","accountingweb.co.uk","https://www.accountingweb.co.uk/","72","Free outreach",,"compress bank statement PDF","Accountant PDF workflows","editorial OR webmaster@accountingweb.co.uk","P1","Not started"
"841","PDF to Text","Blog mention","journalofaccountancy.com","https://www.journalofaccountancy.com/","78","Free outreach","https://ratpdf.com/pdf/pdftotext","PDF to Excel/text","Extract tables from client PDFs","editorial OR webmaster@journalofaccountancy.com","P1","Not started"
"842","OCR","Resource page","webaim.org","https://webaim.org/techniques/acrobat/","82","Free outreach","https://ratpdf.com/guides/ocr-pdf","accessible PDF OCR","WebAIM accessible PDF techniques","editorial OR webmaster@webaim.org","P0","Not started"
"843","OCR","Resource page","w3.org","https://www.w3.org/WAI/WCAG21/Understanding/","99","Free outreach","https://ratpdf.com/guides/ocr-pdf","searchable PDF","WCAG PDF accessibility resources","editorial OR webmaster@w3.org","P0","Not started"
"844","Compress PDF","Resource page","wcag.com","https://www.wcag.com/","65","Free outreach","https://ratpdf.com/pdf/compress","optimize PDF size","Accessible PDF file size balance","editorial OR webmaster@wcag.com","P2","Not started"
"845","Compress PDF","Blog mention","lifehacker.com","https://lifehacker.com/tag/pdf","90","Free outreach","https://ratpdf.com/compress-pdf-for-email","compress PDF email","Update attachment size article","editorial OR webmaster@lifehacker.com","P0","Not started"
"846","PDF to Text","Resource page","scholar.google.com","https://scholar.google.com/","99","Free outreach","https://ratpdf.com/pdf-to-txt/how-do-i-convert-pdf-to-text","extract PDF text","Student research workflow cite","editorial OR webmaster@scholar.google.com","P1","Not started"
"847","OCR","Resource page","archives.gov","https://www.archives.gov/preservation/","92","Free outreach","https://ratpdf.com/guides/ocr-pdf","OCR digitization","NARA preservation resources","editorial OR webmaster@archives.gov","P0","Not started"
"848","OCR","Resource page","si.edu","https://www.si.edu/","90","Free outreach","https://ratpdf.com/pdf/ocrpdf","OCR scanned documents","Smithsonian digitization","editorial OR webmaster@si.edu","P1","Not started"
"849","Compress PDF","Resource page","mozilla.org","https://support.mozilla.org/","94","Free outreach","https://ratpdf.com/research/attachment-size-limits","email attachment limits","Thunderbird help article","editorial OR webmaster@mozilla.org","P1","Not started"
"850","PDF to Text","Blog mention","towardsdatascience.com","https://towardsdatascience.com/","88","Free outreach","https://ratpdf.com/pdf-to-txt/extract-text-from-pdf","PDF text extraction","Data pipeline PDF parsing article","editorial OR webmaster@towardsdatascience.com","P1","Not started"
"851","OCR","Resource page","loc.gov","https://www.loc.gov/standards/","95","Free outreach","https://ratpdf.com/guides/ocr-pdf","searchable PDF","LOC standards for digitization","editorial OR webmaster@loc.gov","P0","Not started"
"852","Compress PDF","SaaS listing","trustradius.com","https://www.trustradius.com/","80","Free outreach","https://ratpdf.com/compare","RatPDF","Free vendor profile","editorial OR webmaster@trustradius.com","P1","Not started"
"853","PDF to Text","SaaS listing","softwareworld.co","https://www.softwareworld.co/","55","Free outreach","https://ratpdf.com/pdf/pdftotext","PDF to text","Free software listing","editorial OR webmaster@softwareworld.co","P2","Not started"
