"Id","Category","Cluster","TargetType","Domain","TargetUrl","DR_Est","Cost","RatPDF_Page","Anchor_Text","Pitch","Priority","Status"
"L-1","Free listing","","SaaS listing","alternativeto.net","https://alternativeto.net/manage/add-application/","91","Free","https://ratpdf.com/compare","RatPDF - free PDF tools","List as iLovePDF/Smallpdf alternative. Tag: PDF, compress, OCR.","P0","Not started"
"L-2","Free listing","","SaaS listing","producthunt.com","https://www.producthunt.com/posts/new","90","Free","https://ratpdf.com/guides/pdf-tools","RatPDF","Launch day drives traffic + DR90 link. Prepare gallery + maker comment.","P0","Not started"
"L-3","Free listing","","SaaS listing","saashub.com","https://www.saashub.com/submit","72","Free","https://ratpdf.com/compare","RatPDF","Compare vs Adobe/iLovePDF.","P1","Not started"
"L-4","Free listing","","SaaS listing","slant.co","https://www.slant.co/topics","74","Free","https://ratpdf.com/pdf/compress","RatPDF","Add to 'best PDF compressors' and 'PDF to text' topics.","P1","Not started"
"L-5","Free listing","","SaaS listing","stackshare.io","https://stackshare.io/submit/tool","80","Free","https://ratpdf.com/guides/pdf-tools","RatPDF","Tag under Document Management / Productivity.","P1","Not started"
"L-6","Free listing","","AI/tool directory","toolify.ai","https://www.toolify.ai/submit-tool","65","Free","https://ratpdf.com/guides/pdf-tools","RatPDF PDF tools","Free tier listing available.","P2","Not started"
"L-7","Free listing","","Tool directory","futurepedia.io","https://www.futurepedia.io/submit-tool","68","Free","https://ratpdf.com/pdf/ocrpdf","RatPDF OCR PDF","Emphasize OCR + PDF to text workflow.","P2","Not started"
"L-8","Free listing","","Startup listing","betalist.com","https://betalist.com/submit","72","Free","https://ratpdf.com/guides/pdf-tools","RatPDF","Free queue; paid for faster.","P1","Not started"
"L-9","Free listing","","Startup directory","startupstash.com","https://startupstash.com/add-startup/","70","Free","https://ratpdf.com/guides/pdf-tools","RatPDF","Productivity / SaaS category.","P1","Not started"
"L-10","Free listing","","Open-source adjacent","libhunt.com","https://www.libhunt.com/submit","55","Free","https://ratpdf.com/compare","RatPDF","If you open-source any component later.","P2","Not started"
"L-11","Free listing","","Software directory","sourceforge.net","https://sourceforge.net/projects/new","92","Free","https://ratpdf.com/guides/pdf-tools","RatPDF","Long-tail download traffic.","P0","Not started"
"L-12","Free listing","","Software directory","softpedia.com","https://www.softpedia.com/user/submit.shtml","91","Free","https://ratpdf.com/pdf/compress","RatPDF","Editorial review; quality listing.","P0","Not started"
"L-13","Free listing","","Software directory","filehippo.com","https://filehippo.com/form-submit-software/","85","Free","https://ratpdf.com/guides/pdf-tools","RatPDF","Web app listing path.","P0","Not started"
"L-14","Free listing","","Software directory","softonic.com","https://developers.softonic.com/","93","Free","https://ratpdf.com/pdf/compress","RatPDF","Developer portal submission.","P0","Not started"
"L-15","Free listing","","SaaS listing","g2.com","https://www.g2.com/products/new","91","Free profile","https://ratpdf.com/compare","RatPDF","Free vendor profile; reviews boost visibility.","P0","Not started"
"L-16","Free listing","","SaaS listing","capterra.com","https://www.capterra.com/vendors/sign-up","93","Free profile","https://ratpdf.com/compare","RatPDF","Gartner Digital Markets network.","P0","Not started"
"L-17","Free listing","","SaaS listing","getapp.com","https://www.getapp.com/vendors/sign-up","88","Free profile","https://ratpdf.com/guides/pdf-tools","RatPDF","Same vendor network as Capterra.","P0","Not started"
"L-18","Free listing","","SaaS listing","softwareadvice.com","https://www.softwareadvice.com/vendors/","86","Free profile","https://ratpdf.com/compare","RatPDF","PDF software category.","P0","Not started"
"L-19","Free listing","","Review platform","trustpilot.com","https://business.trustpilot.com/signup","93","Free","https://ratpdf.com/guides/pdf-tools","RatPDF","Trust signal; not pure SEO but brand.","P0","Not started"
"L-20","Free listing","","SaaS directory","crozdesk.com","https://crozdesk.com/vendors/register","62","Free","https://ratpdf.com/compare","RatPDF","B2B SaaS comparison.","P2","Not started"
"L-21","Free listing","","SaaS directory","saasworthy.com","https://www.saasworthy.com/submit-product","58","Free","https://ratpdf.com/guides/pdf-tools","RatPDF","Productivity category.","P2","Not started"
"L-22","Free listing","","Startup directory","killerstartups.com","https://killerstartups.com/submit-startup/","55","Free","https://ratpdf.com/guides/pdf-tools","RatPDF","Startup showcase.","P2","Not started"
"L-23","Free listing","","Startup directory","launchingnext.com","https://www.launchingnext.com/submit/","52","Free","https://ratpdf.com/guides/pdf-tools","RatPDF","Free startup listing.","P2","Not started"
"L-24","Free listing","","Startup directory","startupranking.com","https://www.startupranking.com/startup/create","60","Free","https://ratpdf.com/guides/pdf-tools","RatPDF","Global startup index.","P2","Not started"
"L-25","Free listing","","Side project listing","sideprojectors.com","https://www.sideprojectors.com/submit","45","Free","https://ratpdf.com/guides/pdf-tools","RatPDF","Indie maker audience.","P2","Not started"
"L-26","Free listing","","Community listing","indiehackers.com","https://www.indiehackers.com/products","80","Free","https://ratpdf.com/resources","RatPDF","Share /resources research posts in forum.","P1","Not started"
"L-27","Free listing","","Maker portfolio","peerlist.io","https://peerlist.io/","55","Free","https://ratpdf.com/guides/pdf-tools","RatPDF","Add project to profile.","P2","Not started"
"L-28","Free listing","","Dev tool launch","devhunt.org","https://devhunt.org/submit","48","Free","https://ratpdf.com/guides/pdf-tools","RatPDF","Weekly dev tool launches.","P2","Not started"
"L-29","Free listing","","Tool directory","toptools.io","https://toptools.io/submit","42","Free","https://ratpdf.com/pdf/compress","RatPDF compress PDF","Free submit form.","P2","Not started"
"L-30","Free listing","","Tool directory","toolfinder.co","https://toolfinder.co/submit-a-tool","38","Free","https://ratpdf.com/pdf/ocrpdf","RatPDF OCR","OCR + PDF cluster.","P2","Not started"
"L-31","Free listing","","GitHub awesome list","free-for.dev","https://github.com/ripienaar/free-for-dev/pulls","75","Free","https://ratpdf.com/guides/pdf-tools","RatPDF","PR to add under Document Processing.","P1","Not started"
"L-32","Free listing","","GitHub awesome list","github.com","https://github.com/awesome-selfhosted/awesome-selfhosted","99","Free","https://ratpdf.com/compare","RatPDF","Only if self-hostable story fits.","P0","Not started"
"L-33","Free listing","","GitHub awesome list","github.com","https://github.com/pluja/awesome-privacy","99","Free","https://ratpdf.com/guides/pdf-tools","RatPDF","Pitch browser-based privacy angle.","P0","Not started"
"L-34","Free listing","","Software directory","elearningindustry.com","https://elearningindustry.com/directory/submit-software","82","Free","https://ratpdf.com/pdf/pdftotext","RatPDF PDF to text","Ed/academic PDF workflows.","P1","Not started"
"L-35","Free listing","","B2B directory","financesonline.com","https://financesonline.com/add-product/","78","Free","https://ratpdf.com/compare","RatPDF","Invoice + PDF angle for accountants.","P1","Not started"
"L-36","Free listing","","B2B directory","goodfirms.co","https://www.goodfirms.co/register","74","Free","https://ratpdf.com/compare","RatPDF","Software development / SaaS.","P1","Not started"
"L-37","Free listing","","SaaS directory","softwaresuggest.com","https://www.softwaresuggest.com/vendors","72","Free","https://ratpdf.com/compare","RatPDF","India + global traffic.","P1","Not started"
"L-38","Free listing","","SaaS directory","techjockey.com","https://www.techjockey.com/vendors","58","Free","https://ratpdf.com/guides/pdf-tools","RatPDF","Strong India SMB audience.","P2","Not started"
"L-39","Free listing","","Buyer's guide","selecthub.com","https://www.selecthub.com/contact-us/","65","Free","https://ratpdf.com/compare","RatPDF","Pitch for PDF tool buyer guide inclusion.","P2","Not started"
"L-40","Free listing","","Review site","digital.com","https://digital.com/contact/","70","Free","https://ratpdf.com/compare","RatPDF","Best PDF tools roundup outreach.","P1","Not started"
"L-41","Free listing","","Editorial","pcmag.com","https://www.pcmag.com/about/contact-the-editors","92","Free pitch","https://ratpdf.com/compare","RatPDF","Pitch free PDF toolkit vs paid.","P0","Not started"
"L-42","Free listing","","Editorial","makeuseof.com","https://www.makeuseof.com/about/","91","Free pitch","https://ratpdf.com/compress-pdf-for-email","compress PDF for email","How-to guest post pitch.","P0","Not started"
"L-43","Free listing","","Editorial","howtogeek.com","https://www.howtogeek.com/contact/","91","Free pitch","https://ratpdf.com/pdf/compress","compress PDF online","Email attachment size article.","P0","Not started"
"L-44","Free listing","","Editorial","lifewire.com","https://www.lifewire.com/about-us-4778040","90","Free pitch","https://ratpdf.com/pdf-to-txt/how-do-i-convert-pdf-to-text","PDF to text","Convert PDF to text tutorial update.","P0","Not started"
"L-45","Free listing","","Resource/blog","zapier.com","https://zapier.com/blog/write-for-us/","93","Free","https://ratpdf.com/guides/pdf-tools","RatPDF","Productivity workflows with PDF.","P0","Not started"
"L-46","Free listing","","Resource","nngroup.com","https://www.nngroup.com/articles/","85","Free cite","https://ratpdf.com/research/attachment-size-limits","email attachment limits","Cite research in UX docs on file limits.","P0","Not started"
"L-47","Free listing","","Editorial","hbr.org","https://hbr.org/guidelines-for-authors-web","94","Free pitch","https://ratpdf.com/resources","freelancer invoicing","Long shot; invoicing statistics angle.","P0","Not started"
"L-48","Free listing","","Editorial","smashingmagazine.com","https://www.smashingmagazine.com/write-for-us/","91","Free","https://ratpdf.com/resources","PDF workflow","Developer PDF/HTML article pitch.","P0","Not started"
"L-49","Free listing","","Editorial","css-tricks.com","https://css-tricks.com/contact/","88","Free pitch","https://ratpdf.com/resources","HTML to PDF","html-to-pdf developer guide.","P0","Not started"
"L-50","Free listing","","Editorial","sitepoint.com","https://www.sitepoint.com/write-for-us/","86","Free","https://ratpdf.com/compare","RatPDF","Web dev tool roundup.","P0","Not started"
"L-51","Free listing","","Blog mention","freelancer.com","https://www.freelancer.com/community/","91","Free","https://ratpdf.com/resources","invoice PDF","Freelancer invoicing stats outreach.","P0","Not started"
"L-52","Free listing","","Resource page","upwork.com","https://www.upwork.com/resources/","93","Free pitch","https://ratpdf.com/resources","freelance PDF tools","Resource article on client document workflows.","P0","Not started"
"L-53","Free listing","","Blog mention","bench.co","https://bench.co/blog/","72","Free pitch","https://ratpdf.com/research/attachment-size-limits","PDF size limits","Accountant audience - compress bank PDFs.","P1","Not started"
"L-54","Free listing","","Resource/blog","freshbooks.com","https://www.freshbooks.com/hub/","85","Free pitch","https://ratpdf.com/resources","invoice PDF","SMB invoicing + PDF compress.","P0","Not started"
"L-55","Free listing","","Blog mention","waveapps.com","https://www.waveapps.com/blog","80","Free pitch","https://ratpdf.com/resources","GST invoice PDF","India GST invoice checker angle.","P1","Not started"
"L-56","Free listing","","Resource page","quickbooks.intuit.com","https://quickbooks.intuit.com/r/","94","Free pitch","https://ratpdf.com/resources","PDF tools for accountants","Link to /pdf-tools-for-accountants.","P0","Not started"
"L-57","Free listing","","Resource page","clio.com","https://www.clio.com/blog/","78","Free pitch","https://ratpdf.com/pdf-tools-for-lawyers","PDF tools for lawyers","Legal PDF redact/compress/merge.","P1","Not started"
"L-58","Free listing","","Resource page","americanbar.org","https://www.americanbar.org/groups/","90","Free pitch","https://ratpdf.com/pdf-tools-for-lawyers","PDF redaction","Legal tech resource inclusion.","P0","Not started"
"L-59","Free listing","","Editorial","lawtechnologytoday.org","https://www.lawtechnologytoday.org/about/submissions/","65","Free","https://ratpdf.com/pdf-tools-for-lawyers","PDF tools","ABA Law Practice Division.","P2","Not started"
"L-60","Free listing","","Resource page","eff.org","https://www.eff.org/pages/contact","92","Free pitch","https://ratpdf.com/guides/secure-pdf-workflow","PDF password protect","Digital security / document privacy.","P0","Not started"
"L-61","Free listing","","Resource page","privacyguides.org","https://github.com/privacyguides/privacyguides.org","72","Free PR","https://ratpdf.com/guides/pdf-tools","RatPDF","Browser-based, files deleted angle.","P1","Not started"
"L-62","Free listing","","Gov resource","digital.gov","https://digital.gov/contact/","85","Free pitch","https://ratpdf.com/guides/pdf-tools","OCR PDF accessibility","Gov PDF accessibility / Section 508.","P0","Not started"
"L-63","Free listing","","Gov resource","section508.gov","https://www.section508.gov/","78","Free cite","https://ratpdf.com/guides/pdf-tools","searchable PDF OCR","Accessible document workflow cite.","P1","Not started"
"L-64","Free listing","","Gov resource","ada.gov","https://www.ada.gov/","88","Free cite","https://ratpdf.com/guides/pdf-tools","OCR PDF","Accessible PDF creation resources.","P0","Not started"
"L-65","Free listing","","Gov resource","nist.gov","https://www.nist.gov/contact","91","Free cite","https://ratpdf.com/research/attachment-size-limits","document file sizes","Cite attachment limits research.","P0","Not started"
"L-66","Free listing","","Gov resource","usa.gov","https://www.usa.gov/contact","93","Free pitch","https://ratpdf.com/pdf/compress","compress PDF","Citizen services document help.","P0","Not started"
"L-67","Free listing","","Gov resource","irs.gov","https://www.irs.gov/help/contact-your-local-irs-office","95","Free cite","https://ratpdf.com/pdf/compress","compress tax PDF","Tax PDF upload size - cite limits page.","P0","Not started"
"L-68","Free listing","","Gov resource","gov.uk","https://www.gov.uk/help/contact","94","Free pitch","https://ratpdf.com/pdf/compress","compress PDF","Document services for citizens.","P0","Not started"
"L-69","Free listing","","Gov resource","service.gov.uk","https://gds.blog.gov.uk/","90","Free pitch","https://ratpdf.com/guides/pdf-tools","accessible PDFs","UK gov digital service PDF guidance.","P0","Not started"
"L-70","Free listing","","Gov resource","canada.ca","https://www.canada.ca/en/contact.html","93","Free pitch","https://ratpdf.com/pdf/compress","reduce PDF size","Immigration / services PDF uploads.","P0","Not started"
"L-71","Free listing","","Gov resource","ato.gov.au","https://www.ato.gov.au/","85","Free cite","https://ratpdf.com/pdf/compress","PDF file size","Tax document upload limits.","P0","Not started"
"L-72","Free listing","","Resource page","edu.gcfglobal.org","https://edu.gcfglobal.org/en/contact-us/","78","Free pitch","https://ratpdf.com/pdf-to-txt/how-do-i-convert-pdf-to-text","extract text from PDF","Free learning site - PDF tutorials.","P1","Not started"
"L-73","Free listing","","Resource page","libguides.com","https://springshare.com/","85","Free outreach","https://ratpdf.com/pdf/ocrpdf","OCR scanned PDF","Pitch university librarians - digitization guides.","P0","Not started"
"L-74","Free listing","","Resource page","archive.org","https://archive.org/about/contact.php","94","Free","https://ratpdf.com/pdf/ocrpdf","OCR PDF","Digitization community; forum/wiki links.","P0","Not started"
"L-75","Free listing","","Reference","wikidata.org","https://www.wikidata.org/wiki/Wikidata:Contact_us","95","Free","https://ratpdf.com/compare","RatPDF","Add entity if notable; Wikipedia notability rules.","P0","Not started"
"L-76","Free listing","","Community","reddit.com","https://www.reddit.com/r/pdf/","95","Free","https://ratpdf.com/pdf/compress","RatPDF","Helpful comments only - no spam. Answer questions.","P0","Not started"
"L-77","Free listing","","Community","reddit.com","https://www.reddit.com/r/productivity/","95","Free","https://ratpdf.com/guides/pdf-tools","RatPDF","Tool recommendation when relevant.","P0","Not started"
"L-78","Free listing","","Community","reddit.com","https://www.reddit.com/r/freelance/","95","Free","https://ratpdf.com/resources","invoice PDF","Invoicing workflow tips.","P0","Not started"
"L-79","Free listing","","Community","news.ycombinator.com","https://news.ycombinator.com/submit","91","Free","https://ratpdf.com/resources","PDF compression benchmark","Show HN: original research posts.","P0","Not started"
"L-80","Free listing","","Blog/platform","dev.to","https://dev.to/new","85","Free","https://ratpdf.com/research/pdf-compression-benchmark","PDF compression study","Publish benchmark methodology post.","P0","Not started"
"L-81","Free listing","","Blog/platform","hashnode.com","https://hashnode.com/","82","Free","https://ratpdf.com/pdf-to-txt/how-do-i-convert-pdf-to-text","PDF to text","Cross-post technical guides.","P1","Not started"
"L-82","Free listing","","Blog/platform","medium.com","https://medium.com/new-story","95","Free","https://ratpdf.com/research/attachment-size-limits","email attachment limits 2026","RatPDF publication - cite research.","P0","Not started"
"L-83","Free listing","","Blog/platform","linkedin.com","https://www.linkedin.com/article/new/","98","Free","https://ratpdf.com/resources","PDF tools","Ethan Brooks / Priya Sharma author profiles.","P0","Not started"
"L-84","Free listing","","Q&A","quora.com","https://www.quora.com/","93","Free","https://ratpdf.com/compress-pdf-for-email","compress PDF for Gmail","Answer with link to pillar page - no spam.","P0","Not started"
"L-85","Free listing","","Q&A","stackoverflow.com","https://stackoverflow.com/questions/ask","95","Free","https://ratpdf.com/pdf/pdftotext","extract PDF text","Answer programming questions; link when genuinely helpful.","P0","Not started"
"L-86","Free listing","","Q&A","superuser.com","https://superuser.com/","90","Free","https://ratpdf.com/pdf/compress","compress PDF","IT pro audience.","P0","Not started"
"L-87","Free listing","","Q&A","webapps.stackexchange.com","https://webapps.stackexchange.com/","88","Free","https://ratpdf.com/guides/pdf-tools","PDF to text online","Online tool recommendations.","P0","Not started"
"L-88","Free listing","","Editorial","smallbusiness.chron.com","https://smallbusiness.chron.com/contact-us","92","Free pitch","https://ratpdf.com/resources","small business PDF","SMB document workflow.","P0","Not started"
"L-89","Free listing","","Editorial","businessnewsdaily.com","https://www.businessnewsdaily.com/contact","85","Free pitch","https://ratpdf.com/compare","best PDF tools","Tool roundup inclusion.","P0","Not started"
"L-90","Free listing","","Editorial","techradar.com","https://www.techradar.com/news/contact-us","92","Free pitch","https://ratpdf.com/compare","RatPDF vs Adobe","Best free PDF software list.","P0","Not started"
"L-91","Free listing","","Editorial","tomsguide.com","https://www.tomsguide.com/contact","90","Free pitch","https://ratpdf.com/pdf/compress","compress PDF free","How-to and best-of lists.","P0","Not started"
"L-92","Free listing","","Editorial","digitaltrends.com","https://www.digitaltrends.com/contact/","91","Free pitch","https://ratpdf.com/compare","PDF tools","Software best-of outreach.","P0","Not started"
"L-93","Free listing","","Editorial","cnet.com","https://www.cnet.com/contact/","93","Free pitch","https://ratpdf.com/compare","free PDF editor","Download/editor alternative lists.","P0","Not started"
"L-94","Free listing","","Editorial","techrepublic.com","https://www.techrepublic.com/contact/","88","Free pitch","https://ratpdf.com/guides/pdf-tools","PDF toolkit","Enterprise IT document tools.","P0","Not started"
"L-95","Free listing","","Editorial","zdnet.com","https://www.zdnet.com/contact/","92","Free pitch","https://ratpdf.com/compare","RatPDF","Business tech software.","P0","Not started"
"L-96","Free listing","","Editorial","theverge.com","https://www.theverge.com/contact","93","Free pitch","https://ratpdf.com/guides/pdf-tools","PDF tools","Long shot product story.","P0","Not started"
"L-97","Free listing","","Editorial","wired.com","https://www.wired.com/about/feedback/","94","Free pitch","https://ratpdf.com/resources","document privacy","Privacy angle on browser tools.","P0","Not started"
"L-98","Free listing","","Editorial","mashable.com","https://mashable.com/about/contact","93","Free pitch","https://ratpdf.com/pdf/compress","compress PDF","Life hacks / productivity.","P0","Not started"
"L-99","Free listing","","Editorial","lifehacker.com","https://lifehacker.com/contact","90","Free pitch","https://ratpdf.com/compress-pdf-for-email","email PDF too large","Classic fit - attachment limits research.","P0","Not started"
"L-100","Free listing","","Resource/blog","hubspot.com","https://blog.hubspot.com/marketing/guest-blogging","93","Free pitch","https://ratpdf.com/resources","PDF marketing assets","Marketing PDF compress/merge guide.","P0","Not started"
"L-101","Free listing","","Resource/blog","buffer.com","https://buffer.com/resources","88","Free pitch","https://ratpdf.com/pdf/compress","PDF for social","Content team PDF workflows.","P0","Not started"
"L-102","Free listing","","Resource page","notion.so","https://www.notion.so/templates","92","Free","https://ratpdf.com/pdf/pdftotext","PDF to text","Template creators linking PDF tools.","P0","Not started"
"L-103","Free listing","","Resource page","airtable.com","https://airtable.com/universe","90","Free","https://ratpdf.com/resources","invoice workflow","SMB workflow templates.","P0","Not started"
"L-104","Free listing","","Resource/blog","canva.com","https://www.canva.com/learn/","93","Free pitch","https://ratpdf.com/pdf/compress","compress PDF for print","Design export PDF size.","P0","Not started"
"L-105","Free listing","","Resource page","figma.com","https://www.figma.com/community","92","Free","https://ratpdf.com/pdf/compress","PDF export compress","Design handoff PDF size.","P0","Not started"
"L-106","Free listing","","Resource/blog","dribbble.com","https://dribbble.com/stories","91","Free pitch","https://ratpdf.com/pdf/compress","portfolio PDF","Designer portfolio PDF compression.","P0","Not started"
"L-107","Free listing","","Resource page","behance.net","https://www.behance.net/","93","Free","https://ratpdf.com/pdf/compress","compress portfolio PDF","Creative pro audience.","P0","Not started"
"L-108","Free listing","","Editorial","academic.oup.com","https://academic.oup.com/pages/contact","94","Free cite","https://ratpdf.com/pdf/ocrpdf","OCR digitization","Library science citations.","P0","Not started"
"L-109","Free listing","","Resource page","jstor.org","https://about.jstor.org/contact/","93","Free outreach","https://ratpdf.com/pdf/ocrpdf","OCR scanned documents","Research digitization resources.","P0","Not started"
"L-110","Free listing","","Directory","doaj.org","https://doaj.org/apply/","80","Free","https://ratpdf.com/resources","open research","If publishing open research notes.","P1","Not started"
"L-111","Free listing","","Reference","scholar.google.com","https://scholar.google.com/intl/en/scholar/inclusions.html","99","Free","https://ratpdf.com/research/pdf-compression-benchmark","PDF compression benchmark","Index research pages as publications.","P0","Not started"
"L-112","Free listing","","Reference","researchgate.net","https://www.researchgate.net/","94","Free","https://ratpdf.com/research/attachment-size-limits","attachment size limits study","Upload research PDF summary.","P0","Not started"
"L-113","Free listing","","Reference","semanticscholar.org","https://www.semanticscholar.org/","88","Free","https://ratpdf.com/research/pdf-compression-benchmark","PDF compression","Research visibility.","P0","Not started"
"L-114","Free listing","","Gov resource","osha.gov","https://www.osha.gov/contact-us","90","Free cite","https://ratpdf.com/pdf/compress","SDS PDF","Safety data sheet PDF handling.","P0","Not started"
"L-115","Free listing","","Gov resource","epa.gov","https://www.epa.gov/utility/contact-us","93","Free cite","https://ratpdf.com/pdf/compress","environmental PDF forms","Form upload size guidance.","P0","Not started"
"L-116","Free listing","","Gov resource","sba.gov","https://www.sba.gov/about-sba/sba-locations","92","Free pitch","https://ratpdf.com/resources","small business PDF tools","SMB resource page outreach.","P0","Not started"
"L-117","Free listing","","Resource page","score.org","https://www.score.org/find-mentor","75","Free pitch","https://ratpdf.com/resources","invoice PDF","Mentor resource library for SMBs.","P1","Not started"
"L-118","Free listing","","Resource page","khanacademy.org","https://www.khanacademy.org/about/contact","90","Free pitch","https://ratpdf.com/pdf/pdftotext","extract text from PDF","Student study material workflows.","P0","Not started"
"L-119","Free listing","","Resource/blog","coursera.org","https://about.coursera.org/press","92","Free pitch","https://ratpdf.com/pdf/pdftotext","PDF notes","Learner productivity article.","P0","Not started"
"L-120","Free listing","","Resource/blog","edx.org","https://www.edx.org/about-us","91","Free pitch","https://ratpdf.com/pdf/ocrpdf","OCR lecture scans","Academic scan-to-text.","P0","Not started"
"L-121","Free listing","","Resource page","mit.edu","https://ocw.mit.edu/contact/","95","Free outreach","https://ratpdf.com/pdf/ocrpdf","OCR PDF","OCW digitization resource links.","P0","Not started"
"L-122","Free listing","","Resource page","stanford.edu","https://online.stanford.edu/contact","95","Free outreach","https://ratpdf.com/pdf/pdftotext","PDF to text","IT help / student resources.","P0","Not started"
"L-123","Free listing","","Resource page","harvard.edu","https://harvard.service-now.com/ithelp","96","Free outreach","https://ratpdf.com/pdf/compress","compress PDF","Pitch IT knowledge base inclusion.","P0","Not started"
"L-124","Free listing","","Resource page","berkeley.edu","https://technology.berkeley.edu/contact","95","Free outreach","https://ratpdf.com/guides/pdf-tools","accessible PDF","Campus accessibility PDF guides.","P0","Not started"
"L-125","Free listing","","Resource page","umich.edu","https://its.umich.edu/contact","94","Free outreach","https://ratpdf.com/pdf-to-txt/how-do-i-convert-pdf-to-text","convert PDF to text","Student tech support articles.","P0","Not started"
"L-126","Free listing","","Resource page","washington.edu","https://itconnect.uw.edu/","93","Free outreach","https://ratpdf.com/compress-pdf-for-email","email PDF size","Email attachment help articles.","P0","Not started"
"L-127","Free listing","","Resource page","illinois.edu","https://techservices.illinois.edu/get-help","93","Free outreach","https://ratpdf.com/guides/pdf-tools","PDF tools","Campus software alternatives.","P0","Not started"
"L-128","Free listing","","Resource page","utexas.edu","https://ut.service-now.com/sp","93","Free outreach","https://ratpdf.com/pdf/compress","reduce PDF size","Student upload portal tips.","P0","Not started"
"L-129","Free listing","","Resource page","gatech.edu","https://oit.gatech.edu/contact","92","Free outreach","https://ratpdf.com/pdf/ocrpdf","OCR PDF","Research scan workflows.","P0","Not started"
"L-130","Free listing","","Resource page","cmu.edu","https://www.cmu.edu/computing/contact/","93","Free outreach","https://ratpdf.com/pdf/pdftotext","PDF text extraction","Academic research support.","P0","Not started"
"L-131","Free listing","","Resource page","ox.ac.uk","https://www.it.ox.ac.uk/help","94","Free outreach","https://ratpdf.com/pdf/compress","compress PDF","UK university IT help.","P0","Not started"
"L-132","Free listing","","Resource page","cam.ac.uk","https://www.ucs.cam.ac.uk/contact","94","Free outreach","https://ratpdf.com/guides/pdf-tools","OCR searchable PDF","Research digitization.","P0","Not started"
"L-133","Free listing","","Resource page","imperial.ac.uk","https://www.imperial.ac.uk/admin-services/ict/contact/","92","Free outreach","https://ratpdf.com/guides/pdf-tools","PDF to text","Student PDF workflows.","P0","Not started"
"L-134","Free listing","","Resource page","ed.ac.uk","https://www.ed.ac.uk/information-services/help-consultancy","93","Free outreach","https://ratpdf.com/pdf/compress","PDF compression","UK HE IT knowledge base.","P0","Not started"
"L-135","Free listing","","Resource page","utoronto.ca","https://www.utoronto.ca/its/contact","93","Free outreach","https://ratpdf.com/pdf-to-txt/how-do-i-convert-pdf-to-text","PDF to text","Canadian university IT.","P0","Not started"
"L-136","Free listing","","Resource page","ubc.ca","https://it.ubc.ca/contact-us","92","Free outreach","https://ratpdf.com/pdf/ocrpdf","OCR PDF","Library digitization staff.","P0","Not started"
"L-137","Free listing","","Resource page","unimelb.edu.au","https://servicedesk.unimelb.edu.au/","91","Free outreach","https://ratpdf.com/pdf/compress","compress PDF","AU student services.","P0","Not started"
"L-138","Free listing","","Resource page","sydney.edu.au","https://www.sydney.edu.au/students/it.html","91","Free outreach","https://ratpdf.com/pdf/pdftotext","extract PDF text","Student IT support article pitch.","P0","Not started"
"L-139","Free listing","","Resource page","nus.edu.sg","https://nusit.nus.edu.sg/contact/","90","Free outreach","https://ratpdf.com/pdf/compress","compress PDF online","APAC university IT.","P0","Not started"
"L-140","Free listing","","Resource page","iitb.ac.in","https://www.iitb.ac.in/en/contact","88","Free outreach","https://ratpdf.com/guides/pdf-tools","PDF tools","India tech student audience.","P0","Not started"
"L-141","Free listing","","Resource page","iisc.ac.in","https://iisc.ac.in/contact/","85","Free outreach","https://ratpdf.com/pdf/ocrpdf","OCR research PDF","Research scan digitization.","P0","Not started"
"L-142","Free listing","","Tool directory","topai.tools","https://topai.tools/submit","55","Free","https://ratpdf.com/guides/pdf-tools","RatPDF PDF tools","Free submit.","P2","Not started"
"L-143","Free listing","","Tool directory","aitoolsdirectory.com","https://aitoolsdirectory.com/submit-tool","48","Free","https://ratpdf.com/pdf/ocrpdf","RatPDF OCR","OCR angle.","P2","Not started"
"L-144","Free listing","","Industry org","pdfassociation.org","https://www.pdfa.org/contact/","68","Free","https://ratpdf.com/resources","PDF tools research","Industry credibility.","P2","Not started"
"L-145","Free listing","","Community","planetpdf.com","https://www.planetpdf.com/","62","Free","https://ratpdf.com/pdf/compress","compress PDF","Legacy PDF community.","P2","Not started"
"L-146","Free listing","","Startup directory","f6s.com","https://www.f6s.com/","78","Free","https://ratpdf.com/guides/pdf-tools","RatPDF","Startup profile + deals.","P1","Not started"
"L-147","Free listing","","Company profile","crunchbase.com","https://www.crunchbase.com/add-company","91","Free basic","https://ratpdf.com/guides/pdf-tools","RatPDF","Brand entity; basic profile free.","P0","Not started"
"H-1","High value","Compress PDF","Resource page","yale.edu","https://www.yale.edu/search?q=PDF","85-96","Free outreach","https://ratpdf.com/compress-pdf","compress PDF online free","Campus email attachment limits - link to compression hub + size checker","P1","Not started"
"H-2","High value","Compress PDF","Resource page","yale.edu","https://www.yale.edu/search?q=PDF","85-96","Free outreach","https://ratpdf.com/research/attachment-size-limits","email attachment size limits","Cite original research table in IT help article","P1","Not started"
"H-3","High value","PDF to Text","Resource page","yale.edu","https://www.yale.edu/search?q=PDF","85-96","Free outreach","https://ratpdf.com/pdf-to-txt/how-do-i-convert-pdf-to-text","convert PDF to text","Student workflow: extract readings for notes","P1","Not started"
"H-4","High value","PDF to Text","Resource page","yale.edu","https://www.yale.edu/search?q=PDF","85-96","Free outreach","https://ratpdf.com/pdf-to-txt/pdf-to-text-online","PDF to text online","Alternative to Adobe export for students","P1","Not started"
"H-5","High value","OCR","Resource page","yale.edu","https://www.yale.edu/search?q=PDF","85-96","Free outreach","https://ratpdf.com/guides/ocr-pdf","OCR PDF searchable","Accessibility: make scanned PDFs searchable for screen readers","P1","Not started"
"H-6","High value","OCR","Resource page","yale.edu","https://www.yale.edu/search?q=PDF","85-96","Free outreach","https://ratpdf.com/pdf-to-txt/ocr-pdf-to-text","OCR PDF to text","Library digitization scan-to-text workflow","P1","Not started"
"H-7","High value","Compress PDF","Resource page","princeton.edu","https://www.princeton.edu/search?q=PDF","85-96","Free outreach","https://ratpdf.com/compress-pdf","compress PDF online free","Campus email attachment limits - link to compression hub + size checker","P1","Not started"
"H-8","High value","Compress PDF","Resource page","princeton.edu","https://www.princeton.edu/search?q=PDF","85-96","Free outreach","https://ratpdf.com/research/attachment-size-limits","email attachment size limits","Cite original research table in IT help article","P1","Not started"
"H-9","High value","PDF to Text","Resource page","princeton.edu","https://www.princeton.edu/search?q=PDF","85-96","Free outreach","https://ratpdf.com/pdf-to-txt/how-do-i-convert-pdf-to-text","convert PDF to text","Student workflow: extract readings for notes","P1","Not started"
"H-10","High value","PDF to Text","Resource page","princeton.edu","https://www.princeton.edu/search?q=PDF","85-96","Free outreach","https://ratpdf.com/pdf-to-txt/pdf-to-text-online","PDF to text online","Alternative to Adobe export for students","P1","Not started"
"H-11","High value","OCR","Resource page","princeton.edu","https://www.princeton.edu/search?q=PDF","85-96","Free outreach","https://ratpdf.com/guides/ocr-pdf","OCR PDF searchable","Accessibility: make scanned PDFs searchable for screen readers","P1","Not started"
"H-12","High value","OCR","Resource page","princeton.edu","https://www.princeton.edu/search?q=PDF","85-96","Free outreach","https://ratpdf.com/pdf-to-txt/ocr-pdf-to-text","OCR PDF to text","Library digitization scan-to-text workflow","P1","Not started"
"H-13","High value","Compress PDF","Resource page","columbia.edu","https://www.columbia.edu/search?q=PDF","85-96","Free outreach","https://ratpdf.com/compress-pdf","compress PDF online free","Campus email attachment limits - link to compression hub + size checker","P1","Not started"
"H-14","High value","Compress PDF","Resource page","columbia.edu","https://www.columbia.edu/search?q=PDF","85-96","Free outreach","https://ratpdf.com/research/attachment-size-limits","email attachment size limits","Cite original research table in IT help article","P1","Not started"
"H-15","High value","PDF to Text","Resource page","columbia.edu","https://www.columbia.edu/search?q=PDF","85-96","Free outreach","https://ratpdf.com/pdf-to-txt/how-do-i-convert-pdf-to-text","convert PDF to text","Student workflow: extract readings for notes","P1","Not started"
"H-16","High value","PDF to Text","Resource page","columbia.edu","https://www.columbia.edu/search?q=PDF","85-96","Free outreach","https://ratpdf.com/pdf-to-txt/pdf-to-text-online","PDF to text online","Alternative to Adobe export for students","P1","Not started"
"H-17","High value","OCR","Resource page","columbia.edu","https://www.columbia.edu/search?q=PDF","85-96","Free outreach","https://ratpdf.com/guides/ocr-pdf","OCR PDF searchable","Accessibility: make scanned PDFs searchable for screen readers","P1","Not started"
"H-18","High value","OCR","Resource page","columbia.edu","https://www.columbia.edu/search?q=PDF","85-96","Free outreach","https://ratpdf.com/pdf-to-txt/ocr-pdf-to-text","OCR PDF to text","Library digitization scan-to-text workflow","P1","Not started"
"H-19","High value","Compress PDF","Resource page","upenn.edu","https://www.upenn.edu/search?q=PDF","85-96","Free outreach","https://ratpdf.com/compress-pdf","compress PDF online free","Campus email attachment limits - link to compression hub + size checker","P1","Not started"
"H-20","High value","Compress PDF","Resource page","upenn.edu","https://www.upenn.edu/search?q=PDF","85-96","Free outreach","https://ratpdf.com/research/attachment-size-limits","email attachment size limits","Cite original research table in IT help article","P1","Not started"
"H-21","High value","PDF to Text","Resource page","upenn.edu","https://www.upenn.edu/search?q=PDF","85-96","Free outreach","https://ratpdf.com/pdf-to-txt/how-do-i-convert-pdf-to-text","convert PDF to text","Student workflow: extract readings for notes","P1","Not started"
"H-22","High value","PDF to Text","Resource page","upenn.edu","https://www.upenn.edu/search?q=PDF","85-96","Free outreach","https://ratpdf.com/pdf-to-txt/pdf-to-text-online","PDF to text online","Alternative to Adobe export for students","P1","Not started"
"H-23","High value","OCR","Resource page","upenn.edu","https://www.upenn.edu/search?q=PDF","85-96","Free outreach","https://ratpdf.com/guides/ocr-pdf","OCR PDF searchable","Accessibility: make scanned PDFs searchable for screen readers","P1","Not started"
"H-24","High value","OCR","Resource page","upenn.edu","https://www.upenn.edu/search?q=PDF","85-96","Free outreach","https://ratpdf.com/pdf-to-txt/ocr-pdf-to-text","OCR PDF to text","Library digitization scan-to-text workflow","P1","Not started"
"H-25","High value","Compress PDF","Resource page","brown.edu","https://www.brown.edu/search?q=PDF","85-96","Free outreach","https://ratpdf.com/compress-pdf","compress PDF online free","Campus email attachment limits - link to compression hub + size checker","P1","Not started"
"H-26","High value","Compress PDF","Resource page","brown.edu","https://www.brown.edu/search?q=PDF","85-96","Free outreach","https://ratpdf.com/research/attachment-size-limits","email attachment size limits","Cite original research table in IT help article","P1","Not started"
"H-27","High value","PDF to Text","Resource page","brown.edu","https://www.brown.edu/search?q=PDF","85-96","Free outreach","https://ratpdf.com/pdf-to-txt/how-do-i-convert-pdf-to-text","convert PDF to text","Student workflow: extract readings for notes","P1","Not started"
"H-28","High value","PDF to Text","Resource page","brown.edu","https://www.brown.edu/search?q=PDF","85-96","Free outreach","https://ratpdf.com/pdf-to-txt/pdf-to-text-online","PDF to text online","Alternative to Adobe export for students","P1","Not started"
"H-29","High value","OCR","Resource page","brown.edu","https://www.brown.edu/search?q=PDF","85-96","Free outreach","https://ratpdf.com/guides/ocr-pdf","OCR PDF searchable","Accessibility: make scanned PDFs searchable for screen readers","P1","Not started"
"H-30","High value","OCR","Resource page","brown.edu","https://www.brown.edu/search?q=PDF","85-96","Free outreach","https://ratpdf.com/pdf-to-txt/ocr-pdf-to-text","OCR PDF to text","Library digitization scan-to-text workflow","P1","Not started"
"H-31","High value","Compress PDF","Resource page","dartmouth.edu","https://www.dartmouth.edu/search?q=PDF","85-96","Free outreach","https://ratpdf.com/compress-pdf","compress PDF online free","Campus email attachment limits - link to compression hub + size checker","P1","Not started"
"H-32","High value","Compress PDF","Resource page","dartmouth.edu","https://www.dartmouth.edu/search?q=PDF","85-96","Free outreach","https://ratpdf.com/research/attachment-size-limits","email attachment size limits","Cite original research table in IT help article","P1","Not started"
"H-33","High value","PDF to Text","Resource page","dartmouth.edu","https://www.dartmouth.edu/search?q=PDF","85-96","Free outreach","https://ratpdf.com/pdf-to-txt/how-do-i-convert-pdf-to-text","convert PDF to text","Student workflow: extract readings for notes","P1","Not started"
"H-34","High value","PDF to Text","Resource page","dartmouth.edu","https://www.dartmouth.edu/search?q=PDF","85-96","Free outreach","https://ratpdf.com/pdf-to-txt/pdf-to-text-online","PDF to text online","Alternative to Adobe export for students","P1","Not started"
"H-35","High value","OCR","Resource page","dartmouth.edu","https://www.dartmouth.edu/search?q=PDF","85-96","Free outreach","https://ratpdf.com/guides/ocr-pdf","OCR PDF searchable","Accessibility: make scanned PDFs searchable for screen readers","P1","Not started"
"H-36","High value","OCR","Resource page","dartmouth.edu","https://www.dartmouth.edu/search?q=PDF","85-96","Free outreach","https://ratpdf.com/pdf-to-txt/ocr-pdf-to-text","OCR PDF to text","Library digitization scan-to-text workflow","P1","Not started"
"H-37","High value","Compress PDF","Resource page","cornell.edu","https://www.cornell.edu/search?q=PDF","85-96","Free outreach","https://ratpdf.com/compress-pdf","compress PDF online free","Campus email attachment limits - link to compression hub + size checker","P1","Not started"
"H-38","High value","Compress PDF","Resource page","cornell.edu","https://www.cornell.edu/search?q=PDF","85-96","Free outreach","https://ratpdf.com/research/attachment-size-limits","email attachment size limits","Cite original research table in IT help article","P1","Not started"
"H-39","High value","PDF to Text","Resource page","cornell.edu","https://www.cornell.edu/search?q=PDF","85-96","Free outreach","https://ratpdf.com/pdf-to-txt/how-do-i-convert-pdf-to-text","convert PDF to text","Student workflow: extract readings for notes","P1","Not started"
"H-40","High value","PDF to Text","Resource page","cornell.edu","https://www.cornell.edu/search?q=PDF","85-96","Free outreach","https://ratpdf.com/pdf-to-txt/pdf-to-text-online","PDF to text online","Alternative to Adobe export for students","P1","Not started"
"H-41","High value","OCR","Resource page","cornell.edu","https://www.cornell.edu/search?q=PDF","85-96","Free outreach","https://ratpdf.com/guides/ocr-pdf","OCR PDF searchable","Accessibility: make scanned PDFs searchable for screen readers","P1","Not started"
"H-42","High value","OCR","Resource page","cornell.edu","https://www.cornell.edu/search?q=PDF","85-96","Free outreach","https://ratpdf.com/pdf-to-txt/ocr-pdf-to-text","OCR PDF to text","Library digitization scan-to-text workflow","P1","Not started"
"H-43","High value","Compress PDF","Resource page","duke.edu","https://www.duke.edu/search?q=PDF","85-96","Free outreach","https://ratpdf.com/compress-pdf","compress PDF online free","Campus email attachment limits - link to compression hub + size checker","P1","Not started"
"H-44","High value","Compress PDF","Resource page","duke.edu","https://www.duke.edu/search?q=PDF","85-96","Free outreach","https://ratpdf.com/research/attachment-size-limits","email attachment size limits","Cite original research table in IT help article","P1","Not started"
"H-45","High value","PDF to Text","Resource page","duke.edu","https://www.duke.edu/search?q=PDF","85-96","Free outreach","https://ratpdf.com/pdf-to-txt/how-do-i-convert-pdf-to-text","convert PDF to text","Student workflow: extract readings for notes","P1","Not started"
"H-46","High value","PDF to Text","Resource page","duke.edu","https://www.duke.edu/search?q=PDF","85-96","Free outreach","https://ratpdf.com/pdf-to-txt/pdf-to-text-online","PDF to text online","Alternative to Adobe export for students","P1","Not started"
"H-47","High value","OCR","Resource page","duke.edu","https://www.duke.edu/search?q=PDF","85-96","Free outreach","https://ratpdf.com/guides/ocr-pdf","OCR PDF searchable","Accessibility: make scanned PDFs searchable for screen readers","P1","Not started"
"H-48","High value","OCR","Resource page","duke.edu","https://www.duke.edu/search?q=PDF","85-96","Free outreach","https://ratpdf.com/pdf-to-txt/ocr-pdf-to-text","OCR PDF to text","Library digitization scan-to-text workflow","P1","Not started"
"H-49","High value","Compress PDF","Resource page","northwestern.edu","https://www.northwestern.edu/search?q=PDF","85-96","Free outreach","https://ratpdf.com/compress-pdf","compress PDF online free","Campus email attachment limits - link to compression hub + size checker","P1","Not started"
"H-50","High value","Compress PDF","Resource page","northwestern.edu","https://www.northwestern.edu/search?q=PDF","85-96","Free outreach","https://ratpdf.com/research/attachment-size-limits","email attachment size limits","Cite original research table in IT help article","P1","Not started"
"H-51","High value","PDF to Text","Resource page","northwestern.edu","https://www.northwestern.edu/search?q=PDF","85-96","Free outreach","https://ratpdf.com/pdf-to-txt/how-do-i-convert-pdf-to-text","convert PDF to text","Student workflow: extract readings for notes","P1","Not started"
"H-52","High value","PDF to Text","Resource page","northwestern.edu","https://www.northwestern.edu/search?q=PDF","85-96","Free outreach","https://ratpdf.com/pdf-to-txt/pdf-to-text-online","PDF to text online","Alternative to Adobe export for students","P1","Not started"
"H-53","High value","OCR","Resource page","northwestern.edu","https://www.northwestern.edu/search?q=PDF","85-96","Free outreach","https://ratpdf.com/guides/ocr-pdf","OCR PDF searchable","Accessibility: make scanned PDFs searchable for screen readers","P1","Not started"
"H-54","High value","OCR","Resource page","northwestern.edu","https://www.northwestern.edu/search?q=PDF","85-96","Free outreach","https://ratpdf.com/pdf-to-txt/ocr-pdf-to-text","OCR PDF to text","Library digitization scan-to-text workflow","P1","Not started"
"H-55","High value","Compress PDF","Resource page","vanderbilt.edu","https://www.vanderbilt.edu/search?q=PDF","85-96","Free outreach","https://ratpdf.com/compress-pdf","compress PDF online free","Campus email attachment limits - link to compression hub + size checker","P1","Not started"
"H-56","High value","Compress PDF","Resource page","vanderbilt.edu","https://www.vanderbilt.edu/search?q=PDF","85-96","Free outreach","https://ratpdf.com/research/attachment-size-limits","email attachment size limits","Cite original research table in IT help article","P1","Not started"
"H-57","High value","PDF to Text","Resource page","vanderbilt.edu","https://www.vanderbilt.edu/search?q=PDF","85-96","Free outreach","https://ratpdf.com/pdf-to-txt/how-do-i-convert-pdf-to-text","convert PDF to text","Student workflow: extract readings for notes","P1","Not started"
"H-58","High value","PDF to Text","Resource page","vanderbilt.edu","https://www.vanderbilt.edu/search?q=PDF","85-96","Free outreach","https://ratpdf.com/pdf-to-txt/pdf-to-text-online","PDF to text online","Alternative to Adobe export for students","P1","Not started"
"H-59","High value","OCR","Resource page","vanderbilt.edu","https://www.vanderbilt.edu/search?q=PDF","85-96","Free outreach","https://ratpdf.com/guides/ocr-pdf","OCR PDF searchable","Accessibility: make scanned PDFs searchable for screen readers","P1","Not started"
"H-60","High value","OCR","Resource page","vanderbilt.edu","https://www.vanderbilt.edu/search?q=PDF","85-96","Free outreach","https://ratpdf.com/pdf-to-txt/ocr-pdf-to-text","OCR PDF to text","Library digitization scan-to-text workflow","P1","Not started"
"H-61","High value","Compress PDF","Resource page","rice.edu","https://www.rice.edu/search?q=PDF","85-96","Free outreach","https://ratpdf.com/compress-pdf","compress PDF online free","Campus email attachment limits - link to compression hub + size checker","P1","Not started"
"H-62","High value","Compress PDF","Resource page","rice.edu","https://www.rice.edu/search?q=PDF","85-96","Free outreach","https://ratpdf.com/research/attachment-size-limits","email attachment size limits","Cite original research table in IT help article","P1","Not started"
"H-63","High value","PDF to Text","Resource page","rice.edu","https://www.rice.edu/search?q=PDF","85-96","Free outreach","https://ratpdf.com/pdf-to-txt/how-do-i-convert-pdf-to-text","convert PDF to text","Student workflow: extract readings for notes","P1","Not started"
"H-64","High value","PDF to Text","Resource page","rice.edu","https://www.rice.edu/search?q=PDF","85-96","Free outreach","https://ratpdf.com/pdf-to-txt/pdf-to-text-online","PDF to text online","Alternative to Adobe export for students","P1","Not started"
"H-65","High value","OCR","Resource page","rice.edu","https://www.rice.edu/search?q=PDF","85-96","Free outreach","https://ratpdf.com/guides/ocr-pdf","OCR PDF searchable","Accessibility: make scanned PDFs searchable for screen readers","P1","Not started"
"H-66","High value","OCR","Resource page","rice.edu","https://www.rice.edu/search?q=PDF","85-96","Free outreach","https://ratpdf.com/pdf-to-txt/ocr-pdf-to-text","OCR PDF to text","Library digitization scan-to-text workflow","P1","Not started"
"H-67","High value","Compress PDF","Resource page","emory.edu","https://www.emory.edu/search?q=PDF","85-96","Free outreach","https://ratpdf.com/compress-pdf","compress PDF online free","Campus email attachment limits - link to compression hub + size checker","P1","Not started"
"H-68","High value","Compress PDF","Resource page","emory.edu","https://www.emory.edu/search?q=PDF","85-96","Free outreach","https://ratpdf.com/research/attachment-size-limits","email attachment size limits","Cite original research table in IT help article","P1","Not started"
"H-69","High value","PDF to Text","Resource page","emory.edu","https://www.emory.edu/search?q=PDF","85-96","Free outreach","https://ratpdf.com/pdf-to-txt/how-do-i-convert-pdf-to-text","convert PDF to text","Student workflow: extract readings for notes","P1","Not started"
"H-70","High value","PDF to Text","Resource page","emory.edu","https://www.emory.edu/search?q=PDF","85-96","Free outreach","https://ratpdf.com/pdf-to-txt/pdf-to-text-online","PDF to text online","Alternative to Adobe export for students","P1","Not started"
"H-71","High value","OCR","Resource page","emory.edu","https://www.emory.edu/search?q=PDF","85-96","Free outreach","https://ratpdf.com/guides/ocr-pdf","OCR PDF searchable","Accessibility: make scanned PDFs searchable for screen readers","P1","Not started"
"H-72","High value","OCR","Resource page","emory.edu","https://www.emory.edu/search?q=PDF","85-96","Free outreach","https://ratpdf.com/pdf-to-txt/ocr-pdf-to-text","OCR PDF to text","Library digitization scan-to-text workflow","P1","Not started"
"H-73","High value","Compress PDF","Resource page","usc.edu","https://www.usc.edu/search?q=PDF","85-96","Free outreach","https://ratpdf.com/compress-pdf","compress PDF online free","Campus email attachment limits - link to compression hub + size checker","P1","Not started"
"H-74","High value","Compress PDF","Resource page","usc.edu","https://www.usc.edu/search?q=PDF","85-96","Free outreach","https://ratpdf.com/research/attachment-size-limits","email attachment size limits","Cite original research table in IT help article","P1","Not started"
"H-75","High value","PDF to Text","Resource page","usc.edu","https://www.usc.edu/search?q=PDF","85-96","Free outreach","https://ratpdf.com/pdf-to-txt/how-do-i-convert-pdf-to-text","convert PDF to text","Student workflow: extract readings for notes","P1","Not started"
"H-76","High value","PDF to Text","Resource page","usc.edu","https://www.usc.edu/search?q=PDF","85-96","Free outreach","https://ratpdf.com/pdf-to-txt/pdf-to-text-online","PDF to text online","Alternative to Adobe export for students","P1","Not started"
"H-77","High value","OCR","Resource page","usc.edu","https://www.usc.edu/search?q=PDF","85-96","Free outreach","https://ratpdf.com/guides/ocr-pdf","OCR PDF searchable","Accessibility: make scanned PDFs searchable for screen readers","P1","Not started"
"H-78","High value","OCR","Resource page","usc.edu","https://www.usc.edu/search?q=PDF","85-96","Free outreach","https://ratpdf.com/pdf-to-txt/ocr-pdf-to-text","OCR PDF to text","Library digitization scan-to-text workflow","P1","Not started"
"H-79","High value","Compress PDF","Resource page","ucla.edu","https://www.ucla.edu/search?q=PDF","85-96","Free outreach","https://ratpdf.com/compress-pdf","compress PDF online free","Campus email attachment limits - link to compression hub + size checker","P1","Not started"
"H-80","High value","Compress PDF","Resource page","ucla.edu","https://www.ucla.edu/search?q=PDF","85-96","Free outreach","https://ratpdf.com/research/attachment-size-limits","email attachment size limits","Cite original research table in IT help article","P1","Not started"
"H-81","High value","PDF to Text","Resource page","ucla.edu","https://www.ucla.edu/search?q=PDF","85-96","Free outreach","https://ratpdf.com/pdf-to-txt/how-do-i-convert-pdf-to-text","convert PDF to text","Student workflow: extract readings for notes","P1","Not started"
"H-82","High value","PDF to Text","Resource page","ucla.edu","https://www.ucla.edu/search?q=PDF","85-96","Free outreach","https://ratpdf.com/pdf-to-txt/pdf-to-text-online","PDF to text online","Alternative to Adobe export for students","P1","Not started"
"H-83","High value","OCR","Resource page","ucla.edu","https://www.ucla.edu/search?q=PDF","85-96","Free outreach","https://ratpdf.com/guides/ocr-pdf","OCR PDF searchable","Accessibility: make scanned PDFs searchable for screen readers","P1","Not started"
"H-84","High value","OCR","Resource page","ucla.edu","https://www.ucla.edu/search?q=PDF","85-96","Free outreach","https://ratpdf.com/pdf-to-txt/ocr-pdf-to-text","OCR PDF to text","Library digitization scan-to-text workflow","P1","Not started"
"H-85","High value","Compress PDF","Resource page","ucsd.edu","https://www.ucsd.edu/search?q=PDF","85-96","Free outreach","https://ratpdf.com/compress-pdf","compress PDF online free","Campus email attachment limits - link to compression hub + size checker","P1","Not started"
"H-86","High value","Compress PDF","Resource page","ucsd.edu","https://www.ucsd.edu/search?q=PDF","85-96","Free outreach","https://ratpdf.com/research/attachment-size-limits","email attachment size limits","Cite original research table in IT help article","P1","Not started"
"H-87","High value","PDF to Text","Resource page","ucsd.edu","https://www.ucsd.edu/search?q=PDF","85-96","Free outreach","https://ratpdf.com/pdf-to-txt/how-do-i-convert-pdf-to-text","convert PDF to text","Student workflow: extract readings for notes","P1","Not started"
"H-88","High value","PDF to Text","Resource page","ucsd.edu","https://www.ucsd.edu/search?q=PDF","85-96","Free outreach","https://ratpdf.com/pdf-to-txt/pdf-to-text-online","PDF to text online","Alternative to Adobe export for students","P1","Not started"
"H-89","High value","OCR","Resource page","ucsd.edu","https://www.ucsd.edu/search?q=PDF","85-96","Free outreach","https://ratpdf.com/guides/ocr-pdf","OCR PDF searchable","Accessibility: make scanned PDFs searchable for screen readers","P1","Not started"
"H-90","High value","OCR","Resource page","ucsd.edu","https://www.ucsd.edu/search?q=PDF","85-96","Free outreach","https://ratpdf.com/pdf-to-txt/ocr-pdf-to-text","OCR PDF to text","Library digitization scan-to-text workflow","P1","Not started"
"H-91","High value","Compress PDF","Resource page","ucsb.edu","https://www.ucsb.edu/search?q=PDF","85-96","Free outreach","https://ratpdf.com/compress-pdf","compress PDF online free","Campus email attachment limits - link to compression hub + size checker","P1","Not started"
"H-92","High value","Compress PDF","Resource page","ucsb.edu","https://www.ucsb.edu/search?q=PDF","85-96","Free outreach","https://ratpdf.com/research/attachment-size-limits","email attachment size limits","Cite original research table in IT help article","P1","Not started"
"H-93","High value","PDF to Text","Resource page","ucsb.edu","https://www.ucsb.edu/search?q=PDF","85-96","Free outreach","https://ratpdf.com/pdf-to-txt/how-do-i-convert-pdf-to-text","convert PDF to text","Student workflow: extract readings for notes","P1","Not started"
"H-94","High value","PDF to Text","Resource page","ucsb.edu","https://www.ucsb.edu/search?q=PDF","85-96","Free outreach","https://ratpdf.com/pdf-to-txt/pdf-to-text-online","PDF to text online","Alternative to Adobe export for students","P1","Not started"
"H-95","High value","OCR","Resource page","ucsb.edu","https://www.ucsb.edu/search?q=PDF","85-96","Free outreach","https://ratpdf.com/guides/ocr-pdf","OCR PDF searchable","Accessibility: make scanned PDFs searchable for screen readers","P1","Not started"
"H-96","High value","OCR","Resource page","ucsb.edu","https://www.ucsb.edu/search?q=PDF","85-96","Free outreach","https://ratpdf.com/pdf-to-txt/ocr-pdf-to-text","OCR PDF to text","Library digitization scan-to-text workflow","P1","Not started"
"H-97","High value","Compress PDF","Resource page","ucdavis.edu","https://www.ucdavis.edu/search?q=PDF","85-96","Free outreach","https://ratpdf.com/compress-pdf","compress PDF online free","Campus email attachment limits - link to compression hub + size checker","P1","Not started"
"H-98","High value","Compress PDF","Resource page","ucdavis.edu","https://www.ucdavis.edu/search?q=PDF","85-96","Free outreach","https://ratpdf.com/research/attachment-size-limits","email attachment size limits","Cite original research table in IT help article","P1","Not started"
"H-99","High value","PDF to Text","Resource page","ucdavis.edu","https://www.ucdavis.edu/search?q=PDF","85-96","Free outreach","https://ratpdf.com/pdf-to-txt/how-do-i-convert-pdf-to-text","convert PDF to text","Student workflow: extract readings for notes","P1","Not started"
"H-100","High value","PDF to Text","Resource page","ucdavis.edu","https://www.ucdavis.edu/search?q=PDF","85-96","Free outreach","https://ratpdf.com/pdf-to-txt/pdf-to-text-online","PDF to text online","Alternative to Adobe export for students","P1","Not started"
"H-101","High value","OCR","Resource page","ucdavis.edu","https://www.ucdavis.edu/search?q=PDF","85-96","Free outreach","https://ratpdf.com/guides/ocr-pdf","OCR PDF searchable","Accessibility: make scanned PDFs searchable for screen readers","P1","Not started"
"H-102","High value","OCR","Resource page","ucdavis.edu","https://www.ucdavis.edu/search?q=PDF","85-96","Free outreach","https://ratpdf.com/pdf-to-txt/ocr-pdf-to-text","OCR PDF to text","Library digitization scan-to-text workflow","P1","Not started"
"H-103","High value","Compress PDF","Resource page","ucirvine.edu","https://www.ucirvine.edu/search?q=PDF","85-96","Free outreach","https://ratpdf.com/compress-pdf","compress PDF online free","Campus email attachment limits - link to compression hub + size checker","P1","Not started"
"H-104","High value","Compress PDF","Resource page","ucirvine.edu","https://www.ucirvine.edu/search?q=PDF","85-96","Free outreach","https://ratpdf.com/research/attachment-size-limits","email attachment size limits","Cite original research table in IT help article","P1","Not started"
"H-105","High value","PDF to Text","Resource page","ucirvine.edu","https://www.ucirvine.edu/search?q=PDF","85-96","Free outreach","https://ratpdf.com/pdf-to-txt/how-do-i-convert-pdf-to-text","convert PDF to text","Student workflow: extract readings for notes","P1","Not started"
"H-106","High value","PDF to Text","Resource page","ucirvine.edu","https://www.ucirvine.edu/search?q=PDF","85-96","Free outreach","https://ratpdf.com/pdf-to-txt/pdf-to-text-online","PDF to text online","Alternative to Adobe export for students","P1","Not started"
"H-107","High value","OCR","Resource page","ucirvine.edu","https://www.ucirvine.edu/search?q=PDF","85-96","Free outreach","https://ratpdf.com/guides/ocr-pdf","OCR PDF searchable","Accessibility: make scanned PDFs searchable for screen readers","P1","Not started"
"H-108","High value","OCR","Resource page","ucirvine.edu","https://www.ucirvine.edu/search?q=PDF","85-96","Free outreach","https://ratpdf.com/pdf-to-txt/ocr-pdf-to-text","OCR PDF to text","Library digitization scan-to-text workflow","P1","Not started"
"H-109","High value","Compress PDF","Resource page","purdue.edu","https://www.purdue.edu/search?q=PDF","85-96","Free outreach","https://ratpdf.com/compress-pdf","compress PDF online free","Campus email attachment limits - link to compression hub + size checker","P1","Not started"
"H-110","High value","Compress PDF","Resource page","purdue.edu","https://www.purdue.edu/search?q=PDF","85-96","Free outreach","https://ratpdf.com/research/attachment-size-limits","email attachment size limits","Cite original research table in IT help article","P1","Not started"
"H-111","High value","PDF to Text","Resource page","purdue.edu","https://www.purdue.edu/search?q=PDF","85-96","Free outreach","https://ratpdf.com/pdf-to-txt/how-do-i-convert-pdf-to-text","convert PDF to text","Student workflow: extract readings for notes","P1","Not started"
"H-112","High value","PDF to Text","Resource page","purdue.edu","https://www.purdue.edu/search?q=PDF","85-96","Free outreach","https://ratpdf.com/pdf-to-txt/pdf-to-text-online","PDF to text online","Alternative to Adobe export for students","P1","Not started"
"H-113","High value","OCR","Resource page","purdue.edu","https://www.purdue.edu/search?q=PDF","85-96","Free outreach","https://ratpdf.com/guides/ocr-pdf","OCR PDF searchable","Accessibility: make scanned PDFs searchable for screen readers","P1","Not started"
"H-114","High value","OCR","Resource page","purdue.edu","https://www.purdue.edu/search?q=PDF","85-96","Free outreach","https://ratpdf.com/pdf-to-txt/ocr-pdf-to-text","OCR PDF to text","Library digitization scan-to-text workflow","P1","Not started"
"H-115","High value","Compress PDF","Resource page","wisc.edu","https://www.wisc.edu/search?q=PDF","85-96","Free outreach","https://ratpdf.com/compress-pdf","compress PDF online free","Campus email attachment limits - link to compression hub + size checker","P1","Not started"
"H-116","High value","Compress PDF","Resource page","wisc.edu","https://www.wisc.edu/search?q=PDF","85-96","Free outreach","https://ratpdf.com/research/attachment-size-limits","email attachment size limits","Cite original research table in IT help article","P1","Not started"
"H-117","High value","PDF to Text","Resource page","wisc.edu","https://www.wisc.edu/search?q=PDF","85-96","Free outreach","https://ratpdf.com/pdf-to-txt/how-do-i-convert-pdf-to-text","convert PDF to text","Student workflow: extract readings for notes","P1","Not started"
"H-118","High value","PDF to Text","Resource page","wisc.edu","https://www.wisc.edu/search?q=PDF","85-96","Free outreach","https://ratpdf.com/pdf-to-txt/pdf-to-text-online","PDF to text online","Alternative to Adobe export for students","P1","Not started"
"H-119","High value","OCR","Resource page","wisc.edu","https://www.wisc.edu/search?q=PDF","85-96","Free outreach","https://ratpdf.com/guides/ocr-pdf","OCR PDF searchable","Accessibility: make scanned PDFs searchable for screen readers","P1","Not started"
"H-120","High value","OCR","Resource page","wisc.edu","https://www.wisc.edu/search?q=PDF","85-96","Free outreach","https://ratpdf.com/pdf-to-txt/ocr-pdf-to-text","OCR PDF to text","Library digitization scan-to-text workflow","P1","Not started"
"H-121","High value","Compress PDF","Resource page","umn.edu","https://www.umn.edu/search?q=PDF","85-96","Free outreach","https://ratpdf.com/compress-pdf","compress PDF online free","Campus email attachment limits - link to compression hub + size checker","P1","Not started"
"H-122","High value","Compress PDF","Resource page","umn.edu","https://www.umn.edu/search?q=PDF","85-96","Free outreach","https://ratpdf.com/research/attachment-size-limits","email attachment size limits","Cite original research table in IT help article","P1","Not started"
"H-123","High value","PDF to Text","Resource page","umn.edu","https://www.umn.edu/search?q=PDF","85-96","Free outreach","https://ratpdf.com/pdf-to-txt/how-do-i-convert-pdf-to-text","convert PDF to text","Student workflow: extract readings for notes","P1","Not started"
"H-124","High value","PDF to Text","Resource page","umn.edu","https://www.umn.edu/search?q=PDF","85-96","Free outreach","https://ratpdf.com/pdf-to-txt/pdf-to-text-online","PDF to text online","Alternative to Adobe export for students","P1","Not started"
"H-125","High value","OCR","Resource page","umn.edu","https://www.umn.edu/search?q=PDF","85-96","Free outreach","https://ratpdf.com/guides/ocr-pdf","OCR PDF searchable","Accessibility: make scanned PDFs searchable for screen readers","P1","Not started"
"H-126","High value","OCR","Resource page","umn.edu","https://www.umn.edu/search?q=PDF","85-96","Free outreach","https://ratpdf.com/pdf-to-txt/ocr-pdf-to-text","OCR PDF to text","Library digitization scan-to-text workflow","P1","Not started"
"H-127","High value","Compress PDF","Resource page","osu.edu","https://www.osu.edu/search?q=PDF","85-96","Free outreach","https://ratpdf.com/compress-pdf","compress PDF online free","Campus email attachment limits - link to compression hub + size checker","P1","Not started"
"H-128","High value","Compress PDF","Resource page","osu.edu","https://www.osu.edu/search?q=PDF","85-96","Free outreach","https://ratpdf.com/research/attachment-size-limits","email attachment size limits","Cite original research table in IT help article","P1","Not started"
"H-129","High value","PDF to Text","Resource page","osu.edu","https://www.osu.edu/search?q=PDF","85-96","Free outreach","https://ratpdf.com/pdf-to-txt/how-do-i-convert-pdf-to-text","convert PDF to text","Student workflow: extract readings for notes","P1","Not started"
"H-130","High value","PDF to Text","Resource page","osu.edu","https://www.osu.edu/search?q=PDF","85-96","Free outreach","https://ratpdf.com/pdf-to-txt/pdf-to-text-online","PDF to text online","Alternative to Adobe export for students","P1","Not started"
"H-131","High value","OCR","Resource page","osu.edu","https://www.osu.edu/search?q=PDF","85-96","Free outreach","https://ratpdf.com/guides/ocr-pdf","OCR PDF searchable","Accessibility: make scanned PDFs searchable for screen readers","P1","Not started"
"H-132","High value","OCR","Resource page","osu.edu","https://www.osu.edu/search?q=PDF","85-96","Free outreach","https://ratpdf.com/pdf-to-txt/ocr-pdf-to-text","OCR PDF to text","Library digitization scan-to-text workflow","P1","Not started"
"H-133","High value","Compress PDF","Resource page","psu.edu","https://www.psu.edu/search?q=PDF","85-96","Free outreach","https://ratpdf.com/compress-pdf","compress PDF online free","Campus email attachment limits - link to compression hub + size checker","P1","Not started"
"H-134","High value","Compress PDF","Resource page","psu.edu","https://www.psu.edu/search?q=PDF","85-96","Free outreach","https://ratpdf.com/research/attachment-size-limits","email attachment size limits","Cite original research table in IT help article","P1","Not started"
"H-135","High value","PDF to Text","Resource page","psu.edu","https://www.psu.edu/search?q=PDF","85-96","Free outreach","https://ratpdf.com/pdf-to-txt/how-do-i-convert-pdf-to-text","convert PDF to text","Student workflow: extract readings for notes","P1","Not started"
"H-136","High value","PDF to Text","Resource page","psu.edu","https://www.psu.edu/search?q=PDF","85-96","Free outreach","https://ratpdf.com/pdf-to-txt/pdf-to-text-online","PDF to text online","Alternative to Adobe export for students","P1","Not started"
"H-137","High value","OCR","Resource page","psu.edu","https://www.psu.edu/search?q=PDF","85-96","Free outreach","https://ratpdf.com/guides/ocr-pdf","OCR PDF searchable","Accessibility: make scanned PDFs searchable for screen readers","P1","Not started"
"H-138","High value","OCR","Resource page","psu.edu","https://www.psu.edu/search?q=PDF","85-96","Free outreach","https://ratpdf.com/pdf-to-txt/ocr-pdf-to-text","OCR PDF to text","Library digitization scan-to-text workflow","P1","Not started"
"H-139","High value","Compress PDF","Resource page","umd.edu","https://www.umd.edu/search?q=PDF","85-96","Free outreach","https://ratpdf.com/compress-pdf","compress PDF online free","Campus email attachment limits - link to compression hub + size checker","P1","Not started"
"H-140","High value","Compress PDF","Resource page","umd.edu","https://www.umd.edu/search?q=PDF","85-96","Free outreach","https://ratpdf.com/research/attachment-size-limits","email attachment size limits","Cite original research table in IT help article","P1","Not started"
"H-141","High value","PDF to Text","Resource page","umd.edu","https://www.umd.edu/search?q=PDF","85-96","Free outreach","https://ratpdf.com/pdf-to-txt/how-do-i-convert-pdf-to-text","convert PDF to text","Student workflow: extract readings for notes","P1","Not started"
"H-142","High value","PDF to Text","Resource page","umd.edu","https://www.umd.edu/search?q=PDF","85-96","Free outreach","https://ratpdf.com/pdf-to-txt/pdf-to-text-online","PDF to text online","Alternative to Adobe export for students","P1","Not started"
"H-143","High value","OCR","Resource page","umd.edu","https://www.umd.edu/search?q=PDF","85-96","Free outreach","https://ratpdf.com/guides/ocr-pdf","OCR PDF searchable","Accessibility: make scanned PDFs searchable for screen readers","P1","Not started"
"H-144","High value","OCR","Resource page","umd.edu","https://www.umd.edu/search?q=PDF","85-96","Free outreach","https://ratpdf.com/pdf-to-txt/ocr-pdf-to-text","OCR PDF to text","Library digitization scan-to-text workflow","P1","Not started"
"H-145","High value","Compress PDF","Resource page","virginia.edu","https://www.virginia.edu/search?q=PDF","85-96","Free outreach","https://ratpdf.com/compress-pdf","compress PDF online free","Campus email attachment limits - link to compression hub + size checker","P1","Not started"
"H-146","High value","Compress PDF","Resource page","virginia.edu","https://www.virginia.edu/search?q=PDF","85-96","Free outreach","https://ratpdf.com/research/attachment-size-limits","email attachment size limits","Cite original research table in IT help article","P1","Not started"
"H-147","High value","PDF to Text","Resource page","virginia.edu","https://www.virginia.edu/search?q=PDF","85-96","Free outreach","https://ratpdf.com/pdf-to-txt/how-do-i-convert-pdf-to-text","convert PDF to text","Student workflow: extract readings for notes","P1","Not started"
"H-148","High value","PDF to Text","Resource page","virginia.edu","https://www.virginia.edu/search?q=PDF","85-96","Free outreach","https://ratpdf.com/pdf-to-txt/pdf-to-text-online","PDF to text online","Alternative to Adobe export for students","P1","Not started"
"H-149","High value","OCR","Resource page","virginia.edu","https://www.virginia.edu/search?q=PDF","85-96","Free outreach","https://ratpdf.com/guides/ocr-pdf","OCR PDF searchable","Accessibility: make scanned PDFs searchable for screen readers","P1","Not started"
"H-150","High value","OCR","Resource page","virginia.edu","https://www.virginia.edu/search?q=PDF","85-96","Free outreach","https://ratpdf.com/pdf-to-txt/ocr-pdf-to-text","OCR PDF to text","Library digitization scan-to-text workflow","P1","Not started"
"H-151","High value","Compress PDF","Resource page","unc.edu","https://www.unc.edu/search?q=PDF","85-96","Free outreach","https://ratpdf.com/compress-pdf","compress PDF online free","Campus email attachment limits - link to compression hub + size checker","P1","Not started"
"H-152","High value","Compress PDF","Resource page","unc.edu","https://www.unc.edu/search?q=PDF","85-96","Free outreach","https://ratpdf.com/research/attachment-size-limits","email attachment size limits","Cite original research table in IT help article","P1","Not started"
"H-153","High value","PDF to Text","Resource page","unc.edu","https://www.unc.edu/search?q=PDF","85-96","Free outreach","https://ratpdf.com/pdf-to-txt/how-do-i-convert-pdf-to-text","convert PDF to text","Student workflow: extract readings for notes","P1","Not started"
"H-154","High value","PDF to Text","Resource page","unc.edu","https://www.unc.edu/search?q=PDF","85-96","Free outreach","https://ratpdf.com/pdf-to-txt/pdf-to-text-online","PDF to text online","Alternative to Adobe export for students","P1","Not started"
"H-155","High value","OCR","Resource page","unc.edu","https://www.unc.edu/search?q=PDF","85-96","Free outreach","https://ratpdf.com/guides/ocr-pdf","OCR PDF searchable","Accessibility: make scanned PDFs searchable for screen readers","P1","Not started"
"H-156","High value","OCR","Resource page","unc.edu","https://www.unc.edu/search?q=PDF","85-96","Free outreach","https://ratpdf.com/pdf-to-txt/ocr-pdf-to-text","OCR PDF to text","Library digitization scan-to-text workflow","P1","Not started"
"H-157","High value","Compress PDF","Resource page","duke.edu","https://www.duke.edu/search?q=PDF","85-96","Free outreach","https://ratpdf.com/compress-pdf","compress PDF online free","Campus email attachment limits - link to compression hub + size checker","P1","Not started"
"H-158","High value","Compress PDF","Resource page","duke.edu","https://www.duke.edu/search?q=PDF","85-96","Free outreach","https://ratpdf.com/research/attachment-size-limits","email attachment size limits","Cite original research table in IT help article","P1","Not started"
"H-159","High value","PDF to Text","Resource page","duke.edu","https://www.duke.edu/search?q=PDF","85-96","Free outreach","https://ratpdf.com/pdf-to-txt/how-do-i-convert-pdf-to-text","convert PDF to text","Student workflow: extract readings for notes","P1","Not started"
"H-160","High value","PDF to Text","Resource page","duke.edu","https://www.duke.edu/search?q=PDF","85-96","Free outreach","https://ratpdf.com/pdf-to-txt/pdf-to-text-online","PDF to text online","Alternative to Adobe export for students","P1","Not started"
"H-161","High value","OCR","Resource page","duke.edu","https://www.duke.edu/search?q=PDF","85-96","Free outreach","https://ratpdf.com/guides/ocr-pdf","OCR PDF searchable","Accessibility: make scanned PDFs searchable for screen readers","P1","Not started"
"H-162","High value","OCR","Resource page","duke.edu","https://www.duke.edu/search?q=PDF","85-96","Free outreach","https://ratpdf.com/pdf-to-txt/ocr-pdf-to-text","OCR PDF to text","Library digitization scan-to-text workflow","P1","Not started"
"H-163","High value","Compress PDF","Resource page","boston.edu","https://www.boston.edu/search?q=PDF","85-96","Free outreach","https://ratpdf.com/compress-pdf","compress PDF online free","Campus email attachment limits - link to compression hub + size checker","P1","Not started"
"H-164","High value","Compress PDF","Resource page","boston.edu","https://www.boston.edu/search?q=PDF","85-96","Free outreach","https://ratpdf.com/research/attachment-size-limits","email attachment size limits","Cite original research table in IT help article","P1","Not started"
"H-165","High value","PDF to Text","Resource page","boston.edu","https://www.boston.edu/search?q=PDF","85-96","Free outreach","https://ratpdf.com/pdf-to-txt/how-do-i-convert-pdf-to-text","convert PDF to text","Student workflow: extract readings for notes","P1","Not started"
"H-166","High value","PDF to Text","Resource page","boston.edu","https://www.boston.edu/search?q=PDF","85-96","Free outreach","https://ratpdf.com/pdf-to-txt/pdf-to-text-online","PDF to text online","Alternative to Adobe export for students","P1","Not started"
"H-167","High value","OCR","Resource page","boston.edu","https://www.boston.edu/search?q=PDF","85-96","Free outreach","https://ratpdf.com/guides/ocr-pdf","OCR PDF searchable","Accessibility: make scanned PDFs searchable for screen readers","P1","Not started"
"H-168","High value","OCR","Resource page","boston.edu","https://www.boston.edu/search?q=PDF","85-96","Free outreach","https://ratpdf.com/pdf-to-txt/ocr-pdf-to-text","OCR PDF to text","Library digitization scan-to-text workflow","P1","Not started"
"H-169","High value","Compress PDF","Resource page","nyu.edu","https://www.nyu.edu/search?q=PDF","85-96","Free outreach","https://ratpdf.com/compress-pdf","compress PDF online free","Campus email attachment limits - link to compression hub + size checker","P1","Not started"
"H-170","High value","Compress PDF","Resource page","nyu.edu","https://www.nyu.edu/search?q=PDF","85-96","Free outreach","https://ratpdf.com/research/attachment-size-limits","email attachment size limits","Cite original research table in IT help article","P1","Not started"
"H-171","High value","PDF to Text","Resource page","nyu.edu","https://www.nyu.edu/search?q=PDF","85-96","Free outreach","https://ratpdf.com/pdf-to-txt/how-do-i-convert-pdf-to-text","convert PDF to text","Student workflow: extract readings for notes","P1","Not started"
"H-172","High value","PDF to Text","Resource page","nyu.edu","https://www.nyu.edu/search?q=PDF","85-96","Free outreach","https://ratpdf.com/pdf-to-txt/pdf-to-text-online","PDF to text online","Alternative to Adobe export for students","P1","Not started"
"H-173","High value","OCR","Resource page","nyu.edu","https://www.nyu.edu/search?q=PDF","85-96","Free outreach","https://ratpdf.com/guides/ocr-pdf","OCR PDF searchable","Accessibility: make scanned PDFs searchable for screen readers","P1","Not started"
"H-174","High value","OCR","Resource page","nyu.edu","https://www.nyu.edu/search?q=PDF","85-96","Free outreach","https://ratpdf.com/pdf-to-txt/ocr-pdf-to-text","OCR PDF to text","Library digitization scan-to-text workflow","P1","Not started"
"H-175","High value","Compress PDF","Resource page","rutgers.edu","https://www.rutgers.edu/search?q=PDF","85-96","Free outreach","https://ratpdf.com/compress-pdf","compress PDF online free","Campus email attachment limits - link to compression hub + size checker","P1","Not started"
"H-176","High value","Compress PDF","Resource page","rutgers.edu","https://www.rutgers.edu/search?q=PDF","85-96","Free outreach","https://ratpdf.com/research/attachment-size-limits","email attachment size limits","Cite original research table in IT help article","P1","Not started"
"H-177","High value","PDF to Text","Resource page","rutgers.edu","https://www.rutgers.edu/search?q=PDF","85-96","Free outreach","https://ratpdf.com/pdf-to-txt/how-do-i-convert-pdf-to-text","convert PDF to text","Student workflow: extract readings for notes","P1","Not started"
"H-178","High value","PDF to Text","Resource page","rutgers.edu","https://www.rutgers.edu/search?q=PDF","85-96","Free outreach","https://ratpdf.com/pdf-to-txt/pdf-to-text-online","PDF to text online","Alternative to Adobe export for students","P1","Not started"
"H-179","High value","OCR","Resource page","rutgers.edu","https://www.rutgers.edu/search?q=PDF","85-96","Free outreach","https://ratpdf.com/guides/ocr-pdf","OCR PDF searchable","Accessibility: make scanned PDFs searchable for screen readers","P1","Not started"
"H-180","High value","OCR","Resource page","rutgers.edu","https://www.rutgers.edu/search?q=PDF","85-96","Free outreach","https://ratpdf.com/pdf-to-txt/ocr-pdf-to-text","OCR PDF to text","Library digitization scan-to-text workflow","P1","Not started"
"H-181","High value","Compress PDF","Resource page","asu.edu","https://www.asu.edu/search?q=PDF","85-96","Free outreach","https://ratpdf.com/compress-pdf","compress PDF online free","Campus email attachment limits - link to compression hub + size checker","P1","Not started"
"H-182","High value","Compress PDF","Resource page","asu.edu","https://www.asu.edu/search?q=PDF","85-96","Free outreach","https://ratpdf.com/research/attachment-size-limits","email attachment size limits","Cite original research table in IT help article","P1","Not started"
"H-183","High value","PDF to Text","Resource page","asu.edu","https://www.asu.edu/search?q=PDF","85-96","Free outreach","https://ratpdf.com/pdf-to-txt/how-do-i-convert-pdf-to-text","convert PDF to text","Student workflow: extract readings for notes","P1","Not started"
"H-184","High value","PDF to Text","Resource page","asu.edu","https://www.asu.edu/search?q=PDF","85-96","Free outreach","https://ratpdf.com/pdf-to-txt/pdf-to-text-online","PDF to text online","Alternative to Adobe export for students","P1","Not started"
"H-185","High value","OCR","Resource page","asu.edu","https://www.asu.edu/search?q=PDF","85-96","Free outreach","https://ratpdf.com/guides/ocr-pdf","OCR PDF searchable","Accessibility: make scanned PDFs searchable for screen readers","P1","Not started"
"H-186","High value","OCR","Resource page","asu.edu","https://www.asu.edu/search?q=PDF","85-96","Free outreach","https://ratpdf.com/pdf-to-txt/ocr-pdf-to-text","OCR PDF to text","Library digitization scan-to-text workflow","P1","Not started"
"H-187","High value","Compress PDF","Resource page","colorado.edu","https://www.colorado.edu/search?q=PDF","85-96","Free outreach","https://ratpdf.com/compress-pdf","compress PDF online free","Campus email attachment limits - link to compression hub + size checker","P1","Not started"
"H-188","High value","Compress PDF","Resource page","colorado.edu","https://www.colorado.edu/search?q=PDF","85-96","Free outreach","https://ratpdf.com/research/attachment-size-limits","email attachment size limits","Cite original research table in IT help article","P1","Not started"
"H-189","High value","PDF to Text","Resource page","colorado.edu","https://www.colorado.edu/search?q=PDF","85-96","Free outreach","https://ratpdf.com/pdf-to-txt/how-do-i-convert-pdf-to-text","convert PDF to text","Student workflow: extract readings for notes","P1","Not started"
"H-190","High value","PDF to Text","Resource page","colorado.edu","https://www.colorado.edu/search?q=PDF","85-96","Free outreach","https://ratpdf.com/pdf-to-txt/pdf-to-text-online","PDF to text online","Alternative to Adobe export for students","P1","Not started"
"H-191","High value","OCR","Resource page","colorado.edu","https://www.colorado.edu/search?q=PDF","85-96","Free outreach","https://ratpdf.com/guides/ocr-pdf","OCR PDF searchable","Accessibility: make scanned PDFs searchable for screen readers","P1","Not started"
"H-192","High value","OCR","Resource page","colorado.edu","https://www.colorado.edu/search?q=PDF","85-96","Free outreach","https://ratpdf.com/pdf-to-txt/ocr-pdf-to-text","OCR PDF to text","Library digitization scan-to-text workflow","P1","Not started"
"H-193","High value","Compress PDF","Resource page","wustl.edu","https://www.wustl.edu/search?q=PDF","85-96","Free outreach","https://ratpdf.com/compress-pdf","compress PDF online free","Campus email attachment limits - link to compression hub + size checker","P1","Not started"
"H-194","High value","Compress PDF","Resource page","wustl.edu","https://www.wustl.edu/search?q=PDF","85-96","Free outreach","https://ratpdf.com/research/attachment-size-limits","email attachment size limits","Cite original research table in IT help article","P1","Not started"
"H-195","High value","PDF to Text","Resource page","wustl.edu","https://www.wustl.edu/search?q=PDF","85-96","Free outreach","https://ratpdf.com/pdf-to-txt/how-do-i-convert-pdf-to-text","convert PDF to text","Student workflow: extract readings for notes","P1","Not started"
"H-196","High value","PDF to Text","Resource page","wustl.edu","https://www.wustl.edu/search?q=PDF","85-96","Free outreach","https://ratpdf.com/pdf-to-txt/pdf-to-text-online","PDF to text online","Alternative to Adobe export for students","P1","Not started"
"H-197","High value","OCR","Resource page","wustl.edu","https://www.wustl.edu/search?q=PDF","85-96","Free outreach","https://ratpdf.com/guides/ocr-pdf","OCR PDF searchable","Accessibility: make scanned PDFs searchable for screen readers","P1","Not started"
"H-198","High value","OCR","Resource page","wustl.edu","https://www.wustl.edu/search?q=PDF","85-96","Free outreach","https://ratpdf.com/pdf-to-txt/ocr-pdf-to-text","OCR PDF to text","Library digitization scan-to-text workflow","P1","Not started"
"H-199","High value","Compress PDF","Resource page","tufts.edu","https://www.tufts.edu/search?q=PDF","85-96","Free outreach","https://ratpdf.com/compress-pdf","compress PDF online free","Campus email attachment limits - link to compression hub + size checker","P1","Not started"
"H-200","High value","Compress PDF","Resource page","tufts.edu","https://www.tufts.edu/search?q=PDF","85-96","Free outreach","https://ratpdf.com/research/attachment-size-limits","email attachment size limits","Cite original research table in IT help article","P1","Not started"
"H-201","High value","PDF to Text","Resource page","tufts.edu","https://www.tufts.edu/search?q=PDF","85-96","Free outreach","https://ratpdf.com/pdf-to-txt/how-do-i-convert-pdf-to-text","convert PDF to text","Student workflow: extract readings for notes","P1","Not started"
"H-202","High value","PDF to Text","Resource page","tufts.edu","https://www.tufts.edu/search?q=PDF","85-96","Free outreach","https://ratpdf.com/pdf-to-txt/pdf-to-text-online","PDF to text online","Alternative to Adobe export for students","P1","Not started"
"H-203","High value","OCR","Resource page","tufts.edu","https://www.tufts.edu/search?q=PDF","85-96","Free outreach","https://ratpdf.com/guides/ocr-pdf","OCR PDF searchable","Accessibility: make scanned PDFs searchable for screen readers","P1","Not started"
"H-204","High value","OCR","Resource page","tufts.edu","https://www.tufts.edu/search?q=PDF","85-96","Free outreach","https://ratpdf.com/pdf-to-txt/ocr-pdf-to-text","OCR PDF to text","Library digitization scan-to-text workflow","P1","Not started"
"H-205","High value","Compress PDF","Resource page","brandeis.edu","https://www.brandeis.edu/search?q=PDF","85-96","Free outreach","https://ratpdf.com/compress-pdf","compress PDF online free","Campus email attachment limits - link to compression hub + size checker","P1","Not started"
"H-206","High value","Compress PDF","Resource page","brandeis.edu","https://www.brandeis.edu/search?q=PDF","85-96","Free outreach","https://ratpdf.com/research/attachment-size-limits","email attachment size limits","Cite original research table in IT help article","P1","Not started"
"H-207","High value","PDF to Text","Resource page","brandeis.edu","https://www.brandeis.edu/search?q=PDF","85-96","Free outreach","https://ratpdf.com/pdf-to-txt/how-do-i-convert-pdf-to-text","convert PDF to text","Student workflow: extract readings for notes","P1","Not started"
"H-208","High value","PDF to Text","Resource page","brandeis.edu","https://www.brandeis.edu/search?q=PDF","85-96","Free outreach","https://ratpdf.com/pdf-to-txt/pdf-to-text-online","PDF to text online","Alternative to Adobe export for students","P1","Not started"
"H-209","High value","OCR","Resource page","brandeis.edu","https://www.brandeis.edu/search?q=PDF","85-96","Free outreach","https://ratpdf.com/guides/ocr-pdf","OCR PDF searchable","Accessibility: make scanned PDFs searchable for screen readers","P1","Not started"
"H-210","High value","OCR","Resource page","brandeis.edu","https://www.brandeis.edu/search?q=PDF","85-96","Free outreach","https://ratpdf.com/pdf-to-txt/ocr-pdf-to-text","OCR PDF to text","Library digitization scan-to-text workflow","P1","Not started"
"H-211","High value","Compress PDF","Resource page","rochester.edu","https://www.rochester.edu/search?q=PDF","85-96","Free outreach","https://ratpdf.com/compress-pdf","compress PDF online free","Campus email attachment limits - link to compression hub + size checker","P1","Not started"
"H-212","High value","Compress PDF","Resource page","rochester.edu","https://www.rochester.edu/search?q=PDF","85-96","Free outreach","https://ratpdf.com/research/attachment-size-limits","email attachment size limits","Cite original research table in IT help article","P1","Not started"
"H-213","High value","PDF to Text","Resource page","rochester.edu","https://www.rochester.edu/search?q=PDF","85-96","Free outreach","https://ratpdf.com/pdf-to-txt/how-do-i-convert-pdf-to-text","convert PDF to text","Student workflow: extract readings for notes","P1","Not started"
"H-214","High value","PDF to Text","Resource page","rochester.edu","https://www.rochester.edu/search?q=PDF","85-96","Free outreach","https://ratpdf.com/pdf-to-txt/pdf-to-text-online","PDF to text online","Alternative to Adobe export for students","P1","Not started"
"H-215","High value","OCR","Resource page","rochester.edu","https://www.rochester.edu/search?q=PDF","85-96","Free outreach","https://ratpdf.com/guides/ocr-pdf","OCR PDF searchable","Accessibility: make scanned PDFs searchable for screen readers","P1","Not started"
"H-216","High value","OCR","Resource page","rochester.edu","https://www.rochester.edu/search?q=PDF","85-96","Free outreach","https://ratpdf.com/pdf-to-txt/ocr-pdf-to-text","OCR PDF to text","Library digitization scan-to-text workflow","P1","Not started"
"H-217","High value","Compress PDF","Resource page","case.edu","https://www.case.edu/search?q=PDF","85-96","Free outreach","https://ratpdf.com/compress-pdf","compress PDF online free","Campus email attachment limits - link to compression hub + size checker","P1","Not started"
"H-218","High value","Compress PDF","Resource page","case.edu","https://www.case.edu/search?q=PDF","85-96","Free outreach","https://ratpdf.com/research/attachment-size-limits","email attachment size limits","Cite original research table in IT help article","P1","Not started"
"H-219","High value","PDF to Text","Resource page","case.edu","https://www.case.edu/search?q=PDF","85-96","Free outreach","https://ratpdf.com/pdf-to-txt/how-do-i-convert-pdf-to-text","convert PDF to text","Student workflow: extract readings for notes","P1","Not started"
"H-220","High value","PDF to Text","Resource page","case.edu","https://www.case.edu/search?q=PDF","85-96","Free outreach","https://ratpdf.com/pdf-to-txt/pdf-to-text-online","PDF to text online","Alternative to Adobe export for students","P1","Not started"
"H-221","High value","OCR","Resource page","case.edu","https://www.case.edu/search?q=PDF","85-96","Free outreach","https://ratpdf.com/guides/ocr-pdf","OCR PDF searchable","Accessibility: make scanned PDFs searchable for screen readers","P1","Not started"
"H-222","High value","OCR","Resource page","case.edu","https://www.case.edu/search?q=PDF","85-96","Free outreach","https://ratpdf.com/pdf-to-txt/ocr-pdf-to-text","OCR PDF to text","Library digitization scan-to-text workflow","P1","Not started"
"H-223","High value","Compress PDF","Resource page","lehigh.edu","https://www.lehigh.edu/search?q=PDF","85-96","Free outreach","https://ratpdf.com/compress-pdf","compress PDF online free","Campus email attachment limits - link to compression hub + size checker","P1","Not started"
"H-224","High value","Compress PDF","Resource page","lehigh.edu","https://www.lehigh.edu/search?q=PDF","85-96","Free outreach","https://ratpdf.com/research/attachment-size-limits","email attachment size limits","Cite original research table in IT help article","P1","Not started"
"H-225","High value","PDF to Text","Resource page","lehigh.edu","https://www.lehigh.edu/search?q=PDF","85-96","Free outreach","https://ratpdf.com/pdf-to-txt/how-do-i-convert-pdf-to-text","convert PDF to text","Student workflow: extract readings for notes","P1","Not started"
"H-226","High value","PDF to Text","Resource page","lehigh.edu","https://www.lehigh.edu/search?q=PDF","85-96","Free outreach","https://ratpdf.com/pdf-to-txt/pdf-to-text-online","PDF to text online","Alternative to Adobe export for students","P1","Not started"
"H-227","High value","OCR","Resource page","lehigh.edu","https://www.lehigh.edu/search?q=PDF","85-96","Free outreach","https://ratpdf.com/guides/ocr-pdf","OCR PDF searchable","Accessibility: make scanned PDFs searchable for screen readers","P1","Not started"
"H-228","High value","OCR","Resource page","lehigh.edu","https://www.lehigh.edu/search?q=PDF","85-96","Free outreach","https://ratpdf.com/pdf-to-txt/ocr-pdf-to-text","OCR PDF to text","Library digitization scan-to-text workflow","P1","Not started"
"H-229","High value","Compress PDF","Resource page","northeastern.edu","https://www.northeastern.edu/search?q=PDF","85-96","Free outreach","https://ratpdf.com/compress-pdf","compress PDF online free","Campus email attachment limits - link to compression hub + size checker","P1","Not started"
"H-230","High value","Compress PDF","Resource page","northeastern.edu","https://www.northeastern.edu/search?q=PDF","85-96","Free outreach","https://ratpdf.com/research/attachment-size-limits","email attachment size limits","Cite original research table in IT help article","P1","Not started"
"H-231","High value","PDF to Text","Resource page","northeastern.edu","https://www.northeastern.edu/search?q=PDF","85-96","Free outreach","https://ratpdf.com/pdf-to-txt/how-do-i-convert-pdf-to-text","convert PDF to text","Student workflow: extract readings for notes","P1","Not started"
"H-232","High value","PDF to Text","Resource page","northeastern.edu","https://www.northeastern.edu/search?q=PDF","85-96","Free outreach","https://ratpdf.com/pdf-to-txt/pdf-to-text-online","PDF to text online","Alternative to Adobe export for students","P1","Not started"
"H-233","High value","OCR","Resource page","northeastern.edu","https://www.northeastern.edu/search?q=PDF","85-96","Free outreach","https://ratpdf.com/guides/ocr-pdf","OCR PDF searchable","Accessibility: make scanned PDFs searchable for screen readers","P1","Not started"
"H-234","High value","OCR","Resource page","northeastern.edu","https://www.northeastern.edu/search?q=PDF","85-96","Free outreach","https://ratpdf.com/pdf-to-txt/ocr-pdf-to-text","OCR PDF to text","Library digitization scan-to-text workflow","P1","Not started"
"H-235","High value","Compress PDF","Resource page","bu.edu","https://www.bu.edu/search?q=PDF","85-96","Free outreach","https://ratpdf.com/compress-pdf","compress PDF online free","Campus email attachment limits - link to compression hub + size checker","P1","Not started"
"H-236","High value","Compress PDF","Resource page","bu.edu","https://www.bu.edu/search?q=PDF","85-96","Free outreach","https://ratpdf.com/research/attachment-size-limits","email attachment size limits","Cite original research table in IT help article","P1","Not started"
"H-237","High value","PDF to Text","Resource page","bu.edu","https://www.bu.edu/search?q=PDF","85-96","Free outreach","https://ratpdf.com/pdf-to-txt/how-do-i-convert-pdf-to-text","convert PDF to text","Student workflow: extract readings for notes","P1","Not started"
"H-238","High value","PDF to Text","Resource page","bu.edu","https://www.bu.edu/search?q=PDF","85-96","Free outreach","https://ratpdf.com/pdf-to-txt/pdf-to-text-online","PDF to text online","Alternative to Adobe export for students","P1","Not started"
"H-239","High value","OCR","Resource page","bu.edu","https://www.bu.edu/search?q=PDF","85-96","Free outreach","https://ratpdf.com/guides/ocr-pdf","OCR PDF searchable","Accessibility: make scanned PDFs searchable for screen readers","P1","Not started"
"H-240","High value","OCR","Resource page","bu.edu","https://www.bu.edu/search?q=PDF","85-96","Free outreach","https://ratpdf.com/pdf-to-txt/ocr-pdf-to-text","OCR PDF to text","Library digitization scan-to-text workflow","P1","Not started"
"H-241","High value","Compress PDF","Resource page","georgetown.edu","https://www.georgetown.edu/search?q=PDF","85-96","Free outreach","https://ratpdf.com/compress-pdf","compress PDF online free","Campus email attachment limits - link to compression hub + size checker","P1","Not started"
"H-242","High value","Compress PDF","Resource page","georgetown.edu","https://www.georgetown.edu/search?q=PDF","85-96","Free outreach","https://ratpdf.com/research/attachment-size-limits","email attachment size limits","Cite original research table in IT help article","P1","Not started"
"H-243","High value","PDF to Text","Resource page","georgetown.edu","https://www.georgetown.edu/search?q=PDF","85-96","Free outreach","https://ratpdf.com/pdf-to-txt/how-do-i-convert-pdf-to-text","convert PDF to text","Student workflow: extract readings for notes","P1","Not started"
"H-244","High value","PDF to Text","Resource page","georgetown.edu","https://www.georgetown.edu/search?q=PDF","85-96","Free outreach","https://ratpdf.com/pdf-to-txt/pdf-to-text-online","PDF to text online","Alternative to Adobe export for students","P1","Not started"
"H-245","High value","OCR","Resource page","georgetown.edu","https://www.georgetown.edu/search?q=PDF","85-96","Free outreach","https://ratpdf.com/guides/ocr-pdf","OCR PDF searchable","Accessibility: make scanned PDFs searchable for screen readers","P1","Not started"
"H-246","High value","OCR","Resource page","georgetown.edu","https://www.georgetown.edu/search?q=PDF","85-96","Free outreach","https://ratpdf.com/pdf-to-txt/ocr-pdf-to-text","OCR PDF to text","Library digitization scan-to-text workflow","P1","Not started"
"H-247","High value","Compress PDF","Resource page","tamu.edu","https://www.tamu.edu/search?q=PDF","85-96","Free outreach","https://ratpdf.com/compress-pdf","compress PDF online free","Campus email attachment limits - link to compression hub + size checker","P1","Not started"
"H-248","High value","Compress PDF","Resource page","tamu.edu","https://www.tamu.edu/search?q=PDF","85-96","Free outreach","https://ratpdf.com/research/attachment-size-limits","email attachment size limits","Cite original research table in IT help article","P1","Not started"
"H-249","High value","PDF to Text","Resource page","tamu.edu","https://www.tamu.edu/search?q=PDF","85-96","Free outreach","https://ratpdf.com/pdf-to-txt/how-do-i-convert-pdf-to-text","convert PDF to text","Student workflow: extract readings for notes","P1","Not started"
"H-250","High value","PDF to Text","Resource page","tamu.edu","https://www.tamu.edu/search?q=PDF","85-96","Free outreach","https://ratpdf.com/pdf-to-txt/pdf-to-text-online","PDF to text online","Alternative to Adobe export for students","P1","Not started"
"H-251","High value","OCR","Resource page","tamu.edu","https://www.tamu.edu/search?q=PDF","85-96","Free outreach","https://ratpdf.com/guides/ocr-pdf","OCR PDF searchable","Accessibility: make scanned PDFs searchable for screen readers","P1","Not started"
"H-252","High value","OCR","Resource page","tamu.edu","https://www.tamu.edu/search?q=PDF","85-96","Free outreach","https://ratpdf.com/pdf-to-txt/ocr-pdf-to-text","OCR PDF to text","Library digitization scan-to-text workflow","P1","Not started"
"H-253","High value","Compress PDF","Resource page","ufl.edu","https://www.ufl.edu/search?q=PDF","85-96","Free outreach","https://ratpdf.com/compress-pdf","compress PDF online free","Campus email attachment limits - link to compression hub + size checker","P1","Not started"
"H-254","High value","Compress PDF","Resource page","ufl.edu","https://www.ufl.edu/search?q=PDF","85-96","Free outreach","https://ratpdf.com/research/attachment-size-limits","email attachment size limits","Cite original research table in IT help article","P1","Not started"
"H-255","High value","PDF to Text","Resource page","ufl.edu","https://www.ufl.edu/search?q=PDF","85-96","Free outreach","https://ratpdf.com/pdf-to-txt/how-do-i-convert-pdf-to-text","convert PDF to text","Student workflow: extract readings for notes","P1","Not started"
"H-256","High value","PDF to Text","Resource page","ufl.edu","https://www.ufl.edu/search?q=PDF","85-96","Free outreach","https://ratpdf.com/pdf-to-txt/pdf-to-text-online","PDF to text online","Alternative to Adobe export for students","P1","Not started"
"H-257","High value","OCR","Resource page","ufl.edu","https://www.ufl.edu/search?q=PDF","85-96","Free outreach","https://ratpdf.com/guides/ocr-pdf","OCR PDF searchable","Accessibility: make scanned PDFs searchable for screen readers","P1","Not started"
"H-258","High value","OCR","Resource page","ufl.edu","https://www.ufl.edu/search?q=PDF","85-96","Free outreach","https://ratpdf.com/pdf-to-txt/ocr-pdf-to-text","OCR PDF to text","Library digitization scan-to-text workflow","P1","Not started"
"H-259","High value","Compress PDF","Resource page","uga.edu","https://www.uga.edu/search?q=PDF","85-96","Free outreach","https://ratpdf.com/compress-pdf","compress PDF online free","Campus email attachment limits - link to compression hub + size checker","P1","Not started"
"H-260","High value","Compress PDF","Resource page","uga.edu","https://www.uga.edu/search?q=PDF","85-96","Free outreach","https://ratpdf.com/research/attachment-size-limits","email attachment size limits","Cite original research table in IT help article","P1","Not started"
"H-261","High value","PDF to Text","Resource page","uga.edu","https://www.uga.edu/search?q=PDF","85-96","Free outreach","https://ratpdf.com/pdf-to-txt/how-do-i-convert-pdf-to-text","convert PDF to text","Student workflow: extract readings for notes","P1","Not started"
"H-262","High value","PDF to Text","Resource page","uga.edu","https://www.uga.edu/search?q=PDF","85-96","Free outreach","https://ratpdf.com/pdf-to-txt/pdf-to-text-online","PDF to text online","Alternative to Adobe export for students","P1","Not started"
"H-263","High value","OCR","Resource page","uga.edu","https://www.uga.edu/search?q=PDF","85-96","Free outreach","https://ratpdf.com/guides/ocr-pdf","OCR PDF searchable","Accessibility: make scanned PDFs searchable for screen readers","P1","Not started"
"H-264","High value","OCR","Resource page","uga.edu","https://www.uga.edu/search?q=PDF","85-96","Free outreach","https://ratpdf.com/pdf-to-txt/ocr-pdf-to-text","OCR PDF to text","Library digitization scan-to-text workflow","P1","Not started"
"H-265","High value","Compress PDF","Resource page","indiana.edu","https://www.indiana.edu/search?q=PDF","85-96","Free outreach","https://ratpdf.com/compress-pdf","compress PDF online free","Campus email attachment limits - link to compression hub + size checker","P1","Not started"
"H-266","High value","Compress PDF","Resource page","indiana.edu","https://www.indiana.edu/search?q=PDF","85-96","Free outreach","https://ratpdf.com/research/attachment-size-limits","email attachment size limits","Cite original research table in IT help article","P1","Not started"
"H-267","High value","PDF to Text","Resource page","indiana.edu","https://www.indiana.edu/search?q=PDF","85-96","Free outreach","https://ratpdf.com/pdf-to-txt/how-do-i-convert-pdf-to-text","convert PDF to text","Student workflow: extract readings for notes","P1","Not started"
"H-268","High value","PDF to Text","Resource page","indiana.edu","https://www.indiana.edu/search?q=PDF","85-96","Free outreach","https://ratpdf.com/pdf-to-txt/pdf-to-text-online","PDF to text online","Alternative to Adobe export for students","P1","Not started"
"H-269","High value","OCR","Resource page","indiana.edu","https://www.indiana.edu/search?q=PDF","85-96","Free outreach","https://ratpdf.com/guides/ocr-pdf","OCR PDF searchable","Accessibility: make scanned PDFs searchable for screen readers","P1","Not started"
"H-270","High value","OCR","Resource page","indiana.edu","https://www.indiana.edu/search?q=PDF","85-96","Free outreach","https://ratpdf.com/pdf-to-txt/ocr-pdf-to-text","OCR PDF to text","Library digitization scan-to-text workflow","P1","Not started"
"H-271","High value","Compress PDF","Resource page","msu.edu","https://www.msu.edu/search?q=PDF","85-96","Free outreach","https://ratpdf.com/compress-pdf","compress PDF online free","Campus email attachment limits - link to compression hub + size checker","P1","Not started"
"H-272","High value","Compress PDF","Resource page","msu.edu","https://www.msu.edu/search?q=PDF","85-96","Free outreach","https://ratpdf.com/research/attachment-size-limits","email attachment size limits","Cite original research table in IT help article","P1","Not started"
"H-273","High value","PDF to Text","Resource page","msu.edu","https://www.msu.edu/search?q=PDF","85-96","Free outreach","https://ratpdf.com/pdf-to-txt/how-do-i-convert-pdf-to-text","convert PDF to text","Student workflow: extract readings for notes","P1","Not started"
"H-274","High value","PDF to Text","Resource page","msu.edu","https://www.msu.edu/search?q=PDF","85-96","Free outreach","https://ratpdf.com/pdf-to-txt/pdf-to-text-online","PDF to text online","Alternative to Adobe export for students","P1","Not started"
"H-275","High value","OCR","Resource page","msu.edu","https://www.msu.edu/search?q=PDF","85-96","Free outreach","https://ratpdf.com/guides/ocr-pdf","OCR PDF searchable","Accessibility: make scanned PDFs searchable for screen readers","P1","Not started"
"H-276","High value","OCR","Resource page","msu.edu","https://www.msu.edu/search?q=PDF","85-96","Free outreach","https://ratpdf.com/pdf-to-txt/ocr-pdf-to-text","OCR PDF to text","Library digitization scan-to-text workflow","P1","Not started"
"H-277","High value","Compress PDF","Resource page","oregonstate.edu","https://www.oregonstate.edu/search?q=PDF","85-96","Free outreach","https://ratpdf.com/compress-pdf","compress PDF online free","Campus email attachment limits - link to compression hub + size checker","P1","Not started"
"H-278","High value","Compress PDF","Resource page","oregonstate.edu","https://www.oregonstate.edu/search?q=PDF","85-96","Free outreach","https://ratpdf.com/research/attachment-size-limits","email attachment size limits","Cite original research table in IT help article","P1","Not started"
"H-279","High value","PDF to Text","Resource page","oregonstate.edu","https://www.oregonstate.edu/search?q=PDF","85-96","Free outreach","https://ratpdf.com/pdf-to-txt/how-do-i-convert-pdf-to-text","convert PDF to text","Student workflow: extract readings for notes","P1","Not started"
"H-280","High value","PDF to Text","Resource page","oregonstate.edu","https://www.oregonstate.edu/search?q=PDF","85-96","Free outreach","https://ratpdf.com/pdf-to-txt/pdf-to-text-online","PDF to text online","Alternative to Adobe export for students","P1","Not started"
"H-281","High value","OCR","Resource page","oregonstate.edu","https://www.oregonstate.edu/search?q=PDF","85-96","Free outreach","https://ratpdf.com/guides/ocr-pdf","OCR PDF searchable","Accessibility: make scanned PDFs searchable for screen readers","P1","Not started"
"H-282","High value","OCR","Resource page","oregonstate.edu","https://www.oregonstate.edu/search?q=PDF","85-96","Free outreach","https://ratpdf.com/pdf-to-txt/ocr-pdf-to-text","OCR PDF to text","Library digitization scan-to-text workflow","P1","Not started"
"H-283","High value","Compress PDF","Resource page","wsu.edu","https://www.wsu.edu/search?q=PDF","85-96","Free outreach","https://ratpdf.com/compress-pdf","compress PDF online free","Campus email attachment limits - link to compression hub + size checker","P1","Not started"
"H-284","High value","Compress PDF","Resource page","wsu.edu","https://www.wsu.edu/search?q=PDF","85-96","Free outreach","https://ratpdf.com/research/attachment-size-limits","email attachment size limits","Cite original research table in IT help article","P1","Not started"
"H-285","High value","PDF to Text","Resource page","wsu.edu","https://www.wsu.edu/search?q=PDF","85-96","Free outreach","https://ratpdf.com/pdf-to-txt/how-do-i-convert-pdf-to-text","convert PDF to text","Student workflow: extract readings for notes","P1","Not started"
"H-286","High value","PDF to Text","Resource page","wsu.edu","https://www.wsu.edu/search?q=PDF","85-96","Free outreach","https://ratpdf.com/pdf-to-txt/pdf-to-text-online","PDF to text online","Alternative to Adobe export for students","P1","Not started"
"H-287","High value","OCR","Resource page","wsu.edu","https://www.wsu.edu/search?q=PDF","85-96","Free outreach","https://ratpdf.com/guides/ocr-pdf","OCR PDF searchable","Accessibility: make scanned PDFs searchable for screen readers","P1","Not started"
"H-288","High value","OCR","Resource page","wsu.edu","https://www.wsu.edu/search?q=PDF","85-96","Free outreach","https://ratpdf.com/pdf-to-txt/ocr-pdf-to-text","OCR PDF to text","Library digitization scan-to-text workflow","P1","Not started"
"H-289","High value","Compress PDF","Resource page","arizona.edu","https://www.arizona.edu/search?q=PDF","85-96","Free outreach","https://ratpdf.com/compress-pdf","compress PDF online free","Campus email attachment limits - link to compression hub + size checker","P1","Not started"
"H-290","High value","Compress PDF","Resource page","arizona.edu","https://www.arizona.edu/search?q=PDF","85-96","Free outreach","https://ratpdf.com/research/attachment-size-limits","email attachment size limits","Cite original research table in IT help article","P1","Not started"
"H-291","High value","PDF to Text","Resource page","arizona.edu","https://www.arizona.edu/search?q=PDF","85-96","Free outreach","https://ratpdf.com/pdf-to-txt/how-do-i-convert-pdf-to-text","convert PDF to text","Student workflow: extract readings for notes","P1","Not started"
"H-292","High value","PDF to Text","Resource page","arizona.edu","https://www.arizona.edu/search?q=PDF","85-96","Free outreach","https://ratpdf.com/pdf-to-txt/pdf-to-text-online","PDF to text online","Alternative to Adobe export for students","P1","Not started"
"H-293","High value","OCR","Resource page","arizona.edu","https://www.arizona.edu/search?q=PDF","85-96","Free outreach","https://ratpdf.com/guides/ocr-pdf","OCR PDF searchable","Accessibility: make scanned PDFs searchable for screen readers","P1","Not started"
"H-294","High value","OCR","Resource page","arizona.edu","https://www.arizona.edu/search?q=PDF","85-96","Free outreach","https://ratpdf.com/pdf-to-txt/ocr-pdf-to-text","OCR PDF to text","Library digitization scan-to-text workflow","P1","Not started"
"H-295","High value","Compress PDF","Resource page","uoregon.edu","https://www.uoregon.edu/search?q=PDF","85-96","Free outreach","https://ratpdf.com/compress-pdf","compress PDF online free","Campus email attachment limits - link to compression hub + size checker","P1","Not started"
"H-296","High value","Compress PDF","Resource page","uoregon.edu","https://www.uoregon.edu/search?q=PDF","85-96","Free outreach","https://ratpdf.com/research/attachment-size-limits","email attachment size limits","Cite original research table in IT help article","P1","Not started"
"H-297","High value","PDF to Text","Resource page","uoregon.edu","https://www.uoregon.edu/search?q=PDF","85-96","Free outreach","https://ratpdf.com/pdf-to-txt/how-do-i-convert-pdf-to-text","convert PDF to text","Student workflow: extract readings for notes","P1","Not started"
"H-298","High value","PDF to Text","Resource page","uoregon.edu","https://www.uoregon.edu/search?q=PDF","85-96","Free outreach","https://ratpdf.com/pdf-to-txt/pdf-to-text-online","PDF to text online","Alternative to Adobe export for students","P1","Not started"
"H-299","High value","OCR","Resource page","uoregon.edu","https://www.uoregon.edu/search?q=PDF","85-96","Free outreach","https://ratpdf.com/guides/ocr-pdf","OCR PDF searchable","Accessibility: make scanned PDFs searchable for screen readers","P1","Not started"
"H-300","High value","OCR","Resource page","uoregon.edu","https://www.uoregon.edu/search?q=PDF","85-96","Free outreach","https://ratpdf.com/pdf-to-txt/ocr-pdf-to-text","OCR PDF to text","Library digitization scan-to-text workflow","P1","Not started"
"H-301","High value","Compress PDF","Resource page","ku.edu","https://www.ku.edu/search?q=PDF","85-96","Free outreach","https://ratpdf.com/compress-pdf","compress PDF online free","Campus email attachment limits - link to compression hub + size checker","P1","Not started"
"H-302","High value","Compress PDF","Resource page","ku.edu","https://www.ku.edu/search?q=PDF","85-96","Free outreach","https://ratpdf.com/research/attachment-size-limits","email attachment size limits","Cite original research table in IT help article","P1","Not started"
"H-303","High value","PDF to Text","Resource page","ku.edu","https://www.ku.edu/search?q=PDF","85-96","Free outreach","https://ratpdf.com/pdf-to-txt/how-do-i-convert-pdf-to-text","convert PDF to text","Student workflow: extract readings for notes","P1","Not started"
"H-304","High value","PDF to Text","Resource page","ku.edu","https://www.ku.edu/search?q=PDF","85-96","Free outreach","https://ratpdf.com/pdf-to-txt/pdf-to-text-online","PDF to text online","Alternative to Adobe export for students","P1","Not started"
"H-305","High value","OCR","Resource page","ku.edu","https://www.ku.edu/search?q=PDF","85-96","Free outreach","https://ratpdf.com/guides/ocr-pdf","OCR PDF searchable","Accessibility: make scanned PDFs searchable for screen readers","P1","Not started"
"H-306","High value","OCR","Resource page","ku.edu","https://www.ku.edu/search?q=PDF","85-96","Free outreach","https://ratpdf.com/pdf-to-txt/ocr-pdf-to-text","OCR PDF to text","Library digitization scan-to-text workflow","P1","Not started"
"H-307","High value","Compress PDF","Resource page","miami.edu","https://www.miami.edu/search?q=PDF","85-96","Free outreach","https://ratpdf.com/compress-pdf","compress PDF online free","Campus email attachment limits - link to compression hub + size checker","P1","Not started"
"H-308","High value","Compress PDF","Resource page","miami.edu","https://www.miami.edu/search?q=PDF","85-96","Free outreach","https://ratpdf.com/research/attachment-size-limits","email attachment size limits","Cite original research table in IT help article","P1","Not started"
"H-309","High value","PDF to Text","Resource page","miami.edu","https://www.miami.edu/search?q=PDF","85-96","Free outreach","https://ratpdf.com/pdf-to-txt/how-do-i-convert-pdf-to-text","convert PDF to text","Student workflow: extract readings for notes","P1","Not started"
"H-310","High value","PDF to Text","Resource page","miami.edu","https://www.miami.edu/search?q=PDF","85-96","Free outreach","https://ratpdf.com/pdf-to-txt/pdf-to-text-online","PDF to text online","Alternative to Adobe export for students","P1","Not started"
"H-311","High value","OCR","Resource page","miami.edu","https://www.miami.edu/search?q=PDF","85-96","Free outreach","https://ratpdf.com/guides/ocr-pdf","OCR PDF searchable","Accessibility: make scanned PDFs searchable for screen readers","P1","Not started"
"H-312","High value","OCR","Resource page","miami.edu","https://www.miami.edu/search?q=PDF","85-96","Free outreach","https://ratpdf.com/pdf-to-txt/ocr-pdf-to-text","OCR PDF to text","Library digitization scan-to-text workflow","P1","Not started"
"H-313","High value","Compress PDF","Resource page","fiu.edu","https://www.fiu.edu/search?q=PDF","85-96","Free outreach","https://ratpdf.com/compress-pdf","compress PDF online free","Campus email attachment limits - link to compression hub + size checker","P1","Not started"
"H-314","High value","Compress PDF","Resource page","fiu.edu","https://www.fiu.edu/search?q=PDF","85-96","Free outreach","https://ratpdf.com/research/attachment-size-limits","email attachment size limits","Cite original research table in IT help article","P1","Not started"
"H-315","High value","PDF to Text","Resource page","fiu.edu","https://www.fiu.edu/search?q=PDF","85-96","Free outreach","https://ratpdf.com/pdf-to-txt/how-do-i-convert-pdf-to-text","convert PDF to text","Student workflow: extract readings for notes","P1","Not started"
"H-316","High value","PDF to Text","Resource page","fiu.edu","https://www.fiu.edu/search?q=PDF","85-96","Free outreach","https://ratpdf.com/pdf-to-txt/pdf-to-text-online","PDF to text online","Alternative to Adobe export for students","P1","Not started"
"H-317","High value","OCR","Resource page","fiu.edu","https://www.fiu.edu/search?q=PDF","85-96","Free outreach","https://ratpdf.com/guides/ocr-pdf","OCR PDF searchable","Accessibility: make scanned PDFs searchable for screen readers","P1","Not started"
"H-318","High value","OCR","Resource page","fiu.edu","https://www.fiu.edu/search?q=PDF","85-96","Free outreach","https://ratpdf.com/pdf-to-txt/ocr-pdf-to-text","OCR PDF to text","Library digitization scan-to-text workflow","P1","Not started"
"H-319","High value","Compress PDF","Resource page","fsu.edu","https://www.fsu.edu/search?q=PDF","85-96","Free outreach","https://ratpdf.com/compress-pdf","compress PDF online free","Campus email attachment limits - link to compression hub + size checker","P1","Not started"
"H-320","High value","Compress PDF","Resource page","fsu.edu","https://www.fsu.edu/search?q=PDF","85-96","Free outreach","https://ratpdf.com/research/attachment-size-limits","email attachment size limits","Cite original research table in IT help article","P1","Not started"
"H-321","High value","PDF to Text","Resource page","fsu.edu","https://www.fsu.edu/search?q=PDF","85-96","Free outreach","https://ratpdf.com/pdf-to-txt/how-do-i-convert-pdf-to-text","convert PDF to text","Student workflow: extract readings for notes","P1","Not started"
"H-322","High value","PDF to Text","Resource page","fsu.edu","https://www.fsu.edu/search?q=PDF","85-96","Free outreach","https://ratpdf.com/pdf-to-txt/pdf-to-text-online","PDF to text online","Alternative to Adobe export for students","P1","Not started"
"H-323","High value","OCR","Resource page","fsu.edu","https://www.fsu.edu/search?q=PDF","85-96","Free outreach","https://ratpdf.com/guides/ocr-pdf","OCR PDF searchable","Accessibility: make scanned PDFs searchable for screen readers","P1","Not started"
"H-324","High value","OCR","Resource page","fsu.edu","https://www.fsu.edu/search?q=PDF","85-96","Free outreach","https://ratpdf.com/pdf-to-txt/ocr-pdf-to-text","OCR PDF to text","Library digitization scan-to-text workflow","P1","Not started"
"H-325","High value","Compress PDF","Resource page","clemson.edu","https://www.clemson.edu/search?q=PDF","85-96","Free outreach","https://ratpdf.com/compress-pdf","compress PDF online free","Campus email attachment limits - link to compression hub + size checker","P1","Not started"
"H-326","High value","Compress PDF","Resource page","clemson.edu","https://www.clemson.edu/search?q=PDF","85-96","Free outreach","https://ratpdf.com/research/attachment-size-limits","email attachment size limits","Cite original research table in IT help article","P1","Not started"
"H-327","High value","PDF to Text","Resource page","clemson.edu","https://www.clemson.edu/search?q=PDF","85-96","Free outreach","https://ratpdf.com/pdf-to-txt/how-do-i-convert-pdf-to-text","convert PDF to text","Student workflow: extract readings for notes","P1","Not started"
"H-328","High value","PDF to Text","Resource page","clemson.edu","https://www.clemson.edu/search?q=PDF","85-96","Free outreach","https://ratpdf.com/pdf-to-txt/pdf-to-text-online","PDF to text online","Alternative to Adobe export for students","P1","Not started"
"H-329","High value","OCR","Resource page","clemson.edu","https://www.clemson.edu/search?q=PDF","85-96","Free outreach","https://ratpdf.com/guides/ocr-pdf","OCR PDF searchable","Accessibility: make scanned PDFs searchable for screen readers","P1","Not started"
"H-330","High value","OCR","Resource page","clemson.edu","https://www.clemson.edu/search?q=PDF","85-96","Free outreach","https://ratpdf.com/pdf-to-txt/ocr-pdf-to-text","OCR PDF to text","Library digitization scan-to-text workflow","P1","Not started"
"H-331","High value","Compress PDF","Resource page","vt.edu","https://www.vt.edu/search?q=PDF","85-96","Free outreach","https://ratpdf.com/compress-pdf","compress PDF online free","Campus email attachment limits - link to compression hub + size checker","P1","Not started"
"H-332","High value","Compress PDF","Resource page","vt.edu","https://www.vt.edu/search?q=PDF","85-96","Free outreach","https://ratpdf.com/research/attachment-size-limits","email attachment size limits","Cite original research table in IT help article","P1","Not started"
"H-333","High value","PDF to Text","Resource page","vt.edu","https://www.vt.edu/search?q=PDF","85-96","Free outreach","https://ratpdf.com/pdf-to-txt/how-do-i-convert-pdf-to-text","convert PDF to text","Student workflow: extract readings for notes","P1","Not started"
"H-334","High value","PDF to Text","Resource page","vt.edu","https://www.vt.edu/search?q=PDF","85-96","Free outreach","https://ratpdf.com/pdf-to-txt/pdf-to-text-online","PDF to text online","Alternative to Adobe export for students","P1","Not started"
"H-335","High value","OCR","Resource page","vt.edu","https://www.vt.edu/search?q=PDF","85-96","Free outreach","https://ratpdf.com/guides/ocr-pdf","OCR PDF searchable","Accessibility: make scanned PDFs searchable for screen readers","P1","Not started"
"H-336","High value","OCR","Resource page","vt.edu","https://www.vt.edu/search?q=PDF","85-96","Free outreach","https://ratpdf.com/pdf-to-txt/ocr-pdf-to-text","OCR PDF to text","Library digitization scan-to-text workflow","P1","Not started"
"H-337","High value","Compress PDF","Resource page","ncsu.edu","https://www.ncsu.edu/search?q=PDF","85-96","Free outreach","https://ratpdf.com/compress-pdf","compress PDF online free","Campus email attachment limits - link to compression hub + size checker","P1","Not started"
"H-338","High value","Compress PDF","Resource page","ncsu.edu","https://www.ncsu.edu/search?q=PDF","85-96","Free outreach","https://ratpdf.com/research/attachment-size-limits","email attachment size limits","Cite original research table in IT help article","P1","Not started"
"H-339","High value","PDF to Text","Resource page","ncsu.edu","https://www.ncsu.edu/search?q=PDF","85-96","Free outreach","https://ratpdf.com/pdf-to-txt/how-do-i-convert-pdf-to-text","convert PDF to text","Student workflow: extract readings for notes","P1","Not started"
"H-340","High value","PDF to Text","Resource page","ncsu.edu","https://www.ncsu.edu/search?q=PDF","85-96","Free outreach","https://ratpdf.com/pdf-to-txt/pdf-to-text-online","PDF to text online","Alternative to Adobe export for students","P1","Not started"
"H-341","High value","OCR","Resource page","ncsu.edu","https://www.ncsu.edu/search?q=PDF","85-96","Free outreach","https://ratpdf.com/guides/ocr-pdf","OCR PDF searchable","Accessibility: make scanned PDFs searchable for screen readers","P1","Not started"
"H-342","High value","OCR","Resource page","ncsu.edu","https://www.ncsu.edu/search?q=PDF","85-96","Free outreach","https://ratpdf.com/pdf-to-txt/ocr-pdf-to-text","OCR PDF to text","Library digitization scan-to-text workflow","P1","Not started"
"H-343","High value","Compress PDF","Resource page","pitt.edu","https://www.pitt.edu/search?q=PDF","85-96","Free outreach","https://ratpdf.com/compress-pdf","compress PDF online free","Campus email attachment limits - link to compression hub + size checker","P1","Not started"
"H-344","High value","Compress PDF","Resource page","pitt.edu","https://www.pitt.edu/search?q=PDF","85-96","Free outreach","https://ratpdf.com/research/attachment-size-limits","email attachment size limits","Cite original research table in IT help article","P1","Not started"
"H-345","High value","PDF to Text","Resource page","pitt.edu","https://www.pitt.edu/search?q=PDF","85-96","Free outreach","https://ratpdf.com/pdf-to-txt/how-do-i-convert-pdf-to-text","convert PDF to text","Student workflow: extract readings for notes","P1","Not started"
"H-346","High value","PDF to Text","Resource page","pitt.edu","https://www.pitt.edu/search?q=PDF","85-96","Free outreach","https://ratpdf.com/pdf-to-txt/pdf-to-text-online","PDF to text online","Alternative to Adobe export for students","P1","Not started"
"H-347","High value","OCR","Resource page","pitt.edu","https://www.pitt.edu/search?q=PDF","85-96","Free outreach","https://ratpdf.com/guides/ocr-pdf","OCR PDF searchable","Accessibility: make scanned PDFs searchable for screen readers","P1","Not started"
"H-348","High value","OCR","Resource page","pitt.edu","https://www.pitt.edu/search?q=PDF","85-96","Free outreach","https://ratpdf.com/pdf-to-txt/ocr-pdf-to-text","OCR PDF to text","Library digitization scan-to-text workflow","P1","Not started"
"H-349","High value","Compress PDF","Resource page","drexel.edu","https://www.drexel.edu/search?q=PDF","85-96","Free outreach","https://ratpdf.com/compress-pdf","compress PDF online free","Campus email attachment limits - link to compression hub + size checker","P1","Not started"
"H-350","High value","Compress PDF","Resource page","drexel.edu","https://www.drexel.edu/search?q=PDF","85-96","Free outreach","https://ratpdf.com/research/attachment-size-limits","email attachment size limits","Cite original research table in IT help article","P1","Not started"
"H-351","High value","PDF to Text","Resource page","drexel.edu","https://www.drexel.edu/search?q=PDF","85-96","Free outreach","https://ratpdf.com/pdf-to-txt/how-do-i-convert-pdf-to-text","convert PDF to text","Student workflow: extract readings for notes","P1","Not started"
"H-352","High value","PDF to Text","Resource page","drexel.edu","https://www.drexel.edu/search?q=PDF","85-96","Free outreach","https://ratpdf.com/pdf-to-txt/pdf-to-text-online","PDF to text online","Alternative to Adobe export for students","P1","Not started"
"H-353","High value","OCR","Resource page","drexel.edu","https://www.drexel.edu/search?q=PDF","85-96","Free outreach","https://ratpdf.com/guides/ocr-pdf","OCR PDF searchable","Accessibility: make scanned PDFs searchable for screen readers","P1","Not started"
"H-354","High value","OCR","Resource page","drexel.edu","https://www.drexel.edu/search?q=PDF","85-96","Free outreach","https://ratpdf.com/pdf-to-txt/ocr-pdf-to-text","OCR PDF to text","Library digitization scan-to-text workflow","P1","Not started"
"H-355","High value","Compress PDF","Resource page","temple.edu","https://www.temple.edu/search?q=PDF","85-96","Free outreach","https://ratpdf.com/compress-pdf","compress PDF online free","Campus email attachment limits - link to compression hub + size checker","P1","Not started"
"H-356","High value","Compress PDF","Resource page","temple.edu","https://www.temple.edu/search?q=PDF","85-96","Free outreach","https://ratpdf.com/research/attachment-size-limits","email attachment size limits","Cite original research table in IT help article","P1","Not started"
"H-357","High value","PDF to Text","Resource page","temple.edu","https://www.temple.edu/search?q=PDF","85-96","Free outreach","https://ratpdf.com/pdf-to-txt/how-do-i-convert-pdf-to-text","convert PDF to text","Student workflow: extract readings for notes","P1","Not started"
"H-358","High value","PDF to Text","Resource page","temple.edu","https://www.temple.edu/search?q=PDF","85-96","Free outreach","https://ratpdf.com/pdf-to-txt/pdf-to-text-online","PDF to text online","Alternative to Adobe export for students","P1","Not started"
"H-359","High value","OCR","Resource page","temple.edu","https://www.temple.edu/search?q=PDF","85-96","Free outreach","https://ratpdf.com/guides/ocr-pdf","OCR PDF searchable","Accessibility: make scanned PDFs searchable for screen readers","P1","Not started"
"H-360","High value","OCR","Resource page","temple.edu","https://www.temple.edu/search?q=PDF","85-96","Free outreach","https://ratpdf.com/pdf-to-txt/ocr-pdf-to-text","OCR PDF to text","Library digitization scan-to-text workflow","P1","Not started"
"H-361","High value","Compress PDF","Resource page","syr.edu","https://www.syr.edu/search?q=PDF","85-96","Free outreach","https://ratpdf.com/compress-pdf","compress PDF online free","Campus email attachment limits - link to compression hub + size checker","P1","Not started"
"H-362","High value","Compress PDF","Resource page","syr.edu","https://www.syr.edu/search?q=PDF","85-96","Free outreach","https://ratpdf.com/research/attachment-size-limits","email attachment size limits","Cite original research table in IT help article","P1","Not started"
"H-363","High value","PDF to Text","Resource page","syr.edu","https://www.syr.edu/search?q=PDF","85-96","Free outreach","https://ratpdf.com/pdf-to-txt/how-do-i-convert-pdf-to-text","convert PDF to text","Student workflow: extract readings for notes","P1","Not started"
"H-364","High value","PDF to Text","Resource page","syr.edu","https://www.syr.edu/search?q=PDF","85-96","Free outreach","https://ratpdf.com/pdf-to-txt/pdf-to-text-online","PDF to text online","Alternative to Adobe export for students","P1","Not started"
"H-365","High value","OCR","Resource page","syr.edu","https://www.syr.edu/search?q=PDF","85-96","Free outreach","https://ratpdf.com/guides/ocr-pdf","OCR PDF searchable","Accessibility: make scanned PDFs searchable for screen readers","P1","Not started"
"H-366","High value","OCR","Resource page","syr.edu","https://www.syr.edu/search?q=PDF","85-96","Free outreach","https://ratpdf.com/pdf-to-txt/ocr-pdf-to-text","OCR PDF to text","Library digitization scan-to-text workflow","P1","Not started"
"H-367","High value","Compress PDF","Resource page","buffalo.edu","https://www.buffalo.edu/search?q=PDF","85-96","Free outreach","https://ratpdf.com/compress-pdf","compress PDF online free","Campus email attachment limits - link to compression hub + size checker","P1","Not started"
"H-368","High value","Compress PDF","Resource page","buffalo.edu","https://www.buffalo.edu/search?q=PDF","85-96","Free outreach","https://ratpdf.com/research/attachment-size-limits","email attachment size limits","Cite original research table in IT help article","P1","Not started"
"H-369","High value","PDF to Text","Resource page","buffalo.edu","https://www.buffalo.edu/search?q=PDF","85-96","Free outreach","https://ratpdf.com/pdf-to-txt/how-do-i-convert-pdf-to-text","convert PDF to text","Student workflow: extract readings for notes","P1","Not started"
"H-370","High value","PDF to Text","Resource page","buffalo.edu","https://www.buffalo.edu/search?q=PDF","85-96","Free outreach","https://ratpdf.com/pdf-to-txt/pdf-to-text-online","PDF to text online","Alternative to Adobe export for students","P1","Not started"
"H-371","High value","OCR","Resource page","buffalo.edu","https://www.buffalo.edu/search?q=PDF","85-96","Free outreach","https://ratpdf.com/guides/ocr-pdf","OCR PDF searchable","Accessibility: make scanned PDFs searchable for screen readers","P1","Not started"
"H-372","High value","OCR","Resource page","buffalo.edu","https://www.buffalo.edu/search?q=PDF","85-96","Free outreach","https://ratpdf.com/pdf-to-txt/ocr-pdf-to-text","OCR PDF to text","Library digitization scan-to-text workflow","P1","Not started"
"H-373","High value","Compress PDF","Resource page","lse.ac.uk","https://www.lse.ac.uk/search?q=PDF","85-96","Free outreach","https://ratpdf.com/compress-pdf","compress PDF online free","Campus email attachment limits - link to compression hub + size checker","P1","Not started"
"H-374","High value","Compress PDF","Resource page","lse.ac.uk","https://www.lse.ac.uk/search?q=PDF","85-96","Free outreach","https://ratpdf.com/research/attachment-size-limits","email attachment size limits","Cite original research table in IT help article","P1","Not started"
"H-375","High value","PDF to Text","Resource page","lse.ac.uk","https://www.lse.ac.uk/search?q=PDF","85-96","Free outreach","https://ratpdf.com/pdf-to-txt/how-do-i-convert-pdf-to-text","convert PDF to text","Student workflow: extract readings for notes","P1","Not started"
"H-376","High value","PDF to Text","Resource page","lse.ac.uk","https://www.lse.ac.uk/search?q=PDF","85-96","Free outreach","https://ratpdf.com/pdf-to-txt/pdf-to-text-online","PDF to text online","Alternative to Adobe export for students","P1","Not started"
"H-377","High value","OCR","Resource page","lse.ac.uk","https://www.lse.ac.uk/search?q=PDF","85-96","Free outreach","https://ratpdf.com/guides/ocr-pdf","OCR PDF searchable","Accessibility: make scanned PDFs searchable for screen readers","P1","Not started"
"H-378","High value","OCR","Resource page","lse.ac.uk","https://www.lse.ac.uk/search?q=PDF","85-96","Free outreach","https://ratpdf.com/pdf-to-txt/ocr-pdf-to-text","OCR PDF to text","Library digitization scan-to-text workflow","P1","Not started"
"H-379","High value","Compress PDF","Resource page","kcl.ac.uk","https://www.kcl.ac.uk/search?q=PDF","85-96","Free outreach","https://ratpdf.com/compress-pdf","compress PDF online free","Campus email attachment limits - link to compression hub + size checker","P1","Not started"
"H-380","High value","Compress PDF","Resource page","kcl.ac.uk","https://www.kcl.ac.uk/search?q=PDF","85-96","Free outreach","https://ratpdf.com/research/attachment-size-limits","email attachment size limits","Cite original research table in IT help article","P1","Not started"
"H-381","High value","PDF to Text","Resource page","kcl.ac.uk","https://www.kcl.ac.uk/search?q=PDF","85-96","Free outreach","https://ratpdf.com/pdf-to-txt/how-do-i-convert-pdf-to-text","convert PDF to text","Student workflow: extract readings for notes","P1","Not started"
"H-382","High value","PDF to Text","Resource page","kcl.ac.uk","https://www.kcl.ac.uk/search?q=PDF","85-96","Free outreach","https://ratpdf.com/pdf-to-txt/pdf-to-text-online","PDF to text online","Alternative to Adobe export for students","P1","Not started"
"H-383","High value","OCR","Resource page","kcl.ac.uk","https://www.kcl.ac.uk/search?q=PDF","85-96","Free outreach","https://ratpdf.com/guides/ocr-pdf","OCR PDF searchable","Accessibility: make scanned PDFs searchable for screen readers","P1","Not started"
"H-384","High value","OCR","Resource page","kcl.ac.uk","https://www.kcl.ac.uk/search?q=PDF","85-96","Free outreach","https://ratpdf.com/pdf-to-txt/ocr-pdf-to-text","OCR PDF to text","Library digitization scan-to-text workflow","P1","Not started"
"H-385","High value","Compress PDF","Resource page","manchester.ac.uk","https://www.manchester.ac.uk/search?q=PDF","85-96","Free outreach","https://ratpdf.com/compress-pdf","compress PDF online free","Campus email attachment limits - link to compression hub + size checker","P1","Not started"
"H-386","High value","Compress PDF","Resource page","manchester.ac.uk","https://www.manchester.ac.uk/search?q=PDF","85-96","Free outreach","https://ratpdf.com/research/attachment-size-limits","email attachment size limits","Cite original research table in IT help article","P1","Not started"
"H-387","High value","PDF to Text","Resource page","manchester.ac.uk","https://www.manchester.ac.uk/search?q=PDF","85-96","Free outreach","https://ratpdf.com/pdf-to-txt/how-do-i-convert-pdf-to-text","convert PDF to text","Student workflow: extract readings for notes","P1","Not started"
"H-388","High value","PDF to Text","Resource page","manchester.ac.uk","https://www.manchester.ac.uk/search?q=PDF","85-96","Free outreach","https://ratpdf.com/pdf-to-txt/pdf-to-text-online","PDF to text online","Alternative to Adobe export for students","P1","Not started"
"H-389","High value","OCR","Resource page","manchester.ac.uk","https://www.manchester.ac.uk/search?q=PDF","85-96","Free outreach","https://ratpdf.com/guides/ocr-pdf","OCR PDF searchable","Accessibility: make scanned PDFs searchable for screen readers","P1","Not started"
"H-390","High value","OCR","Resource page","manchester.ac.uk","https://www.manchester.ac.uk/search?q=PDF","85-96","Free outreach","https://ratpdf.com/pdf-to-txt/ocr-pdf-to-text","OCR PDF to text","Library digitization scan-to-text workflow","P1","Not started"
"H-391","High value","Compress PDF","Resource page","bristol.ac.uk","https://www.bristol.ac.uk/search?q=PDF","85-96","Free outreach","https://ratpdf.com/compress-pdf","compress PDF online free","Campus email attachment limits - link to compression hub + size checker","P1","Not started"
"H-392","High value","Compress PDF","Resource page","bristol.ac.uk","https://www.bristol.ac.uk/search?q=PDF","85-96","Free outreach","https://ratpdf.com/research/attachment-size-limits","email attachment size limits","Cite original research table in IT help article","P1","Not started"
"H-393","High value","PDF to Text","Resource page","bristol.ac.uk","https://www.bristol.ac.uk/search?q=PDF","85-96","Free outreach","https://ratpdf.com/pdf-to-txt/how-do-i-convert-pdf-to-text","convert PDF to text","Student workflow: extract readings for notes","P1","Not started"
"H-394","High value","PDF to Text","Resource page","bristol.ac.uk","https://www.bristol.ac.uk/search?q=PDF","85-96","Free outreach","https://ratpdf.com/pdf-to-txt/pdf-to-text-online","PDF to text online","Alternative to Adobe export for students","P1","Not started"
"H-395","High value","OCR","Resource page","bristol.ac.uk","https://www.bristol.ac.uk/search?q=PDF","85-96","Free outreach","https://ratpdf.com/guides/ocr-pdf","OCR PDF searchable","Accessibility: make scanned PDFs searchable for screen readers","P1","Not started"
"H-396","High value","OCR","Resource page","bristol.ac.uk","https://www.bristol.ac.uk/search?q=PDF","85-96","Free outreach","https://ratpdf.com/pdf-to-txt/ocr-pdf-to-text","OCR PDF to text","Library digitization scan-to-text workflow","P1","Not started"
"H-397","High value","Compress PDF","Resource page","warwick.ac.uk","https://www.warwick.ac.uk/search?q=PDF","85-96","Free outreach","https://ratpdf.com/compress-pdf","compress PDF online free","Campus email attachment limits - link to compression hub + size checker","P1","Not started"
"H-398","High value","Compress PDF","Resource page","warwick.ac.uk","https://www.warwick.ac.uk/search?q=PDF","85-96","Free outreach","https://ratpdf.com/research/attachment-size-limits","email attachment size limits","Cite original research table in IT help article","P1","Not started"
"H-399","High value","PDF to Text","Resource page","warwick.ac.uk","https://www.warwick.ac.uk/search?q=PDF","85-96","Free outreach","https://ratpdf.com/pdf-to-txt/how-do-i-convert-pdf-to-text","convert PDF to text","Student workflow: extract readings for notes","P1","Not started"
"H-400","High value","PDF to Text","Resource page","warwick.ac.uk","https://www.warwick.ac.uk/search?q=PDF","85-96","Free outreach","https://ratpdf.com/pdf-to-txt/pdf-to-text-online","PDF to text online","Alternative to Adobe export for students","P1","Not started"
"H-401","High value","OCR","Resource page","warwick.ac.uk","https://www.warwick.ac.uk/search?q=PDF","85-96","Free outreach","https://ratpdf.com/guides/ocr-pdf","OCR PDF searchable","Accessibility: make scanned PDFs searchable for screen readers","P1","Not started"
"H-402","High value","OCR","Resource page","warwick.ac.uk","https://www.warwick.ac.uk/search?q=PDF","85-96","Free outreach","https://ratpdf.com/pdf-to-txt/ocr-pdf-to-text","OCR PDF to text","Library digitization scan-to-text workflow","P1","Not started"
"H-403","High value","Compress PDF","Resource page","glasgow.ac.uk","https://www.glasgow.ac.uk/search?q=PDF","85-96","Free outreach","https://ratpdf.com/compress-pdf","compress PDF online free","Campus email attachment limits - link to compression hub + size checker","P1","Not started"
"H-404","High value","Compress PDF","Resource page","glasgow.ac.uk","https://www.glasgow.ac.uk/search?q=PDF","85-96","Free outreach","https://ratpdf.com/research/attachment-size-limits","email attachment size limits","Cite original research table in IT help article","P1","Not started"
"H-405","High value","PDF to Text","Resource page","glasgow.ac.uk","https://www.glasgow.ac.uk/search?q=PDF","85-96","Free outreach","https://ratpdf.com/pdf-to-txt/how-do-i-convert-pdf-to-text","convert PDF to text","Student workflow: extract readings for notes","P1","Not started"
"H-406","High value","PDF to Text","Resource page","glasgow.ac.uk","https://www.glasgow.ac.uk/search?q=PDF","85-96","Free outreach","https://ratpdf.com/pdf-to-txt/pdf-to-text-online","PDF to text online","Alternative to Adobe export for students","P1","Not started"
"H-407","High value","OCR","Resource page","glasgow.ac.uk","https://www.glasgow.ac.uk/search?q=PDF","85-96","Free outreach","https://ratpdf.com/guides/ocr-pdf","OCR PDF searchable","Accessibility: make scanned PDFs searchable for screen readers","P1","Not started"
"H-408","High value","OCR","Resource page","glasgow.ac.uk","https://www.glasgow.ac.uk/search?q=PDF","85-96","Free outreach","https://ratpdf.com/pdf-to-txt/ocr-pdf-to-text","OCR PDF to text","Library digitization scan-to-text workflow","P1","Not started"
"H-409","High value","Compress PDF","Resource page","leeds.ac.uk","https://www.leeds.ac.uk/search?q=PDF","85-96","Free outreach","https://ratpdf.com/compress-pdf","compress PDF online free","Campus email attachment limits - link to compression hub + size checker","P1","Not started"
"H-410","High value","Compress PDF","Resource page","leeds.ac.uk","https://www.leeds.ac.uk/search?q=PDF","85-96","Free outreach","https://ratpdf.com/research/attachment-size-limits","email attachment size limits","Cite original research table in IT help article","P1","Not started"
"H-411","High value","PDF to Text","Resource page","leeds.ac.uk","https://www.leeds.ac.uk/search?q=PDF","85-96","Free outreach","https://ratpdf.com/pdf-to-txt/how-do-i-convert-pdf-to-text","convert PDF to text","Student workflow: extract readings for notes","P1","Not started"
"H-412","High value","PDF to Text","Resource page","leeds.ac.uk","https://www.leeds.ac.uk/search?q=PDF","85-96","Free outreach","https://ratpdf.com/pdf-to-txt/pdf-to-text-online","PDF to text online","Alternative to Adobe export for students","P1","Not started"
"H-413","High value","OCR","Resource page","leeds.ac.uk","https://www.leeds.ac.uk/search?q=PDF","85-96","Free outreach","https://ratpdf.com/guides/ocr-pdf","OCR PDF searchable","Accessibility: make scanned PDFs searchable for screen readers","P1","Not started"
"H-414","High value","OCR","Resource page","leeds.ac.uk","https://www.leeds.ac.uk/search?q=PDF","85-96","Free outreach","https://ratpdf.com/pdf-to-txt/ocr-pdf-to-text","OCR PDF to text","Library digitization scan-to-text workflow","P1","Not started"
"H-415","High value","Compress PDF","Resource page","sheffield.ac.uk","https://www.sheffield.ac.uk/search?q=PDF","85-96","Free outreach","https://ratpdf.com/compress-pdf","compress PDF online free","Campus email attachment limits - link to compression hub + size checker","P1","Not started"
"H-416","High value","Compress PDF","Resource page","sheffield.ac.uk","https://www.sheffield.ac.uk/search?q=PDF","85-96","Free outreach","https://ratpdf.com/research/attachment-size-limits","email attachment size limits","Cite original research table in IT help article","P1","Not started"
"H-417","High value","PDF to Text","Resource page","sheffield.ac.uk","https://www.sheffield.ac.uk/search?q=PDF","85-96","Free outreach","https://ratpdf.com/pdf-to-txt/how-do-i-convert-pdf-to-text","convert PDF to text","Student workflow: extract readings for notes","P1","Not started"
"H-418","High value","PDF to Text","Resource page","sheffield.ac.uk","https://www.sheffield.ac.uk/search?q=PDF","85-96","Free outreach","https://ratpdf.com/pdf-to-txt/pdf-to-text-online","PDF to text online","Alternative to Adobe export for students","P1","Not started"
"H-419","High value","OCR","Resource page","sheffield.ac.uk","https://www.sheffield.ac.uk/search?q=PDF","85-96","Free outreach","https://ratpdf.com/guides/ocr-pdf","OCR PDF searchable","Accessibility: make scanned PDFs searchable for screen readers","P1","Not started"
"H-420","High value","OCR","Resource page","sheffield.ac.uk","https://www.sheffield.ac.uk/search?q=PDF","85-96","Free outreach","https://ratpdf.com/pdf-to-txt/ocr-pdf-to-text","OCR PDF to text","Library digitization scan-to-text workflow","P1","Not started"
"H-421","High value","Compress PDF","Resource page","nottingham.ac.uk","https://www.nottingham.ac.uk/search?q=PDF","85-96","Free outreach","https://ratpdf.com/compress-pdf","compress PDF online free","Campus email attachment limits - link to compression hub + size checker","P1","Not started"
"H-422","High value","Compress PDF","Resource page","nottingham.ac.uk","https://www.nottingham.ac.uk/search?q=PDF","85-96","Free outreach","https://ratpdf.com/research/attachment-size-limits","email attachment size limits","Cite original research table in IT help article","P1","Not started"
"H-423","High value","PDF to Text","Resource page","nottingham.ac.uk","https://www.nottingham.ac.uk/search?q=PDF","85-96","Free outreach","https://ratpdf.com/pdf-to-txt/how-do-i-convert-pdf-to-text","convert PDF to text","Student workflow: extract readings for notes","P1","Not started"
"H-424","High value","PDF to Text","Resource page","nottingham.ac.uk","https://www.nottingham.ac.uk/search?q=PDF","85-96","Free outreach","https://ratpdf.com/pdf-to-txt/pdf-to-text-online","PDF to text online","Alternative to Adobe export for students","P1","Not started"
"H-425","High value","OCR","Resource page","nottingham.ac.uk","https://www.nottingham.ac.uk/search?q=PDF","85-96","Free outreach","https://ratpdf.com/guides/ocr-pdf","OCR PDF searchable","Accessibility: make scanned PDFs searchable for screen readers","P1","Not started"
"H-426","High value","OCR","Resource page","nottingham.ac.uk","https://www.nottingham.ac.uk/search?q=PDF","85-96","Free outreach","https://ratpdf.com/pdf-to-txt/ocr-pdf-to-text","OCR PDF to text","Library digitization scan-to-text workflow","P1","Not started"
"H-427","High value","Compress PDF","Resource page","birmingham.ac.uk","https://www.birmingham.ac.uk/search?q=PDF","85-96","Free outreach","https://ratpdf.com/compress-pdf","compress PDF online free","Campus email attachment limits - link to compression hub + size checker","P1","Not started"
"H-428","High value","Compress PDF","Resource page","birmingham.ac.uk","https://www.birmingham.ac.uk/search?q=PDF","85-96","Free outreach","https://ratpdf.com/research/attachment-size-limits","email attachment size limits","Cite original research table in IT help article","P1","Not started"
"H-429","High value","PDF to Text","Resource page","birmingham.ac.uk","https://www.birmingham.ac.uk/search?q=PDF","85-96","Free outreach","https://ratpdf.com/pdf-to-txt/how-do-i-convert-pdf-to-text","convert PDF to text","Student workflow: extract readings for notes","P1","Not started"
"H-430","High value","PDF to Text","Resource page","birmingham.ac.uk","https://www.birmingham.ac.uk/search?q=PDF","85-96","Free outreach","https://ratpdf.com/pdf-to-txt/pdf-to-text-online","PDF to text online","Alternative to Adobe export for students","P1","Not started"
"H-431","High value","OCR","Resource page","birmingham.ac.uk","https://www.birmingham.ac.uk/search?q=PDF","85-96","Free outreach","https://ratpdf.com/guides/ocr-pdf","OCR PDF searchable","Accessibility: make scanned PDFs searchable for screen readers","P1","Not started"
"H-432","High value","OCR","Resource page","birmingham.ac.uk","https://www.birmingham.ac.uk/search?q=PDF","85-96","Free outreach","https://ratpdf.com/pdf-to-txt/ocr-pdf-to-text","OCR PDF to text","Library digitization scan-to-text workflow","P1","Not started"
"H-433","High value","Compress PDF","Resource page","durham.ac.uk","https://www.durham.ac.uk/search?q=PDF","85-96","Free outreach","https://ratpdf.com/compress-pdf","compress PDF online free","Campus email attachment limits - link to compression hub + size checker","P1","Not started"
"H-434","High value","Compress PDF","Resource page","durham.ac.uk","https://www.durham.ac.uk/search?q=PDF","85-96","Free outreach","https://ratpdf.com/research/attachment-size-limits","email attachment size limits","Cite original research table in IT help article","P1","Not started"
"H-435","High value","PDF to Text","Resource page","durham.ac.uk","https://www.durham.ac.uk/search?q=PDF","85-96","Free outreach","https://ratpdf.com/pdf-to-txt/how-do-i-convert-pdf-to-text","convert PDF to text","Student workflow: extract readings for notes","P1","Not started"
"H-436","High value","PDF to Text","Resource page","durham.ac.uk","https://www.durham.ac.uk/search?q=PDF","85-96","Free outreach","https://ratpdf.com/pdf-to-txt/pdf-to-text-online","PDF to text online","Alternative to Adobe export for students","P1","Not started"
"H-437","High value","OCR","Resource page","durham.ac.uk","https://www.durham.ac.uk/search?q=PDF","85-96","Free outreach","https://ratpdf.com/guides/ocr-pdf","OCR PDF searchable","Accessibility: make scanned PDFs searchable for screen readers","P1","Not started"
"H-438","High value","OCR","Resource page","durham.ac.uk","https://www.durham.ac.uk/search?q=PDF","85-96","Free outreach","https://ratpdf.com/pdf-to-txt/ocr-pdf-to-text","OCR PDF to text","Library digitization scan-to-text workflow","P1","Not started"
"H-439","High value","Compress PDF","Resource page","exeter.ac.uk","https://www.exeter.ac.uk/search?q=PDF","85-96","Free outreach","https://ratpdf.com/compress-pdf","compress PDF online free","Campus email attachment limits - link to compression hub + size checker","P1","Not started"
"H-440","High value","Compress PDF","Resource page","exeter.ac.uk","https://www.exeter.ac.uk/search?q=PDF","85-96","Free outreach","https://ratpdf.com/research/attachment-size-limits","email attachment size limits","Cite original research table in IT help article","P1","Not started"
"H-441","High value","PDF to Text","Resource page","exeter.ac.uk","https://www.exeter.ac.uk/search?q=PDF","85-96","Free outreach","https://ratpdf.com/pdf-to-txt/how-do-i-convert-pdf-to-text","convert PDF to text","Student workflow: extract readings for notes","P1","Not started"
"H-442","High value","PDF to Text","Resource page","exeter.ac.uk","https://www.exeter.ac.uk/search?q=PDF","85-96","Free outreach","https://ratpdf.com/pdf-to-txt/pdf-to-text-online","PDF to text online","Alternative to Adobe export for students","P1","Not started"
"H-443","High value","OCR","Resource page","exeter.ac.uk","https://www.exeter.ac.uk/search?q=PDF","85-96","Free outreach","https://ratpdf.com/guides/ocr-pdf","OCR PDF searchable","Accessibility: make scanned PDFs searchable for screen readers","P1","Not started"
"H-444","High value","OCR","Resource page","exeter.ac.uk","https://www.exeter.ac.uk/search?q=PDF","85-96","Free outreach","https://ratpdf.com/pdf-to-txt/ocr-pdf-to-text","OCR PDF to text","Library digitization scan-to-text workflow","P1","Not started"
"H-445","High value","Compress PDF","Resource page","york.ac.uk","https://www.york.ac.uk/search?q=PDF","85-96","Free outreach","https://ratpdf.com/compress-pdf","compress PDF online free","Campus email attachment limits - link to compression hub + size checker","P1","Not started"
"H-446","High value","Compress PDF","Resource page","york.ac.uk","https://www.york.ac.uk/search?q=PDF","85-96","Free outreach","https://ratpdf.com/research/attachment-size-limits","email attachment size limits","Cite original research table in IT help article","P1","Not started"
"H-447","High value","PDF to Text","Resource page","york.ac.uk","https://www.york.ac.uk/search?q=PDF","85-96","Free outreach","https://ratpdf.com/pdf-to-txt/how-do-i-convert-pdf-to-text","convert PDF to text","Student workflow: extract readings for notes","P1","Not started"
"H-448","High value","PDF to Text","Resource page","york.ac.uk","https://www.york.ac.uk/search?q=PDF","85-96","Free outreach","https://ratpdf.com/pdf-to-txt/pdf-to-text-online","PDF to text online","Alternative to Adobe export for students","P1","Not started"
"H-449","High value","OCR","Resource page","york.ac.uk","https://www.york.ac.uk/search?q=PDF","85-96","Free outreach","https://ratpdf.com/guides/ocr-pdf","OCR PDF searchable","Accessibility: make scanned PDFs searchable for screen readers","P1","Not started"
"H-450","High value","OCR","Resource page","york.ac.uk","https://www.york.ac.uk/search?q=PDF","85-96","Free outreach","https://ratpdf.com/pdf-to-txt/ocr-pdf-to-text","OCR PDF to text","Library digitization scan-to-text workflow","P1","Not started"
"H-451","High value","Compress PDF","Resource page","mcgill.ca","https://www.mcgill.ca/search?q=PDF","85-96","Free outreach","https://ratpdf.com/compress-pdf","compress PDF online free","Campus email attachment limits - link to compression hub + size checker","P1","Not started"
"H-452","High value","Compress PDF","Resource page","mcgill.ca","https://www.mcgill.ca/search?q=PDF","85-96","Free outreach","https://ratpdf.com/research/attachment-size-limits","email attachment size limits","Cite original research table in IT help article","P1","Not started"
"H-453","High value","PDF to Text","Resource page","mcgill.ca","https://www.mcgill.ca/search?q=PDF","85-96","Free outreach","https://ratpdf.com/pdf-to-txt/how-do-i-convert-pdf-to-text","convert PDF to text","Student workflow: extract readings for notes","P1","Not started"
"H-454","High value","PDF to Text","Resource page","mcgill.ca","https://www.mcgill.ca/search?q=PDF","85-96","Free outreach","https://ratpdf.com/pdf-to-txt/pdf-to-text-online","PDF to text online","Alternative to Adobe export for students","P1","Not started"
"H-455","High value","OCR","Resource page","mcgill.ca","https://www.mcgill.ca/search?q=PDF","85-96","Free outreach","https://ratpdf.com/guides/ocr-pdf","OCR PDF searchable","Accessibility: make scanned PDFs searchable for screen readers","P1","Not started"
"H-456","High value","OCR","Resource page","mcgill.ca","https://www.mcgill.ca/search?q=PDF","85-96","Free outreach","https://ratpdf.com/pdf-to-txt/ocr-pdf-to-text","OCR PDF to text","Library digitization scan-to-text workflow","P1","Not started"
"H-457","High value","Compress PDF","Resource page","ualberta.ca","https://www.ualberta.ca/search?q=PDF","85-96","Free outreach","https://ratpdf.com/compress-pdf","compress PDF online free","Campus email attachment limits - link to compression hub + size checker","P1","Not started"
"H-458","High value","Compress PDF","Resource page","ualberta.ca","https://www.ualberta.ca/search?q=PDF","85-96","Free outreach","https://ratpdf.com/research/attachment-size-limits","email attachment size limits","Cite original research table in IT help article","P1","Not started"
"H-459","High value","PDF to Text","Resource page","ualberta.ca","https://www.ualberta.ca/search?q=PDF","85-96","Free outreach","https://ratpdf.com/pdf-to-txt/how-do-i-convert-pdf-to-text","convert PDF to text","Student workflow: extract readings for notes","P1","Not started"
"H-460","High value","PDF to Text","Resource page","ualberta.ca","https://www.ualberta.ca/search?q=PDF","85-96","Free outreach","https://ratpdf.com/pdf-to-txt/pdf-to-text-online","PDF to text online","Alternative to Adobe export for students","P1","Not started"
"H-461","High value","OCR","Resource page","ualberta.ca","https://www.ualberta.ca/search?q=PDF","85-96","Free outreach","https://ratpdf.com/guides/ocr-pdf","OCR PDF searchable","Accessibility: make scanned PDFs searchable for screen readers","P1","Not started"
"H-462","High value","OCR","Resource page","ualberta.ca","https://www.ualberta.ca/search?q=PDF","85-96","Free outreach","https://ratpdf.com/pdf-to-txt/ocr-pdf-to-text","OCR PDF to text","Library digitization scan-to-text workflow","P1","Not started"
"H-463","High value","Compress PDF","Resource page","uwaterloo.ca","https://www.uwaterloo.ca/search?q=PDF","85-96","Free outreach","https://ratpdf.com/compress-pdf","compress PDF online free","Campus email attachment limits - link to compression hub + size checker","P1","Not started"
"H-464","High value","Compress PDF","Resource page","uwaterloo.ca","https://www.uwaterloo.ca/search?q=PDF","85-96","Free outreach","https://ratpdf.com/research/attachment-size-limits","email attachment size limits","Cite original research table in IT help article","P1","Not started"
"H-465","High value","PDF to Text","Resource page","uwaterloo.ca","https://www.uwaterloo.ca/search?q=PDF","85-96","Free outreach","https://ratpdf.com/pdf-to-txt/how-do-i-convert-pdf-to-text","convert PDF to text","Student workflow: extract readings for notes","P1","Not started"
"H-466","High value","PDF to Text","Resource page","uwaterloo.ca","https://www.uwaterloo.ca/search?q=PDF","85-96","Free outreach","https://ratpdf.com/pdf-to-txt/pdf-to-text-online","PDF to text online","Alternative to Adobe export for students","P1","Not started"
"H-467","High value","OCR","Resource page","uwaterloo.ca","https://www.uwaterloo.ca/search?q=PDF","85-96","Free outreach","https://ratpdf.com/guides/ocr-pdf","OCR PDF searchable","Accessibility: make scanned PDFs searchable for screen readers","P1","Not started"
"H-468","High value","OCR","Resource page","uwaterloo.ca","https://www.uwaterloo.ca/search?q=PDF","85-96","Free outreach","https://ratpdf.com/pdf-to-txt/ocr-pdf-to-text","OCR PDF to text","Library digitization scan-to-text workflow","P1","Not started"
"H-469","High value","Compress PDF","Resource page","sfu.ca","https://www.sfu.ca/search?q=PDF","85-96","Free outreach","https://ratpdf.com/compress-pdf","compress PDF online free","Campus email attachment limits - link to compression hub + size checker","P1","Not started"
"H-470","High value","Compress PDF","Resource page","sfu.ca","https://www.sfu.ca/search?q=PDF","85-96","Free outreach","https://ratpdf.com/research/attachment-size-limits","email attachment size limits","Cite original research table in IT help article","P1","Not started"
"H-471","High value","PDF to Text","Resource page","sfu.ca","https://www.sfu.ca/search?q=PDF","85-96","Free outreach","https://ratpdf.com/pdf-to-txt/how-do-i-convert-pdf-to-text","convert PDF to text","Student workflow: extract readings for notes","P1","Not started"
"H-472","High value","PDF to Text","Resource page","sfu.ca","https://www.sfu.ca/search?q=PDF","85-96","Free outreach","https://ratpdf.com/pdf-to-txt/pdf-to-text-online","PDF to text online","Alternative to Adobe export for students","P1","Not started"
"H-473","High value","OCR","Resource page","sfu.ca","https://www.sfu.ca/search?q=PDF","85-96","Free outreach","https://ratpdf.com/guides/ocr-pdf","OCR PDF searchable","Accessibility: make scanned PDFs searchable for screen readers","P1","Not started"
"H-474","High value","OCR","Resource page","sfu.ca","https://www.sfu.ca/search?q=PDF","85-96","Free outreach","https://ratpdf.com/pdf-to-txt/ocr-pdf-to-text","OCR PDF to text","Library digitization scan-to-text workflow","P1","Not started"
"H-475","High value","Compress PDF","Resource page","uvic.ca","https://www.uvic.ca/search?q=PDF","85-96","Free outreach","https://ratpdf.com/compress-pdf","compress PDF online free","Campus email attachment limits - link to compression hub + size checker","P1","Not started"
"H-476","High value","Compress PDF","Resource page","uvic.ca","https://www.uvic.ca/search?q=PDF","85-96","Free outreach","https://ratpdf.com/research/attachment-size-limits","email attachment size limits","Cite original research table in IT help article","P1","Not started"
"H-477","High value","PDF to Text","Resource page","uvic.ca","https://www.uvic.ca/search?q=PDF","85-96","Free outreach","https://ratpdf.com/pdf-to-txt/how-do-i-convert-pdf-to-text","convert PDF to text","Student workflow: extract readings for notes","P1","Not started"
"H-478","High value","PDF to Text","Resource page","uvic.ca","https://www.uvic.ca/search?q=PDF","85-96","Free outreach","https://ratpdf.com/pdf-to-txt/pdf-to-text-online","PDF to text online","Alternative to Adobe export for students","P1","Not started"
"H-479","High value","OCR","Resource page","uvic.ca","https://www.uvic.ca/search?q=PDF","85-96","Free outreach","https://ratpdf.com/guides/ocr-pdf","OCR PDF searchable","Accessibility: make scanned PDFs searchable for screen readers","P1","Not started"
"H-480","High value","OCR","Resource page","uvic.ca","https://www.uvic.ca/search?q=PDF","85-96","Free outreach","https://ratpdf.com/pdf-to-txt/ocr-pdf-to-text","OCR PDF to text","Library digitization scan-to-text workflow","P1","Not started"
"H-481","High value","Compress PDF","Resource page","queensu.ca","https://www.queensu.ca/search?q=PDF","85-96","Free outreach","https://ratpdf.com/compress-pdf","compress PDF online free","Campus email attachment limits - link to compression hub + size checker","P1","Not started"
"H-482","High value","Compress PDF","Resource page","queensu.ca","https://www.queensu.ca/search?q=PDF","85-96","Free outreach","https://ratpdf.com/research/attachment-size-limits","email attachment size limits","Cite original research table in IT help article","P1","Not started"
"H-483","High value","PDF to Text","Resource page","queensu.ca","https://www.queensu.ca/search?q=PDF","85-96","Free outreach","https://ratpdf.com/pdf-to-txt/how-do-i-convert-pdf-to-text","convert PDF to text","Student workflow: extract readings for notes","P1","Not started"
"H-484","High value","PDF to Text","Resource page","queensu.ca","https://www.queensu.ca/search?q=PDF","85-96","Free outreach","https://ratpdf.com/pdf-to-txt/pdf-to-text-online","PDF to text online","Alternative to Adobe export for students","P1","Not started"
"H-485","High value","OCR","Resource page","queensu.ca","https://www.queensu.ca/search?q=PDF","85-96","Free outreach","https://ratpdf.com/guides/ocr-pdf","OCR PDF searchable","Accessibility: make scanned PDFs searchable for screen readers","P1","Not started"
"H-486","High value","OCR","Resource page","queensu.ca","https://www.queensu.ca/search?q=PDF","85-96","Free outreach","https://ratpdf.com/pdf-to-txt/ocr-pdf-to-text","OCR PDF to text","Library digitization scan-to-text workflow","P1","Not started"
"H-487","High value","Compress PDF","Resource page","yorku.ca","https://www.yorku.ca/search?q=PDF","85-96","Free outreach","https://ratpdf.com/compress-pdf","compress PDF online free","Campus email attachment limits - link to compression hub + size checker","P1","Not started"
"H-488","High value","Compress PDF","Resource page","yorku.ca","https://www.yorku.ca/search?q=PDF","85-96","Free outreach","https://ratpdf.com/research/attachment-size-limits","email attachment size limits","Cite original research table in IT help article","P1","Not started"
"H-489","High value","PDF to Text","Resource page","yorku.ca","https://www.yorku.ca/search?q=PDF","85-96","Free outreach","https://ratpdf.com/pdf-to-txt/how-do-i-convert-pdf-to-text","convert PDF to text","Student workflow: extract readings for notes","P1","Not started"
"H-490","High value","PDF to Text","Resource page","yorku.ca","https://www.yorku.ca/search?q=PDF","85-96","Free outreach","https://ratpdf.com/pdf-to-txt/pdf-to-text-online","PDF to text online","Alternative to Adobe export for students","P1","Not started"
"H-491","High value","OCR","Resource page","yorku.ca","https://www.yorku.ca/search?q=PDF","85-96","Free outreach","https://ratpdf.com/guides/ocr-pdf","OCR PDF searchable","Accessibility: make scanned PDFs searchable for screen readers","P1","Not started"
"H-492","High value","OCR","Resource page","yorku.ca","https://www.yorku.ca/search?q=PDF","85-96","Free outreach","https://ratpdf.com/pdf-to-txt/ocr-pdf-to-text","OCR PDF to text","Library digitization scan-to-text workflow","P1","Not started"
"H-493","High value","Compress PDF","Resource page","unsw.edu.au","https://www.unsw.edu.au/search?q=PDF","85-96","Free outreach","https://ratpdf.com/compress-pdf","compress PDF online free","Campus email attachment limits - link to compression hub + size checker","P1","Not started"
"H-494","High value","Compress PDF","Resource page","unsw.edu.au","https://www.unsw.edu.au/search?q=PDF","85-96","Free outreach","https://ratpdf.com/research/attachment-size-limits","email attachment size limits","Cite original research table in IT help article","P1","Not started"
"H-495","High value","PDF to Text","Resource page","unsw.edu.au","https://www.unsw.edu.au/search?q=PDF","85-96","Free outreach","https://ratpdf.com/pdf-to-txt/how-do-i-convert-pdf-to-text","convert PDF to text","Student workflow: extract readings for notes","P1","Not started"
"H-496","High value","PDF to Text","Resource page","unsw.edu.au","https://www.unsw.edu.au/search?q=PDF","85-96","Free outreach","https://ratpdf.com/pdf-to-txt/pdf-to-text-online","PDF to text online","Alternative to Adobe export for students","P1","Not started"
"H-497","High value","OCR","Resource page","unsw.edu.au","https://www.unsw.edu.au/search?q=PDF","85-96","Free outreach","https://ratpdf.com/guides/ocr-pdf","OCR PDF searchable","Accessibility: make scanned PDFs searchable for screen readers","P1","Not started"
"H-498","High value","OCR","Resource page","unsw.edu.au","https://www.unsw.edu.au/search?q=PDF","85-96","Free outreach","https://ratpdf.com/pdf-to-txt/ocr-pdf-to-text","OCR PDF to text","Library digitization scan-to-text workflow","P1","Not started"
"H-499","High value","Compress PDF","Resource page","anu.edu.au","https://www.anu.edu.au/search?q=PDF","85-96","Free outreach","https://ratpdf.com/compress-pdf","compress PDF online free","Campus email attachment limits - link to compression hub + size checker","P1","Not started"
"H-500","High value","Compress PDF","Resource page","anu.edu.au","https://www.anu.edu.au/search?q=PDF","85-96","Free outreach","https://ratpdf.com/research/attachment-size-limits","email attachment size limits","Cite original research table in IT help article","P1","Not started"
"H-501","High value","PDF to Text","Resource page","anu.edu.au","https://www.anu.edu.au/search?q=PDF","85-96","Free outreach","https://ratpdf.com/pdf-to-txt/how-do-i-convert-pdf-to-text","convert PDF to text","Student workflow: extract readings for notes","P1","Not started"
"H-502","High value","PDF to Text","Resource page","anu.edu.au","https://www.anu.edu.au/search?q=PDF","85-96","Free outreach","https://ratpdf.com/pdf-to-txt/pdf-to-text-online","PDF to text online","Alternative to Adobe export for students","P1","Not started"
"H-503","High value","OCR","Resource page","anu.edu.au","https://www.anu.edu.au/search?q=PDF","85-96","Free outreach","https://ratpdf.com/guides/ocr-pdf","OCR PDF searchable","Accessibility: make scanned PDFs searchable for screen readers","P1","Not started"
"H-504","High value","OCR","Resource page","anu.edu.au","https://www.anu.edu.au/search?q=PDF","85-96","Free outreach","https://ratpdf.com/pdf-to-txt/ocr-pdf-to-text","OCR PDF to text","Library digitization scan-to-text workflow","P1","Not started"
"H-505","High value","Compress PDF","Resource page","monash.edu","https://www.monash.edu/search?q=PDF","85-96","Free outreach","https://ratpdf.com/compress-pdf","compress PDF online free","Campus email attachment limits - link to compression hub + size checker","P1","Not started"
"H-506","High value","Compress PDF","Resource page","monash.edu","https://www.monash.edu/search?q=PDF","85-96","Free outreach","https://ratpdf.com/research/attachment-size-limits","email attachment size limits","Cite original research table in IT help article","P1","Not started"
"H-507","High value","PDF to Text","Resource page","monash.edu","https://www.monash.edu/search?q=PDF","85-96","Free outreach","https://ratpdf.com/pdf-to-txt/how-do-i-convert-pdf-to-text","convert PDF to text","Student workflow: extract readings for notes","P1","Not started"
"H-508","High value","PDF to Text","Resource page","monash.edu","https://www.monash.edu/search?q=PDF","85-96","Free outreach","https://ratpdf.com/pdf-to-txt/pdf-to-text-online","PDF to text online","Alternative to Adobe export for students","P1","Not started"
"H-509","High value","OCR","Resource page","monash.edu","https://www.monash.edu/search?q=PDF","85-96","Free outreach","https://ratpdf.com/guides/ocr-pdf","OCR PDF searchable","Accessibility: make scanned PDFs searchable for screen readers","P1","Not started"
"H-510","High value","OCR","Resource page","monash.edu","https://www.monash.edu/search?q=PDF","85-96","Free outreach","https://ratpdf.com/pdf-to-txt/ocr-pdf-to-text","OCR PDF to text","Library digitization scan-to-text workflow","P1","Not started"
"H-511","High value","Compress PDF","Resource page","uq.edu.au","https://www.uq.edu.au/search?q=PDF","85-96","Free outreach","https://ratpdf.com/compress-pdf","compress PDF online free","Campus email attachment limits - link to compression hub + size checker","P1","Not started"
"H-512","High value","Compress PDF","Resource page","uq.edu.au","https://www.uq.edu.au/search?q=PDF","85-96","Free outreach","https://ratpdf.com/research/attachment-size-limits","email attachment size limits","Cite original research table in IT help article","P1","Not started"
"H-513","High value","PDF to Text","Resource page","uq.edu.au","https://www.uq.edu.au/search?q=PDF","85-96","Free outreach","https://ratpdf.com/pdf-to-txt/how-do-i-convert-pdf-to-text","convert PDF to text","Student workflow: extract readings for notes","P1","Not started"
"H-514","High value","PDF to Text","Resource page","uq.edu.au","https://www.uq.edu.au/search?q=PDF","85-96","Free outreach","https://ratpdf.com/pdf-to-txt/pdf-to-text-online","PDF to text online","Alternative to Adobe export for students","P1","Not started"
"H-515","High value","OCR","Resource page","uq.edu.au","https://www.uq.edu.au/search?q=PDF","85-96","Free outreach","https://ratpdf.com/guides/ocr-pdf","OCR PDF searchable","Accessibility: make scanned PDFs searchable for screen readers","P1","Not started"
"H-516","High value","OCR","Resource page","uq.edu.au","https://www.uq.edu.au/search?q=PDF","85-96","Free outreach","https://ratpdf.com/pdf-to-txt/ocr-pdf-to-text","OCR PDF to text","Library digitization scan-to-text workflow","P1","Not started"
"H-517","High value","Compress PDF","Resource page","adelaide.edu.au","https://www.adelaide.edu.au/search?q=PDF","85-96","Free outreach","https://ratpdf.com/compress-pdf","compress PDF online free","Campus email attachment limits - link to compression hub + size checker","P1","Not started"
"H-518","High value","Compress PDF","Resource page","adelaide.edu.au","https://www.adelaide.edu.au/search?q=PDF","85-96","Free outreach","https://ratpdf.com/research/attachment-size-limits","email attachment size limits","Cite original research table in IT help article","P1","Not started"
"H-519","High value","PDF to Text","Resource page","adelaide.edu.au","https://www.adelaide.edu.au/search?q=PDF","85-96","Free outreach","https://ratpdf.com/pdf-to-txt/how-do-i-convert-pdf-to-text","convert PDF to text","Student workflow: extract readings for notes","P1","Not started"
"H-520","High value","PDF to Text","Resource page","adelaide.edu.au","https://www.adelaide.edu.au/search?q=PDF","85-96","Free outreach","https://ratpdf.com/pdf-to-txt/pdf-to-text-online","PDF to text online","Alternative to Adobe export for students","P1","Not started"
"H-521","High value","OCR","Resource page","adelaide.edu.au","https://www.adelaide.edu.au/search?q=PDF","85-96","Free outreach","https://ratpdf.com/guides/ocr-pdf","OCR PDF searchable","Accessibility: make scanned PDFs searchable for screen readers","P1","Not started"
"H-522","High value","OCR","Resource page","adelaide.edu.au","https://www.adelaide.edu.au/search?q=PDF","85-96","Free outreach","https://ratpdf.com/pdf-to-txt/ocr-pdf-to-text","OCR PDF to text","Library digitization scan-to-text workflow","P1","Not started"
"H-523","High value","Compress PDF","Resource page","curtin.edu.au","https://www.curtin.edu.au/search?q=PDF","85-96","Free outreach","https://ratpdf.com/compress-pdf","compress PDF online free","Campus email attachment limits - link to compression hub + size checker","P1","Not started"
"H-524","High value","Compress PDF","Resource page","curtin.edu.au","https://www.curtin.edu.au/search?q=PDF","85-96","Free outreach","https://ratpdf.com/research/attachment-size-limits","email attachment size limits","Cite original research table in IT help article","P1","Not started"
"H-525","High value","PDF to Text","Resource page","curtin.edu.au","https://www.curtin.edu.au/search?q=PDF","85-96","Free outreach","https://ratpdf.com/pdf-to-txt/how-do-i-convert-pdf-to-text","convert PDF to text","Student workflow: extract readings for notes","P1","Not started"
"H-526","High value","PDF to Text","Resource page","curtin.edu.au","https://www.curtin.edu.au/search?q=PDF","85-96","Free outreach","https://ratpdf.com/pdf-to-txt/pdf-to-text-online","PDF to text online","Alternative to Adobe export for students","P1","Not started"
"H-527","High value","OCR","Resource page","curtin.edu.au","https://www.curtin.edu.au/search?q=PDF","85-96","Free outreach","https://ratpdf.com/guides/ocr-pdf","OCR PDF searchable","Accessibility: make scanned PDFs searchable for screen readers","P1","Not started"
"H-528","High value","OCR","Resource page","curtin.edu.au","https://www.curtin.edu.au/search?q=PDF","85-96","Free outreach","https://ratpdf.com/pdf-to-txt/ocr-pdf-to-text","OCR PDF to text","Library digitization scan-to-text workflow","P1","Not started"
"H-529","High value","Compress PDF","Resource page","tcd.ie","https://www.tcd.ie/search?q=PDF","85-96","Free outreach","https://ratpdf.com/compress-pdf","compress PDF online free","Campus email attachment limits - link to compression hub + size checker","P1","Not started"
"H-530","High value","Compress PDF","Resource page","tcd.ie","https://www.tcd.ie/search?q=PDF","85-96","Free outreach","https://ratpdf.com/research/attachment-size-limits","email attachment size limits","Cite original research table in IT help article","P1","Not started"
"H-531","High value","PDF to Text","Resource page","tcd.ie","https://www.tcd.ie/search?q=PDF","85-96","Free outreach","https://ratpdf.com/pdf-to-txt/how-do-i-convert-pdf-to-text","convert PDF to text","Student workflow: extract readings for notes","P1","Not started"
"H-532","High value","PDF to Text","Resource page","tcd.ie","https://www.tcd.ie/search?q=PDF","85-96","Free outreach","https://ratpdf.com/pdf-to-txt/pdf-to-text-online","PDF to text online","Alternative to Adobe export for students","P1","Not started"
"H-533","High value","OCR","Resource page","tcd.ie","https://www.tcd.ie/search?q=PDF","85-96","Free outreach","https://ratpdf.com/guides/ocr-pdf","OCR PDF searchable","Accessibility: make scanned PDFs searchable for screen readers","P1","Not started"
"H-534","High value","OCR","Resource page","tcd.ie","https://www.tcd.ie/search?q=PDF","85-96","Free outreach","https://ratpdf.com/pdf-to-txt/ocr-pdf-to-text","OCR PDF to text","Library digitization scan-to-text workflow","P1","Not started"
"H-535","High value","Compress PDF","Resource page","ucd.ie","https://www.ucd.ie/search?q=PDF","85-96","Free outreach","https://ratpdf.com/compress-pdf","compress PDF online free","Campus email attachment limits - link to compression hub + size checker","P1","Not started"
"H-536","High value","Compress PDF","Resource page","ucd.ie","https://www.ucd.ie/search?q=PDF","85-96","Free outreach","https://ratpdf.com/research/attachment-size-limits","email attachment size limits","Cite original research table in IT help article","P1","Not started"
"H-537","High value","PDF to Text","Resource page","ucd.ie","https://www.ucd.ie/search?q=PDF","85-96","Free outreach","https://ratpdf.com/pdf-to-txt/how-do-i-convert-pdf-to-text","convert PDF to text","Student workflow: extract readings for notes","P1","Not started"
"H-538","High value","PDF to Text","Resource page","ucd.ie","https://www.ucd.ie/search?q=PDF","85-96","Free outreach","https://ratpdf.com/pdf-to-txt/pdf-to-text-online","PDF to text online","Alternative to Adobe export for students","P1","Not started"
"H-539","High value","OCR","Resource page","ucd.ie","https://www.ucd.ie/search?q=PDF","85-96","Free outreach","https://ratpdf.com/guides/ocr-pdf","OCR PDF searchable","Accessibility: make scanned PDFs searchable for screen readers","P1","Not started"
"H-540","High value","OCR","Resource page","ucd.ie","https://www.ucd.ie/search?q=PDF","85-96","Free outreach","https://ratpdf.com/pdf-to-txt/ocr-pdf-to-text","OCR PDF to text","Library digitization scan-to-text workflow","P1","Not started"
"H-541","High value","Compress PDF","Resource page","dcu.ie","https://www.dcu.ie/search?q=PDF","85-96","Free outreach","https://ratpdf.com/compress-pdf","compress PDF online free","Campus email attachment limits - link to compression hub + size checker","P1","Not started"
"H-542","High value","Compress PDF","Resource page","dcu.ie","https://www.dcu.ie/search?q=PDF","85-96","Free outreach","https://ratpdf.com/research/attachment-size-limits","email attachment size limits","Cite original research table in IT help article","P1","Not started"
"H-543","High value","PDF to Text","Resource page","dcu.ie","https://www.dcu.ie/search?q=PDF","85-96","Free outreach","https://ratpdf.com/pdf-to-txt/how-do-i-convert-pdf-to-text","convert PDF to text","Student workflow: extract readings for notes","P1","Not started"
"H-544","High value","PDF to Text","Resource page","dcu.ie","https://www.dcu.ie/search?q=PDF","85-96","Free outreach","https://ratpdf.com/pdf-to-txt/pdf-to-text-online","PDF to text online","Alternative to Adobe export for students","P1","Not started"
"H-545","High value","OCR","Resource page","dcu.ie","https://www.dcu.ie/search?q=PDF","85-96","Free outreach","https://ratpdf.com/guides/ocr-pdf","OCR PDF searchable","Accessibility: make scanned PDFs searchable for screen readers","P1","Not started"
"H-546","High value","OCR","Resource page","dcu.ie","https://www.dcu.ie/search?q=PDF","85-96","Free outreach","https://ratpdf.com/pdf-to-txt/ocr-pdf-to-text","OCR PDF to text","Library digitization scan-to-text workflow","P1","Not started"
"H-547","High value","Compress PDF","Resource page","nuigalway.ie","https://www.nuigalway.ie/search?q=PDF","85-96","Free outreach","https://ratpdf.com/compress-pdf","compress PDF online free","Campus email attachment limits - link to compression hub + size checker","P1","Not started"
"H-548","High value","Compress PDF","Resource page","nuigalway.ie","https://www.nuigalway.ie/search?q=PDF","85-96","Free outreach","https://ratpdf.com/research/attachment-size-limits","email attachment size limits","Cite original research table in IT help article","P1","Not started"
"H-549","High value","PDF to Text","Resource page","nuigalway.ie","https://www.nuigalway.ie/search?q=PDF","85-96","Free outreach","https://ratpdf.com/pdf-to-txt/how-do-i-convert-pdf-to-text","convert PDF to text","Student workflow: extract readings for notes","P1","Not started"
"H-550","High value","PDF to Text","Resource page","nuigalway.ie","https://www.nuigalway.ie/search?q=PDF","85-96","Free outreach","https://ratpdf.com/pdf-to-txt/pdf-to-text-online","PDF to text online","Alternative to Adobe export for students","P1","Not started"
"H-551","High value","OCR","Resource page","nuigalway.ie","https://www.nuigalway.ie/search?q=PDF","85-96","Free outreach","https://ratpdf.com/guides/ocr-pdf","OCR PDF searchable","Accessibility: make scanned PDFs searchable for screen readers","P1","Not started"
"H-552","High value","OCR","Resource page","nuigalway.ie","https://www.nuigalway.ie/search?q=PDF","85-96","Free outreach","https://ratpdf.com/pdf-to-txt/ocr-pdf-to-text","OCR PDF to text","Library digitization scan-to-text workflow","P1","Not started"
"H-553","High value","Compress PDF","Resource page","ethz.ch","https://www.ethz.ch/search?q=PDF","85-96","Free outreach","https://ratpdf.com/compress-pdf","compress PDF online free","Campus email attachment limits - link to compression hub + size checker","P1","Not started"
"H-554","High value","Compress PDF","Resource page","ethz.ch","https://www.ethz.ch/search?q=PDF","85-96","Free outreach","https://ratpdf.com/research/attachment-size-limits","email attachment size limits","Cite original research table in IT help article","P1","Not started"
"H-555","High value","PDF to Text","Resource page","ethz.ch","https://www.ethz.ch/search?q=PDF","85-96","Free outreach","https://ratpdf.com/pdf-to-txt/how-do-i-convert-pdf-to-text","convert PDF to text","Student workflow: extract readings for notes","P1","Not started"
"H-556","High value","PDF to Text","Resource page","ethz.ch","https://www.ethz.ch/search?q=PDF","85-96","Free outreach","https://ratpdf.com/pdf-to-txt/pdf-to-text-online","PDF to text online","Alternative to Adobe export for students","P1","Not started"
"H-557","High value","OCR","Resource page","ethz.ch","https://www.ethz.ch/search?q=PDF","85-96","Free outreach","https://ratpdf.com/guides/ocr-pdf","OCR PDF searchable","Accessibility: make scanned PDFs searchable for screen readers","P1","Not started"
"H-558","High value","OCR","Resource page","ethz.ch","https://www.ethz.ch/search?q=PDF","85-96","Free outreach","https://ratpdf.com/pdf-to-txt/ocr-pdf-to-text","OCR PDF to text","Library digitization scan-to-text workflow","P1","Not started"
"H-559","High value","Compress PDF","Resource page","epfl.ch","https://www.epfl.ch/search?q=PDF","85-96","Free outreach","https://ratpdf.com/compress-pdf","compress PDF online free","Campus email attachment limits - link to compression hub + size checker","P1","Not started"
"H-560","High value","Compress PDF","Resource page","epfl.ch","https://www.epfl.ch/search?q=PDF","85-96","Free outreach","https://ratpdf.com/research/attachment-size-limits","email attachment size limits","Cite original research table in IT help article","P1","Not started"
"H-561","High value","PDF to Text","Resource page","epfl.ch","https://www.epfl.ch/search?q=PDF","85-96","Free outreach","https://ratpdf.com/pdf-to-txt/how-do-i-convert-pdf-to-text","convert PDF to text","Student workflow: extract readings for notes","P1","Not started"
"H-562","High value","PDF to Text","Resource page","epfl.ch","https://www.epfl.ch/search?q=PDF","85-96","Free outreach","https://ratpdf.com/pdf-to-txt/pdf-to-text-online","PDF to text online","Alternative to Adobe export for students","P1","Not started"
"H-563","High value","OCR","Resource page","epfl.ch","https://www.epfl.ch/search?q=PDF","85-96","Free outreach","https://ratpdf.com/guides/ocr-pdf","OCR PDF searchable","Accessibility: make scanned PDFs searchable for screen readers","P1","Not started"
"H-564","High value","OCR","Resource page","epfl.ch","https://www.epfl.ch/search?q=PDF","85-96","Free outreach","https://ratpdf.com/pdf-to-txt/ocr-pdf-to-text","OCR PDF to text","Library digitization scan-to-text workflow","P1","Not started"
"H-565","High value","Compress PDF","Resource page","unil.ch","https://www.unil.ch/search?q=PDF","85-96","Free outreach","https://ratpdf.com/compress-pdf","compress PDF online free","Campus email attachment limits - link to compression hub + size checker","P1","Not started"
"H-566","High value","Compress PDF","Resource page","unil.ch","https://www.unil.ch/search?q=PDF","85-96","Free outreach","https://ratpdf.com/research/attachment-size-limits","email attachment size limits","Cite original research table in IT help article","P1","Not started"
"H-567","High value","PDF to Text","Resource page","unil.ch","https://www.unil.ch/search?q=PDF","85-96","Free outreach","https://ratpdf.com/pdf-to-txt/how-do-i-convert-pdf-to-text","convert PDF to text","Student workflow: extract readings for notes","P1","Not started"
"H-568","High value","PDF to Text","Resource page","unil.ch","https://www.unil.ch/search?q=PDF","85-96","Free outreach","https://ratpdf.com/pdf-to-txt/pdf-to-text-online","PDF to text online","Alternative to Adobe export for students","P1","Not started"
"H-569","High value","OCR","Resource page","unil.ch","https://www.unil.ch/search?q=PDF","85-96","Free outreach","https://ratpdf.com/guides/ocr-pdf","OCR PDF searchable","Accessibility: make scanned PDFs searchable for screen readers","P1","Not started"
"H-570","High value","OCR","Resource page","unil.ch","https://www.unil.ch/search?q=PDF","85-96","Free outreach","https://ratpdf.com/pdf-to-txt/ocr-pdf-to-text","OCR PDF to text","Library digitization scan-to-text workflow","P1","Not started"
"H-571","High value","Compress PDF","Resource page","tum.de","https://www.tum.de/search?q=PDF","85-96","Free outreach","https://ratpdf.com/compress-pdf","compress PDF online free","Campus email attachment limits - link to compression hub + size checker","P1","Not started"
"H-572","High value","Compress PDF","Resource page","tum.de","https://www.tum.de/search?q=PDF","85-96","Free outreach","https://ratpdf.com/research/attachment-size-limits","email attachment size limits","Cite original research table in IT help article","P1","Not started"
"H-573","High value","PDF to Text","Resource page","tum.de","https://www.tum.de/search?q=PDF","85-96","Free outreach","https://ratpdf.com/pdf-to-txt/how-do-i-convert-pdf-to-text","convert PDF to text","Student workflow: extract readings for notes","P1","Not started"
"H-574","High value","PDF to Text","Resource page","tum.de","https://www.tum.de/search?q=PDF","85-96","Free outreach","https://ratpdf.com/pdf-to-txt/pdf-to-text-online","PDF to text online","Alternative to Adobe export for students","P1","Not started"
"H-575","High value","OCR","Resource page","tum.de","https://www.tum.de/search?q=PDF","85-96","Free outreach","https://ratpdf.com/guides/ocr-pdf","OCR PDF searchable","Accessibility: make scanned PDFs searchable for screen readers","P1","Not started"
"H-576","High value","OCR","Resource page","tum.de","https://www.tum.de/search?q=PDF","85-96","Free outreach","https://ratpdf.com/pdf-to-txt/ocr-pdf-to-text","OCR PDF to text","Library digitization scan-to-text workflow","P1","Not started"
"H-577","High value","Compress PDF","Resource page","lmu.de","https://www.lmu.de/search?q=PDF","85-96","Free outreach","https://ratpdf.com/compress-pdf","compress PDF online free","Campus email attachment limits - link to compression hub + size checker","P1","Not started"
"H-578","High value","Compress PDF","Resource page","lmu.de","https://www.lmu.de/search?q=PDF","85-96","Free outreach","https://ratpdf.com/research/attachment-size-limits","email attachment size limits","Cite original research table in IT help article","P1","Not started"
"H-579","High value","PDF to Text","Resource page","lmu.de","https://www.lmu.de/search?q=PDF","85-96","Free outreach","https://ratpdf.com/pdf-to-txt/how-do-i-convert-pdf-to-text","convert PDF to text","Student workflow: extract readings for notes","P1","Not started"
"H-580","High value","PDF to Text","Resource page","lmu.de","https://www.lmu.de/search?q=PDF","85-96","Free outreach","https://ratpdf.com/pdf-to-txt/pdf-to-text-online","PDF to text online","Alternative to Adobe export for students","P1","Not started"
"H-581","High value","OCR","Resource page","lmu.de","https://www.lmu.de/search?q=PDF","85-96","Free outreach","https://ratpdf.com/guides/ocr-pdf","OCR PDF searchable","Accessibility: make scanned PDFs searchable for screen readers","P1","Not started"
"H-582","High value","OCR","Resource page","lmu.de","https://www.lmu.de/search?q=PDF","85-96","Free outreach","https://ratpdf.com/pdf-to-txt/ocr-pdf-to-text","OCR PDF to text","Library digitization scan-to-text workflow","P1","Not started"
"H-583","High value","Compress PDF","Resource page","uni-heidelberg.de","https://www.uni-heidelberg.de/search?q=PDF","85-96","Free outreach","https://ratpdf.com/compress-pdf","compress PDF online free","Campus email attachment limits - link to compression hub + size checker","P1","Not started"
"H-584","High value","Compress PDF","Resource page","uni-heidelberg.de","https://www.uni-heidelberg.de/search?q=PDF","85-96","Free outreach","https://ratpdf.com/research/attachment-size-limits","email attachment size limits","Cite original research table in IT help article","P1","Not started"
"H-585","High value","PDF to Text","Resource page","uni-heidelberg.de","https://www.uni-heidelberg.de/search?q=PDF","85-96","Free outreach","https://ratpdf.com/pdf-to-txt/how-do-i-convert-pdf-to-text","convert PDF to text","Student workflow: extract readings for notes","P1","Not started"
"H-586","High value","PDF to Text","Resource page","uni-heidelberg.de","https://www.uni-heidelberg.de/search?q=PDF","85-96","Free outreach","https://ratpdf.com/pdf-to-txt/pdf-to-text-online","PDF to text online","Alternative to Adobe export for students","P1","Not started"
"H-587","High value","OCR","Resource page","uni-heidelberg.de","https://www.uni-heidelberg.de/search?q=PDF","85-96","Free outreach","https://ratpdf.com/guides/ocr-pdf","OCR PDF searchable","Accessibility: make scanned PDFs searchable for screen readers","P1","Not started"
"H-588","High value","OCR","Resource page","uni-heidelberg.de","https://www.uni-heidelberg.de/search?q=PDF","85-96","Free outreach","https://ratpdf.com/pdf-to-txt/ocr-pdf-to-text","OCR PDF to text","Library digitization scan-to-text workflow","P1","Not started"
"H-589","High value","Compress PDF","Resource page","rwth-aachen.de","https://www.rwth-aachen.de/search?q=PDF","85-96","Free outreach","https://ratpdf.com/compress-pdf","compress PDF online free","Campus email attachment limits - link to compression hub + size checker","P1","Not started"
"H-590","High value","Compress PDF","Resource page","rwth-aachen.de","https://www.rwth-aachen.de/search?q=PDF","85-96","Free outreach","https://ratpdf.com/research/attachment-size-limits","email attachment size limits","Cite original research table in IT help article","P1","Not started"
"H-591","High value","PDF to Text","Resource page","rwth-aachen.de","https://www.rwth-aachen.de/search?q=PDF","85-96","Free outreach","https://ratpdf.com/pdf-to-txt/how-do-i-convert-pdf-to-text","convert PDF to text","Student workflow: extract readings for notes","P1","Not started"
"H-592","High value","PDF to Text","Resource page","rwth-aachen.de","https://www.rwth-aachen.de/search?q=PDF","85-96","Free outreach","https://ratpdf.com/pdf-to-txt/pdf-to-text-online","PDF to text online","Alternative to Adobe export for students","P1","Not started"
"H-593","High value","OCR","Resource page","rwth-aachen.de","https://www.rwth-aachen.de/search?q=PDF","85-96","Free outreach","https://ratpdf.com/guides/ocr-pdf","OCR PDF searchable","Accessibility: make scanned PDFs searchable for screen readers","P1","Not started"
"H-594","High value","OCR","Resource page","rwth-aachen.de","https://www.rwth-aachen.de/search?q=PDF","85-96","Free outreach","https://ratpdf.com/pdf-to-txt/ocr-pdf-to-text","OCR PDF to text","Library digitization scan-to-text workflow","P1","Not started"
"H-595","High value","Compress PDF","Resource page","fu-berlin.de","https://www.fu-berlin.de/search?q=PDF","85-96","Free outreach","https://ratpdf.com/compress-pdf","compress PDF online free","Campus email attachment limits - link to compression hub + size checker","P1","Not started"
"H-596","High value","Compress PDF","Resource page","fu-berlin.de","https://www.fu-berlin.de/search?q=PDF","85-96","Free outreach","https://ratpdf.com/research/attachment-size-limits","email attachment size limits","Cite original research table in IT help article","P1","Not started"
"H-597","High value","PDF to Text","Resource page","fu-berlin.de","https://www.fu-berlin.de/search?q=PDF","85-96","Free outreach","https://ratpdf.com/pdf-to-txt/how-do-i-convert-pdf-to-text","convert PDF to text","Student workflow: extract readings for notes","P1","Not started"
"H-598","High value","PDF to Text","Resource page","fu-berlin.de","https://www.fu-berlin.de/search?q=PDF","85-96","Free outreach","https://ratpdf.com/pdf-to-txt/pdf-to-text-online","PDF to text online","Alternative to Adobe export for students","P1","Not started"
"H-599","High value","OCR","Resource page","fu-berlin.de","https://www.fu-berlin.de/search?q=PDF","85-96","Free outreach","https://ratpdf.com/guides/ocr-pdf","OCR PDF searchable","Accessibility: make scanned PDFs searchable for screen readers","P1","Not started"
"H-600","High value","OCR","Resource page","fu-berlin.de","https://www.fu-berlin.de/search?q=PDF","85-96","Free outreach","https://ratpdf.com/pdf-to-txt/ocr-pdf-to-text","OCR PDF to text","Library digitization scan-to-text workflow","P1","Not started"
"H-601","High value","Compress PDF","Resource page","sorbonne-universite.fr","https://www.sorbonne-universite.fr/search?q=PDF","85-96","Free outreach","https://ratpdf.com/compress-pdf","compress PDF online free","Campus email attachment limits - link to compression hub + size checker","P1","Not started"
"H-602","High value","Compress PDF","Resource page","sorbonne-universite.fr","https://www.sorbonne-universite.fr/search?q=PDF","85-96","Free outreach","https://ratpdf.com/research/attachment-size-limits","email attachment size limits","Cite original research table in IT help article","P1","Not started"
"H-603","High value","PDF to Text","Resource page","sorbonne-universite.fr","https://www.sorbonne-universite.fr/search?q=PDF","85-96","Free outreach","https://ratpdf.com/pdf-to-txt/how-do-i-convert-pdf-to-text","convert PDF to text","Student workflow: extract readings for notes","P1","Not started"
"H-604","High value","PDF to Text","Resource page","sorbonne-universite.fr","https://www.sorbonne-universite.fr/search?q=PDF","85-96","Free outreach","https://ratpdf.com/pdf-to-txt/pdf-to-text-online","PDF to text online","Alternative to Adobe export for students","P1","Not started"
"H-605","High value","OCR","Resource page","sorbonne-universite.fr","https://www.sorbonne-universite.fr/search?q=PDF","85-96","Free outreach","https://ratpdf.com/guides/ocr-pdf","OCR PDF searchable","Accessibility: make scanned PDFs searchable for screen readers","P1","Not started"
"H-606","High value","OCR","Resource page","sorbonne-universite.fr","https://www.sorbonne-universite.fr/search?q=PDF","85-96","Free outreach","https://ratpdf.com/pdf-to-txt/ocr-pdf-to-text","OCR PDF to text","Library digitization scan-to-text workflow","P1","Not started"
"H-607","High value","Compress PDF","Resource page","universite-paris-saclay.fr","https://www.universite-paris-saclay.fr/search?q=PDF","85-96","Free outreach","https://ratpdf.com/compress-pdf","compress PDF online free","Campus email attachment limits - link to compression hub + size checker","P1","Not started"
"H-608","High value","Compress PDF","Resource page","universite-paris-saclay.fr","https://www.universite-paris-saclay.fr/search?q=PDF","85-96","Free outreach","https://ratpdf.com/research/attachment-size-limits","email attachment size limits","Cite original research table in IT help article","P1","Not started"
"H-609","High value","PDF to Text","Resource page","universite-paris-saclay.fr","https://www.universite-paris-saclay.fr/search?q=PDF","85-96","Free outreach","https://ratpdf.com/pdf-to-txt/how-do-i-convert-pdf-to-text","convert PDF to text","Student workflow: extract readings for notes","P1","Not started"
"H-610","High value","PDF to Text","Resource page","universite-paris-saclay.fr","https://www.universite-paris-saclay.fr/search?q=PDF","85-96","Free outreach","https://ratpdf.com/pdf-to-txt/pdf-to-text-online","PDF to text online","Alternative to Adobe export for students","P1","Not started"
"H-611","High value","OCR","Resource page","universite-paris-saclay.fr","https://www.universite-paris-saclay.fr/search?q=PDF","85-96","Free outreach","https://ratpdf.com/guides/ocr-pdf","OCR PDF searchable","Accessibility: make scanned PDFs searchable for screen readers","P1","Not started"
"H-612","High value","OCR","Resource page","universite-paris-saclay.fr","https://www.universite-paris-saclay.fr/search?q=PDF","85-96","Free outreach","https://ratpdf.com/pdf-to-txt/ocr-pdf-to-text","OCR PDF to text","Library digitization scan-to-text workflow","P1","Not started"
"H-613","High value","Compress PDF","Resource page","uva.nl","https://www.uva.nl/search?q=PDF","85-96","Free outreach","https://ratpdf.com/compress-pdf","compress PDF online free","Campus email attachment limits - link to compression hub + size checker","P1","Not started"
"H-614","High value","Compress PDF","Resource page","uva.nl","https://www.uva.nl/search?q=PDF","85-96","Free outreach","https://ratpdf.com/research/attachment-size-limits","email attachment size limits","Cite original research table in IT help article","P1","Not started"
"H-615","High value","PDF to Text","Resource page","uva.nl","https://www.uva.nl/search?q=PDF","85-96","Free outreach","https://ratpdf.com/pdf-to-txt/how-do-i-convert-pdf-to-text","convert PDF to text","Student workflow: extract readings for notes","P1","Not started"
"H-616","High value","PDF to Text","Resource page","uva.nl","https://www.uva.nl/search?q=PDF","85-96","Free outreach","https://ratpdf.com/pdf-to-txt/pdf-to-text-online","PDF to text online","Alternative to Adobe export for students","P1","Not started"
"H-617","High value","OCR","Resource page","uva.nl","https://www.uva.nl/search?q=PDF","85-96","Free outreach","https://ratpdf.com/guides/ocr-pdf","OCR PDF searchable","Accessibility: make scanned PDFs searchable for screen readers","P1","Not started"
"H-618","High value","OCR","Resource page","uva.nl","https://www.uva.nl/search?q=PDF","85-96","Free outreach","https://ratpdf.com/pdf-to-txt/ocr-pdf-to-text","OCR PDF to text","Library digitization scan-to-text workflow","P1","Not started"
"H-619","High value","Compress PDF","Resource page","tudelft.nl","https://www.tudelft.nl/search?q=PDF","85-96","Free outreach","https://ratpdf.com/compress-pdf","compress PDF online free","Campus email attachment limits - link to compression hub + size checker","P1","Not started"
"H-620","High value","Compress PDF","Resource page","tudelft.nl","https://www.tudelft.nl/search?q=PDF","85-96","Free outreach","https://ratpdf.com/research/attachment-size-limits","email attachment size limits","Cite original research table in IT help article","P1","Not started"
"H-621","High value","PDF to Text","Resource page","tudelft.nl","https://www.tudelft.nl/search?q=PDF","85-96","Free outreach","https://ratpdf.com/pdf-to-txt/how-do-i-convert-pdf-to-text","convert PDF to text","Student workflow: extract readings for notes","P1","Not started"
"H-622","High value","PDF to Text","Resource page","tudelft.nl","https://www.tudelft.nl/search?q=PDF","85-96","Free outreach","https://ratpdf.com/pdf-to-txt/pdf-to-text-online","PDF to text online","Alternative to Adobe export for students","P1","Not started"
"H-623","High value","OCR","Resource page","tudelft.nl","https://www.tudelft.nl/search?q=PDF","85-96","Free outreach","https://ratpdf.com/guides/ocr-pdf","OCR PDF searchable","Accessibility: make scanned PDFs searchable for screen readers","P1","Not started"
"H-624","High value","OCR","Resource page","tudelft.nl","https://www.tudelft.nl/search?q=PDF","85-96","Free outreach","https://ratpdf.com/pdf-to-txt/ocr-pdf-to-text","OCR PDF to text","Library digitization scan-to-text workflow","P1","Not started"
"H-625","High value","Compress PDF","Resource page","eur.nl","https://www.eur.nl/search?q=PDF","85-96","Free outreach","https://ratpdf.com/compress-pdf","compress PDF online free","Campus email attachment limits - link to compression hub + size checker","P1","Not started"
"H-626","High value","Compress PDF","Resource page","eur.nl","https://www.eur.nl/search?q=PDF","85-96","Free outreach","https://ratpdf.com/research/attachment-size-limits","email attachment size limits","Cite original research table in IT help article","P1","Not started"
"H-627","High value","PDF to Text","Resource page","eur.nl","https://www.eur.nl/search?q=PDF","85-96","Free outreach","https://ratpdf.com/pdf-to-txt/how-do-i-convert-pdf-to-text","convert PDF to text","Student workflow: extract readings for notes","P1","Not started"
"H-628","High value","PDF to Text","Resource page","eur.nl","https://www.eur.nl/search?q=PDF","85-96","Free outreach","https://ratpdf.com/pdf-to-txt/pdf-to-text-online","PDF to text online","Alternative to Adobe export for students","P1","Not started"
"H-629","High value","OCR","Resource page","eur.nl","https://www.eur.nl/search?q=PDF","85-96","Free outreach","https://ratpdf.com/guides/ocr-pdf","OCR PDF searchable","Accessibility: make scanned PDFs searchable for screen readers","P1","Not started"
"H-630","High value","OCR","Resource page","eur.nl","https://www.eur.nl/search?q=PDF","85-96","Free outreach","https://ratpdf.com/pdf-to-txt/ocr-pdf-to-text","OCR PDF to text","Library digitization scan-to-text workflow","P1","Not started"
"H-631","High value","Compress PDF","Resource page","kth.se","https://www.kth.se/search?q=PDF","85-96","Free outreach","https://ratpdf.com/compress-pdf","compress PDF online free","Campus email attachment limits - link to compression hub + size checker","P1","Not started"
"H-632","High value","Compress PDF","Resource page","kth.se","https://www.kth.se/search?q=PDF","85-96","Free outreach","https://ratpdf.com/research/attachment-size-limits","email attachment size limits","Cite original research table in IT help article","P1","Not started"
"H-633","High value","PDF to Text","Resource page","kth.se","https://www.kth.se/search?q=PDF","85-96","Free outreach","https://ratpdf.com/pdf-to-txt/how-do-i-convert-pdf-to-text","convert PDF to text","Student workflow: extract readings for notes","P1","Not started"
"H-634","High value","PDF to Text","Resource page","kth.se","https://www.kth.se/search?q=PDF","85-96","Free outreach","https://ratpdf.com/pdf-to-txt/pdf-to-text-online","PDF to text online","Alternative to Adobe export for students","P1","Not started"
"H-635","High value","OCR","Resource page","kth.se","https://www.kth.se/search?q=PDF","85-96","Free outreach","https://ratpdf.com/guides/ocr-pdf","OCR PDF searchable","Accessibility: make scanned PDFs searchable for screen readers","P1","Not started"
"H-636","High value","OCR","Resource page","kth.se","https://www.kth.se/search?q=PDF","85-96","Free outreach","https://ratpdf.com/pdf-to-txt/ocr-pdf-to-text","OCR PDF to text","Library digitization scan-to-text workflow","P1","Not started"
"H-637","High value","Compress PDF","Resource page","lu.se","https://www.lu.se/search?q=PDF","85-96","Free outreach","https://ratpdf.com/compress-pdf","compress PDF online free","Campus email attachment limits - link to compression hub + size checker","P1","Not started"
"H-638","High value","Compress PDF","Resource page","lu.se","https://www.lu.se/search?q=PDF","85-96","Free outreach","https://ratpdf.com/research/attachment-size-limits","email attachment size limits","Cite original research table in IT help article","P1","Not started"
"H-639","High value","PDF to Text","Resource page","lu.se","https://www.lu.se/search?q=PDF","85-96","Free outreach","https://ratpdf.com/pdf-to-txt/how-do-i-convert-pdf-to-text","convert PDF to text","Student workflow: extract readings for notes","P1","Not started"
"H-640","High value","PDF to Text","Resource page","lu.se","https://www.lu.se/search?q=PDF","85-96","Free outreach","https://ratpdf.com/pdf-to-txt/pdf-to-text-online","PDF to text online","Alternative to Adobe export for students","P1","Not started"
"H-641","High value","OCR","Resource page","lu.se","https://www.lu.se/search?q=PDF","85-96","Free outreach","https://ratpdf.com/guides/ocr-pdf","OCR PDF searchable","Accessibility: make scanned PDFs searchable for screen readers","P1","Not started"
"H-642","High value","OCR","Resource page","lu.se","https://www.lu.se/search?q=PDF","85-96","Free outreach","https://ratpdf.com/pdf-to-txt/ocr-pdf-to-text","OCR PDF to text","Library digitization scan-to-text workflow","P1","Not started"
"H-643","High value","Compress PDF","Resource page","su.se","https://www.su.se/search?q=PDF","85-96","Free outreach","https://ratpdf.com/compress-pdf","compress PDF online free","Campus email attachment limits - link to compression hub + size checker","P1","Not started"
"H-644","High value","Compress PDF","Resource page","su.se","https://www.su.se/search?q=PDF","85-96","Free outreach","https://ratpdf.com/research/attachment-size-limits","email attachment size limits","Cite original research table in IT help article","P1","Not started"
"H-645","High value","PDF to Text","Resource page","su.se","https://www.su.se/search?q=PDF","85-96","Free outreach","https://ratpdf.com/pdf-to-txt/how-do-i-convert-pdf-to-text","convert PDF to text","Student workflow: extract readings for notes","P1","Not started"
"H-646","High value","PDF to Text","Resource page","su.se","https://www.su.se/search?q=PDF","85-96","Free outreach","https://ratpdf.com/pdf-to-txt/pdf-to-text-online","PDF to text online","Alternative to Adobe export for students","P1","Not started"
"H-647","High value","OCR","Resource page","su.se","https://www.su.se/search?q=PDF","85-96","Free outreach","https://ratpdf.com/guides/ocr-pdf","OCR PDF searchable","Accessibility: make scanned PDFs searchable for screen readers","P1","Not started"
"H-648","High value","OCR","Resource page","su.se","https://www.su.se/search?q=PDF","85-96","Free outreach","https://ratpdf.com/pdf-to-txt/ocr-pdf-to-text","OCR PDF to text","Library digitization scan-to-text workflow","P1","Not started"
"H-649","High value","Compress PDF","Resource page","helsinki.fi","https://www.helsinki.fi/search?q=PDF","85-96","Free outreach","https://ratpdf.com/compress-pdf","compress PDF online free","Campus email attachment limits - link to compression hub + size checker","P1","Not started"
"H-650","High value","Compress PDF","Resource page","helsinki.fi","https://www.helsinki.fi/search?q=PDF","85-96","Free outreach","https://ratpdf.com/research/attachment-size-limits","email attachment size limits","Cite original research table in IT help article","P1","Not started"
"H-651","High value","PDF to Text","Resource page","helsinki.fi","https://www.helsinki.fi/search?q=PDF","85-96","Free outreach","https://ratpdf.com/pdf-to-txt/how-do-i-convert-pdf-to-text","convert PDF to text","Student workflow: extract readings for notes","P1","Not started"
"H-652","High value","PDF to Text","Resource page","helsinki.fi","https://www.helsinki.fi/search?q=PDF","85-96","Free outreach","https://ratpdf.com/pdf-to-txt/pdf-to-text-online","PDF to text online","Alternative to Adobe export for students","P1","Not started"
"H-653","High value","OCR","Resource page","helsinki.fi","https://www.helsinki.fi/search?q=PDF","85-96","Free outreach","https://ratpdf.com/guides/ocr-pdf","OCR PDF searchable","Accessibility: make scanned PDFs searchable for screen readers","P1","Not started"
"H-654","High value","OCR","Resource page","helsinki.fi","https://www.helsinki.fi/search?q=PDF","85-96","Free outreach","https://ratpdf.com/pdf-to-txt/ocr-pdf-to-text","OCR PDF to text","Library digitization scan-to-text workflow","P1","Not started"
"H-655","High value","Compress PDF","Resource page","aalto.fi","https://www.aalto.fi/search?q=PDF","85-96","Free outreach","https://ratpdf.com/compress-pdf","compress PDF online free","Campus email attachment limits - link to compression hub + size checker","P1","Not started"
"H-656","High value","Compress PDF","Resource page","aalto.fi","https://www.aalto.fi/search?q=PDF","85-96","Free outreach","https://ratpdf.com/research/attachment-size-limits","email attachment size limits","Cite original research table in IT help article","P1","Not started"
"H-657","High value","PDF to Text","Resource page","aalto.fi","https://www.aalto.fi/search?q=PDF","85-96","Free outreach","https://ratpdf.com/pdf-to-txt/how-do-i-convert-pdf-to-text","convert PDF to text","Student workflow: extract readings for notes","P1","Not started"
"H-658","High value","PDF to Text","Resource page","aalto.fi","https://www.aalto.fi/search?q=PDF","85-96","Free outreach","https://ratpdf.com/pdf-to-txt/pdf-to-text-online","PDF to text online","Alternative to Adobe export for students","P1","Not started"
"H-659","High value","OCR","Resource page","aalto.fi","https://www.aalto.fi/search?q=PDF","85-96","Free outreach","https://ratpdf.com/guides/ocr-pdf","OCR PDF searchable","Accessibility: make scanned PDFs searchable for screen readers","P1","Not started"
"H-660","High value","OCR","Resource page","aalto.fi","https://www.aalto.fi/search?q=PDF","85-96","Free outreach","https://ratpdf.com/pdf-to-txt/ocr-pdf-to-text","OCR PDF to text","Library digitization scan-to-text workflow","P1","Not started"
"H-661","High value","Compress PDF","Resource page","uio.no","https://www.uio.no/search?q=PDF","85-96","Free outreach","https://ratpdf.com/compress-pdf","compress PDF online free","Campus email attachment limits - link to compression hub + size checker","P1","Not started"
"H-662","High value","Compress PDF","Resource page","uio.no","https://www.uio.no/search?q=PDF","85-96","Free outreach","https://ratpdf.com/research/attachment-size-limits","email attachment size limits","Cite original research table in IT help article","P1","Not started"
"H-663","High value","PDF to Text","Resource page","uio.no","https://www.uio.no/search?q=PDF","85-96","Free outreach","https://ratpdf.com/pdf-to-txt/how-do-i-convert-pdf-to-text","convert PDF to text","Student workflow: extract readings for notes","P1","Not started"
"H-664","High value","PDF to Text","Resource page","uio.no","https://www.uio.no/search?q=PDF","85-96","Free outreach","https://ratpdf.com/pdf-to-txt/pdf-to-text-online","PDF to text online","Alternative to Adobe export for students","P1","Not started"
"H-665","High value","OCR","Resource page","uio.no","https://www.uio.no/search?q=PDF","85-96","Free outreach","https://ratpdf.com/guides/ocr-pdf","OCR PDF searchable","Accessibility: make scanned PDFs searchable for screen readers","P1","Not started"
"H-666","High value","OCR","Resource page","uio.no","https://www.uio.no/search?q=PDF","85-96","Free outreach","https://ratpdf.com/pdf-to-txt/ocr-pdf-to-text","OCR PDF to text","Library digitization scan-to-text workflow","P1","Not started"
"H-667","High value","Compress PDF","Resource page","ntnu.no","https://www.ntnu.no/search?q=PDF","85-96","Free outreach","https://ratpdf.com/compress-pdf","compress PDF online free","Campus email attachment limits - link to compression hub + size checker","P1","Not started"
"H-668","High value","Compress PDF","Resource page","ntnu.no","https://www.ntnu.no/search?q=PDF","85-96","Free outreach","https://ratpdf.com/research/attachment-size-limits","email attachment size limits","Cite original research table in IT help article","P1","Not started"
"H-669","High value","PDF to Text","Resource page","ntnu.no","https://www.ntnu.no/search?q=PDF","85-96","Free outreach","https://ratpdf.com/pdf-to-txt/how-do-i-convert-pdf-to-text","convert PDF to text","Student workflow: extract readings for notes","P1","Not started"
"H-670","High value","PDF to Text","Resource page","ntnu.no","https://www.ntnu.no/search?q=PDF","85-96","Free outreach","https://ratpdf.com/pdf-to-txt/pdf-to-text-online","PDF to text online","Alternative to Adobe export for students","P1","Not started"
"H-671","High value","OCR","Resource page","ntnu.no","https://www.ntnu.no/search?q=PDF","85-96","Free outreach","https://ratpdf.com/guides/ocr-pdf","OCR PDF searchable","Accessibility: make scanned PDFs searchable for screen readers","P1","Not started"
"H-672","High value","OCR","Resource page","ntnu.no","https://www.ntnu.no/search?q=PDF","85-96","Free outreach","https://ratpdf.com/pdf-to-txt/ocr-pdf-to-text","OCR PDF to text","Library digitization scan-to-text workflow","P1","Not started"
"H-673","High value","Compress PDF","Resource page","copenhagen.dk","https://www.copenhagen.dk/search?q=PDF","85-96","Free outreach","https://ratpdf.com/compress-pdf","compress PDF online free","Campus email attachment limits - link to compression hub + size checker","P1","Not started"
"H-674","High value","Compress PDF","Resource page","copenhagen.dk","https://www.copenhagen.dk/search?q=PDF","85-96","Free outreach","https://ratpdf.com/research/attachment-size-limits","email attachment size limits","Cite original research table in IT help article","P1","Not started"
"H-675","High value","PDF to Text","Resource page","copenhagen.dk","https://www.copenhagen.dk/search?q=PDF","85-96","Free outreach","https://ratpdf.com/pdf-to-txt/how-do-i-convert-pdf-to-text","convert PDF to text","Student workflow: extract readings for notes","P1","Not started"
"H-676","High value","PDF to Text","Resource page","copenhagen.dk","https://www.copenhagen.dk/search?q=PDF","85-96","Free outreach","https://ratpdf.com/pdf-to-txt/pdf-to-text-online","PDF to text online","Alternative to Adobe export for students","P1","Not started"
"H-677","High value","OCR","Resource page","copenhagen.dk","https://www.copenhagen.dk/search?q=PDF","85-96","Free outreach","https://ratpdf.com/guides/ocr-pdf","OCR PDF searchable","Accessibility: make scanned PDFs searchable for screen readers","P1","Not started"
"H-678","High value","OCR","Resource page","copenhagen.dk","https://www.copenhagen.dk/search?q=PDF","85-96","Free outreach","https://ratpdf.com/pdf-to-txt/ocr-pdf-to-text","OCR PDF to text","Library digitization scan-to-text workflow","P1","Not started"
"H-679","High value","Compress PDF","Resource page","dtu.dk","https://www.dtu.dk/search?q=PDF","85-96","Free outreach","https://ratpdf.com/compress-pdf","compress PDF online free","Campus email attachment limits - link to compression hub + size checker","P1","Not started"
"H-680","High value","Compress PDF","Resource page","dtu.dk","https://www.dtu.dk/search?q=PDF","85-96","Free outreach","https://ratpdf.com/research/attachment-size-limits","email attachment size limits","Cite original research table in IT help article","P1","Not started"
"H-681","High value","PDF to Text","Resource page","dtu.dk","https://www.dtu.dk/search?q=PDF","85-96","Free outreach","https://ratpdf.com/pdf-to-txt/how-do-i-convert-pdf-to-text","convert PDF to text","Student workflow: extract readings for notes","P1","Not started"
"H-682","High value","PDF to Text","Resource page","dtu.dk","https://www.dtu.dk/search?q=PDF","85-96","Free outreach","https://ratpdf.com/pdf-to-txt/pdf-to-text-online","PDF to text online","Alternative to Adobe export for students","P1","Not started"
"H-683","High value","OCR","Resource page","dtu.dk","https://www.dtu.dk/search?q=PDF","85-96","Free outreach","https://ratpdf.com/guides/ocr-pdf","OCR PDF searchable","Accessibility: make scanned PDFs searchable for screen readers","P1","Not started"
"H-684","High value","OCR","Resource page","dtu.dk","https://www.dtu.dk/search?q=PDF","85-96","Free outreach","https://ratpdf.com/pdf-to-txt/ocr-pdf-to-text","OCR PDF to text","Library digitization scan-to-text workflow","P1","Not started"
"H-685","High value","Compress PDF","Resource page","hku.hk","https://www.hku.hk/search?q=PDF","85-96","Free outreach","https://ratpdf.com/compress-pdf","compress PDF online free","Campus email attachment limits - link to compression hub + size checker","P1","Not started"
"H-686","High value","Compress PDF","Resource page","hku.hk","https://www.hku.hk/search?q=PDF","85-96","Free outreach","https://ratpdf.com/research/attachment-size-limits","email attachment size limits","Cite original research table in IT help article","P1","Not started"
"H-687","High value","PDF to Text","Resource page","hku.hk","https://www.hku.hk/search?q=PDF","85-96","Free outreach","https://ratpdf.com/pdf-to-txt/how-do-i-convert-pdf-to-text","convert PDF to text","Student workflow: extract readings for notes","P1","Not started"
"H-688","High value","PDF to Text","Resource page","hku.hk","https://www.hku.hk/search?q=PDF","85-96","Free outreach","https://ratpdf.com/pdf-to-txt/pdf-to-text-online","PDF to text online","Alternative to Adobe export for students","P1","Not started"
"H-689","High value","OCR","Resource page","hku.hk","https://www.hku.hk/search?q=PDF","85-96","Free outreach","https://ratpdf.com/guides/ocr-pdf","OCR PDF searchable","Accessibility: make scanned PDFs searchable for screen readers","P1","Not started"
"H-690","High value","OCR","Resource page","hku.hk","https://www.hku.hk/search?q=PDF","85-96","Free outreach","https://ratpdf.com/pdf-to-txt/ocr-pdf-to-text","OCR PDF to text","Library digitization scan-to-text workflow","P1","Not started"
"H-691","High value","Compress PDF","Resource page","cuhk.edu.hk","https://www.cuhk.edu.hk/search?q=PDF","85-96","Free outreach","https://ratpdf.com/compress-pdf","compress PDF online free","Campus email attachment limits - link to compression hub + size checker","P1","Not started"
"H-692","High value","Compress PDF","Resource page","cuhk.edu.hk","https://www.cuhk.edu.hk/search?q=PDF","85-96","Free outreach","https://ratpdf.com/research/attachment-size-limits","email attachment size limits","Cite original research table in IT help article","P1","Not started"
"H-693","High value","PDF to Text","Resource page","cuhk.edu.hk","https://www.cuhk.edu.hk/search?q=PDF","85-96","Free outreach","https://ratpdf.com/pdf-to-txt/how-do-i-convert-pdf-to-text","convert PDF to text","Student workflow: extract readings for notes","P1","Not started"
"H-694","High value","PDF to Text","Resource page","cuhk.edu.hk","https://www.cuhk.edu.hk/search?q=PDF","85-96","Free outreach","https://ratpdf.com/pdf-to-txt/pdf-to-text-online","PDF to text online","Alternative to Adobe export for students","P1","Not started"
"H-695","High value","OCR","Resource page","cuhk.edu.hk","https://www.cuhk.edu.hk/search?q=PDF","85-96","Free outreach","https://ratpdf.com/guides/ocr-pdf","OCR PDF searchable","Accessibility: make scanned PDFs searchable for screen readers","P1","Not started"
"H-696","High value","OCR","Resource page","cuhk.edu.hk","https://www.cuhk.edu.hk/search?q=PDF","85-96","Free outreach","https://ratpdf.com/pdf-to-txt/ocr-pdf-to-text","OCR PDF to text","Library digitization scan-to-text workflow","P1","Not started"
"H-697","High value","Compress PDF","Resource page","hkust.edu.hk","https://www.hkust.edu.hk/search?q=PDF","85-96","Free outreach","https://ratpdf.com/compress-pdf","compress PDF online free","Campus email attachment limits - link to compression hub + size checker","P1","Not started"
"H-698","High value","Compress PDF","Resource page","hkust.edu.hk","https://www.hkust.edu.hk/search?q=PDF","85-96","Free outreach","https://ratpdf.com/research/attachment-size-limits","email attachment size limits","Cite original research table in IT help article","P1","Not started"
"H-699","High value","PDF to Text","Resource page","hkust.edu.hk","https://www.hkust.edu.hk/search?q=PDF","85-96","Free outreach","https://ratpdf.com/pdf-to-txt/how-do-i-convert-pdf-to-text","convert PDF to text","Student workflow: extract readings for notes","P1","Not started"
"H-700","High value","PDF to Text","Resource page","hkust.edu.hk","https://www.hkust.edu.hk/search?q=PDF","85-96","Free outreach","https://ratpdf.com/pdf-to-txt/pdf-to-text-online","PDF to text online","Alternative to Adobe export for students","P1","Not started"
"H-701","High value","OCR","Resource page","hkust.edu.hk","https://www.hkust.edu.hk/search?q=PDF","85-96","Free outreach","https://ratpdf.com/guides/ocr-pdf","OCR PDF searchable","Accessibility: make scanned PDFs searchable for screen readers","P1","Not started"
"H-702","High value","OCR","Resource page","hkust.edu.hk","https://www.hkust.edu.hk/search?q=PDF","85-96","Free outreach","https://ratpdf.com/pdf-to-txt/ocr-pdf-to-text","OCR PDF to text","Library digitization scan-to-text workflow","P1","Not started"
"H-703","High value","Compress PDF","Resource page","ntu.edu.tw","https://www.ntu.edu.tw/search?q=PDF","85-96","Free outreach","https://ratpdf.com/compress-pdf","compress PDF online free","Campus email attachment limits - link to compression hub + size checker","P1","Not started"
"H-704","High value","Compress PDF","Resource page","ntu.edu.tw","https://www.ntu.edu.tw/search?q=PDF","85-96","Free outreach","https://ratpdf.com/research/attachment-size-limits","email attachment size limits","Cite original research table in IT help article","P1","Not started"
"H-705","High value","PDF to Text","Resource page","ntu.edu.tw","https://www.ntu.edu.tw/search?q=PDF","85-96","Free outreach","https://ratpdf.com/pdf-to-txt/how-do-i-convert-pdf-to-text","convert PDF to text","Student workflow: extract readings for notes","P1","Not started"
"H-706","High value","PDF to Text","Resource page","ntu.edu.tw","https://www.ntu.edu.tw/search?q=PDF","85-96","Free outreach","https://ratpdf.com/pdf-to-txt/pdf-to-text-online","PDF to text online","Alternative to Adobe export for students","P1","Not started"
"H-707","High value","OCR","Resource page","ntu.edu.tw","https://www.ntu.edu.tw/search?q=PDF","85-96","Free outreach","https://ratpdf.com/guides/ocr-pdf","OCR PDF searchable","Accessibility: make scanned PDFs searchable for screen readers","P1","Not started"
"H-708","High value","OCR","Resource page","ntu.edu.tw","https://www.ntu.edu.tw/search?q=PDF","85-96","Free outreach","https://ratpdf.com/pdf-to-txt/ocr-pdf-to-text","OCR PDF to text","Library digitization scan-to-text workflow","P1","Not started"
"H-709","High value","Compress PDF","Resource page","nctu.edu.tw","https://www.nctu.edu.tw/search?q=PDF","85-96","Free outreach","https://ratpdf.com/compress-pdf","compress PDF online free","Campus email attachment limits - link to compression hub + size checker","P1","Not started"
"H-710","High value","Compress PDF","Resource page","nctu.edu.tw","https://www.nctu.edu.tw/search?q=PDF","85-96","Free outreach","https://ratpdf.com/research/attachment-size-limits","email attachment size limits","Cite original research table in IT help article","P1","Not started"
"H-711","High value","PDF to Text","Resource page","nctu.edu.tw","https://www.nctu.edu.tw/search?q=PDF","85-96","Free outreach","https://ratpdf.com/pdf-to-txt/how-do-i-convert-pdf-to-text","convert PDF to text","Student workflow: extract readings for notes","P1","Not started"
"H-712","High value","PDF to Text","Resource page","nctu.edu.tw","https://www.nctu.edu.tw/search?q=PDF","85-96","Free outreach","https://ratpdf.com/pdf-to-txt/pdf-to-text-online","PDF to text online","Alternative to Adobe export for students","P1","Not started"
"H-713","High value","OCR","Resource page","nctu.edu.tw","https://www.nctu.edu.tw/search?q=PDF","85-96","Free outreach","https://ratpdf.com/guides/ocr-pdf","OCR PDF searchable","Accessibility: make scanned PDFs searchable for screen readers","P1","Not started"
"H-714","High value","OCR","Resource page","nctu.edu.tw","https://www.nctu.edu.tw/search?q=PDF","85-96","Free outreach","https://ratpdf.com/pdf-to-txt/ocr-pdf-to-text","OCR PDF to text","Library digitization scan-to-text workflow","P1","Not started"
"H-715","High value","Compress PDF","Resource page","snu.ac.kr","https://www.snu.ac.kr/search?q=PDF","85-96","Free outreach","https://ratpdf.com/compress-pdf","compress PDF online free","Campus email attachment limits - link to compression hub + size checker","P1","Not started"
"H-716","High value","Compress PDF","Resource page","snu.ac.kr","https://www.snu.ac.kr/search?q=PDF","85-96","Free outreach","https://ratpdf.com/research/attachment-size-limits","email attachment size limits","Cite original research table in IT help article","P1","Not started"
"H-717","High value","PDF to Text","Resource page","snu.ac.kr","https://www.snu.ac.kr/search?q=PDF","85-96","Free outreach","https://ratpdf.com/pdf-to-txt/how-do-i-convert-pdf-to-text","convert PDF to text","Student workflow: extract readings for notes","P1","Not started"
"H-718","High value","PDF to Text","Resource page","snu.ac.kr","https://www.snu.ac.kr/search?q=PDF","85-96","Free outreach","https://ratpdf.com/pdf-to-txt/pdf-to-text-online","PDF to text online","Alternative to Adobe export for students","P1","Not started"
"H-719","High value","OCR","Resource page","snu.ac.kr","https://www.snu.ac.kr/search?q=PDF","85-96","Free outreach","https://ratpdf.com/guides/ocr-pdf","OCR PDF searchable","Accessibility: make scanned PDFs searchable for screen readers","P1","Not started"
"H-720","High value","OCR","Resource page","snu.ac.kr","https://www.snu.ac.kr/search?q=PDF","85-96","Free outreach","https://ratpdf.com/pdf-to-txt/ocr-pdf-to-text","OCR PDF to text","Library digitization scan-to-text workflow","P1","Not started"
"H-721","High value","Compress PDF","Resource page","kaist.ac.kr","https://www.kaist.ac.kr/search?q=PDF","85-96","Free outreach","https://ratpdf.com/compress-pdf","compress PDF online free","Campus email attachment limits - link to compression hub + size checker","P1","Not started"
"H-722","High value","Compress PDF","Resource page","kaist.ac.kr","https://www.kaist.ac.kr/search?q=PDF","85-96","Free outreach","https://ratpdf.com/research/attachment-size-limits","email attachment size limits","Cite original research table in IT help article","P1","Not started"
"H-723","High value","PDF to Text","Resource page","kaist.ac.kr","https://www.kaist.ac.kr/search?q=PDF","85-96","Free outreach","https://ratpdf.com/pdf-to-txt/how-do-i-convert-pdf-to-text","convert PDF to text","Student workflow: extract readings for notes","P1","Not started"
"H-724","High value","PDF to Text","Resource page","kaist.ac.kr","https://www.kaist.ac.kr/search?q=PDF","85-96","Free outreach","https://ratpdf.com/pdf-to-txt/pdf-to-text-online","PDF to text online","Alternative to Adobe export for students","P1","Not started"
"H-725","High value","OCR","Resource page","kaist.ac.kr","https://www.kaist.ac.kr/search?q=PDF","85-96","Free outreach","https://ratpdf.com/guides/ocr-pdf","OCR PDF searchable","Accessibility: make scanned PDFs searchable for screen readers","P1","Not started"
"H-726","High value","OCR","Resource page","kaist.ac.kr","https://www.kaist.ac.kr/search?q=PDF","85-96","Free outreach","https://ratpdf.com/pdf-to-txt/ocr-pdf-to-text","OCR PDF to text","Library digitization scan-to-text workflow","P1","Not started"
"H-727","High value","Compress PDF","Resource page","postech.ac.kr","https://www.postech.ac.kr/search?q=PDF","85-96","Free outreach","https://ratpdf.com/compress-pdf","compress PDF online free","Campus email attachment limits - link to compression hub + size checker","P1","Not started"
"H-728","High value","Compress PDF","Resource page","postech.ac.kr","https://www.postech.ac.kr/search?q=PDF","85-96","Free outreach","https://ratpdf.com/research/attachment-size-limits","email attachment size limits","Cite original research table in IT help article","P1","Not started"
"H-729","High value","PDF to Text","Resource page","postech.ac.kr","https://www.postech.ac.kr/search?q=PDF","85-96","Free outreach","https://ratpdf.com/pdf-to-txt/how-do-i-convert-pdf-to-text","convert PDF to text","Student workflow: extract readings for notes","P1","Not started"
"H-730","High value","PDF to Text","Resource page","postech.ac.kr","https://www.postech.ac.kr/search?q=PDF","85-96","Free outreach","https://ratpdf.com/pdf-to-txt/pdf-to-text-online","PDF to text online","Alternative to Adobe export for students","P1","Not started"
"H-731","High value","OCR","Resource page","postech.ac.kr","https://www.postech.ac.kr/search?q=PDF","85-96","Free outreach","https://ratpdf.com/guides/ocr-pdf","OCR PDF searchable","Accessibility: make scanned PDFs searchable for screen readers","P1","Not started"
"H-732","High value","OCR","Resource page","postech.ac.kr","https://www.postech.ac.kr/search?q=PDF","85-96","Free outreach","https://ratpdf.com/pdf-to-txt/ocr-pdf-to-text","OCR PDF to text","Library digitization scan-to-text workflow","P1","Not started"
"H-733","High value","Compress PDF","Resource page","u-tokyo.ac.jp","https://www.u-tokyo.ac.jp/search?q=PDF","85-96","Free outreach","https://ratpdf.com/compress-pdf","compress PDF online free","Campus email attachment limits - link to compression hub + size checker","P1","Not started"
"H-734","High value","Compress PDF","Resource page","u-tokyo.ac.jp","https://www.u-tokyo.ac.jp/search?q=PDF","85-96","Free outreach","https://ratpdf.com/research/attachment-size-limits","email attachment size limits","Cite original research table in IT help article","P1","Not started"
"H-735","High value","PDF to Text","Resource page","u-tokyo.ac.jp","https://www.u-tokyo.ac.jp/search?q=PDF","85-96","Free outreach","https://ratpdf.com/pdf-to-txt/how-do-i-convert-pdf-to-text","convert PDF to text","Student workflow: extract readings for notes","P1","Not started"
"H-736","High value","PDF to Text","Resource page","u-tokyo.ac.jp","https://www.u-tokyo.ac.jp/search?q=PDF","85-96","Free outreach","https://ratpdf.com/pdf-to-txt/pdf-to-text-online","PDF to text online","Alternative to Adobe export for students","P1","Not started"
"H-737","High value","OCR","Resource page","u-tokyo.ac.jp","https://www.u-tokyo.ac.jp/search?q=PDF","85-96","Free outreach","https://ratpdf.com/guides/ocr-pdf","OCR PDF searchable","Accessibility: make scanned PDFs searchable for screen readers","P1","Not started"
"H-738","High value","OCR","Resource page","u-tokyo.ac.jp","https://www.u-tokyo.ac.jp/search?q=PDF","85-96","Free outreach","https://ratpdf.com/pdf-to-txt/ocr-pdf-to-text","OCR PDF to text","Library digitization scan-to-text workflow","P1","Not started"
"H-739","High value","Compress PDF","Resource page","kyoto-u.ac.jp","https://www.kyoto-u.ac.jp/search?q=PDF","85-96","Free outreach","https://ratpdf.com/compress-pdf","compress PDF online free","Campus email attachment limits - link to compression hub + size checker","P1","Not started"
"H-740","High value","Compress PDF","Resource page","kyoto-u.ac.jp","https://www.kyoto-u.ac.jp/search?q=PDF","85-96","Free outreach","https://ratpdf.com/research/attachment-size-limits","email attachment size limits","Cite original research table in IT help article","P1","Not started"
"H-741","High value","PDF to Text","Resource page","kyoto-u.ac.jp","https://www.kyoto-u.ac.jp/search?q=PDF","85-96","Free outreach","https://ratpdf.com/pdf-to-txt/how-do-i-convert-pdf-to-text","convert PDF to text","Student workflow: extract readings for notes","P1","Not started"
"H-742","High value","PDF to Text","Resource page","kyoto-u.ac.jp","https://www.kyoto-u.ac.jp/search?q=PDF","85-96","Free outreach","https://ratpdf.com/pdf-to-txt/pdf-to-text-online","PDF to text online","Alternative to Adobe export for students","P1","Not started"
"H-743","High value","OCR","Resource page","kyoto-u.ac.jp","https://www.kyoto-u.ac.jp/search?q=PDF","85-96","Free outreach","https://ratpdf.com/guides/ocr-pdf","OCR PDF searchable","Accessibility: make scanned PDFs searchable for screen readers","P1","Not started"
"H-744","High value","OCR","Resource page","kyoto-u.ac.jp","https://www.kyoto-u.ac.jp/search?q=PDF","85-96","Free outreach","https://ratpdf.com/pdf-to-txt/ocr-pdf-to-text","OCR PDF to text","Library digitization scan-to-text workflow","P1","Not started"
"H-745","High value","Compress PDF","Resource page","osaka-u.ac.jp","https://www.osaka-u.ac.jp/search?q=PDF","85-96","Free outreach","https://ratpdf.com/compress-pdf","compress PDF online free","Campus email attachment limits - link to compression hub + size checker","P1","Not started"
"H-746","High value","Compress PDF","Resource page","osaka-u.ac.jp","https://www.osaka-u.ac.jp/search?q=PDF","85-96","Free outreach","https://ratpdf.com/research/attachment-size-limits","email attachment size limits","Cite original research table in IT help article","P1","Not started"
"H-747","High value","PDF to Text","Resource page","osaka-u.ac.jp","https://www.osaka-u.ac.jp/search?q=PDF","85-96","Free outreach","https://ratpdf.com/pdf-to-txt/how-do-i-convert-pdf-to-text","convert PDF to text","Student workflow: extract readings for notes","P1","Not started"
"H-748","High value","PDF to Text","Resource page","osaka-u.ac.jp","https://www.osaka-u.ac.jp/search?q=PDF","85-96","Free outreach","https://ratpdf.com/pdf-to-txt/pdf-to-text-online","PDF to text online","Alternative to Adobe export for students","P1","Not started"
"H-749","High value","OCR","Resource page","osaka-u.ac.jp","https://www.osaka-u.ac.jp/search?q=PDF","85-96","Free outreach","https://ratpdf.com/guides/ocr-pdf","OCR PDF searchable","Accessibility: make scanned PDFs searchable for screen readers","P1","Not started"
"H-750","High value","OCR","Resource page","osaka-u.ac.jp","https://www.osaka-u.ac.jp/search?q=PDF","85-96","Free outreach","https://ratpdf.com/pdf-to-txt/ocr-pdf-to-text","OCR PDF to text","Library digitization scan-to-text workflow","P1","Not started"
"H-751","High value","Compress PDF","Resource page","tohoku.ac.jp","https://www.tohoku.ac.jp/search?q=PDF","85-96","Free outreach","https://ratpdf.com/compress-pdf","compress PDF online free","Campus email attachment limits - link to compression hub + size checker","P1","Not started"
"H-752","High value","Compress PDF","Resource page","tohoku.ac.jp","https://www.tohoku.ac.jp/search?q=PDF","85-96","Free outreach","https://ratpdf.com/research/attachment-size-limits","email attachment size limits","Cite original research table in IT help article","P1","Not started"
"H-753","High value","PDF to Text","Resource page","tohoku.ac.jp","https://www.tohoku.ac.jp/search?q=PDF","85-96","Free outreach","https://ratpdf.com/pdf-to-txt/how-do-i-convert-pdf-to-text","convert PDF to text","Student workflow: extract readings for notes","P1","Not started"
"H-754","High value","PDF to Text","Resource page","tohoku.ac.jp","https://www.tohoku.ac.jp/search?q=PDF","85-96","Free outreach","https://ratpdf.com/pdf-to-txt/pdf-to-text-online","PDF to text online","Alternative to Adobe export for students","P1","Not started"
"H-755","High value","OCR","Resource page","tohoku.ac.jp","https://www.tohoku.ac.jp/search?q=PDF","85-96","Free outreach","https://ratpdf.com/guides/ocr-pdf","OCR PDF searchable","Accessibility: make scanned PDFs searchable for screen readers","P1","Not started"
"H-756","High value","OCR","Resource page","tohoku.ac.jp","https://www.tohoku.ac.jp/search?q=PDF","85-96","Free outreach","https://ratpdf.com/pdf-to-txt/ocr-pdf-to-text","OCR PDF to text","Library digitization scan-to-text workflow","P1","Not started"
"H-757","High value","Compress PDF","Resource page","nus.edu.sg","https://www.nus.edu.sg/search?q=PDF","85-96","Free outreach","https://ratpdf.com/compress-pdf","compress PDF online free","Campus email attachment limits - link to compression hub + size checker","P1","Not started"
"H-758","High value","Compress PDF","Resource page","nus.edu.sg","https://www.nus.edu.sg/search?q=PDF","85-96","Free outreach","https://ratpdf.com/research/attachment-size-limits","email attachment size limits","Cite original research table in IT help article","P1","Not started"
"H-759","High value","PDF to Text","Resource page","nus.edu.sg","https://www.nus.edu.sg/search?q=PDF","85-96","Free outreach","https://ratpdf.com/pdf-to-txt/how-do-i-convert-pdf-to-text","convert PDF to text","Student workflow: extract readings for notes","P1","Not started"
"H-760","High value","PDF to Text","Resource page","nus.edu.sg","https://www.nus.edu.sg/search?q=PDF","85-96","Free outreach","https://ratpdf.com/pdf-to-txt/pdf-to-text-online","PDF to text online","Alternative to Adobe export for students","P1","Not started"
"H-761","High value","OCR","Resource page","nus.edu.sg","https://www.nus.edu.sg/search?q=PDF","85-96","Free outreach","https://ratpdf.com/guides/ocr-pdf","OCR PDF searchable","Accessibility: make scanned PDFs searchable for screen readers","P1","Not started"
"H-762","High value","OCR","Resource page","nus.edu.sg","https://www.nus.edu.sg/search?q=PDF","85-96","Free outreach","https://ratpdf.com/pdf-to-txt/ocr-pdf-to-text","OCR PDF to text","Library digitization scan-to-text workflow","P1","Not started"
"H-763","High value","Compress PDF","Resource page","ntu.edu.sg","https://www.ntu.edu.sg/search?q=PDF","85-96","Free outreach","https://ratpdf.com/compress-pdf","compress PDF online free","Campus email attachment limits - link to compression hub + size checker","P1","Not started"
"H-764","High value","Compress PDF","Resource page","ntu.edu.sg","https://www.ntu.edu.sg/search?q=PDF","85-96","Free outreach","https://ratpdf.com/research/attachment-size-limits","email attachment size limits","Cite original research table in IT help article","P1","Not started"
"H-765","High value","PDF to Text","Resource page","ntu.edu.sg","https://www.ntu.edu.sg/search?q=PDF","85-96","Free outreach","https://ratpdf.com/pdf-to-txt/how-do-i-convert-pdf-to-text","convert PDF to text","Student workflow: extract readings for notes","P1","Not started"
"H-766","High value","PDF to Text","Resource page","ntu.edu.sg","https://www.ntu.edu.sg/search?q=PDF","85-96","Free outreach","https://ratpdf.com/pdf-to-txt/pdf-to-text-online","PDF to text online","Alternative to Adobe export for students","P1","Not started"
"H-767","High value","OCR","Resource page","ntu.edu.sg","https://www.ntu.edu.sg/search?q=PDF","85-96","Free outreach","https://ratpdf.com/guides/ocr-pdf","OCR PDF searchable","Accessibility: make scanned PDFs searchable for screen readers","P1","Not started"
"H-768","High value","OCR","Resource page","ntu.edu.sg","https://www.ntu.edu.sg/search?q=PDF","85-96","Free outreach","https://ratpdf.com/pdf-to-txt/ocr-pdf-to-text","OCR PDF to text","Library digitization scan-to-text workflow","P1","Not started"
"H-769","High value","Compress PDF","Resource page","smu.edu.sg","https://www.smu.edu.sg/search?q=PDF","85-96","Free outreach","https://ratpdf.com/compress-pdf","compress PDF online free","Campus email attachment limits - link to compression hub + size checker","P1","Not started"
"H-770","High value","Compress PDF","Resource page","smu.edu.sg","https://www.smu.edu.sg/search?q=PDF","85-96","Free outreach","https://ratpdf.com/research/attachment-size-limits","email attachment size limits","Cite original research table in IT help article","P1","Not started"
"H-771","High value","PDF to Text","Resource page","smu.edu.sg","https://www.smu.edu.sg/search?q=PDF","85-96","Free outreach","https://ratpdf.com/pdf-to-txt/how-do-i-convert-pdf-to-text","convert PDF to text","Student workflow: extract readings for notes","P1","Not started"
"H-772","High value","PDF to Text","Resource page","smu.edu.sg","https://www.smu.edu.sg/search?q=PDF","85-96","Free outreach","https://ratpdf.com/pdf-to-txt/pdf-to-text-online","PDF to text online","Alternative to Adobe export for students","P1","Not started"
"H-773","High value","OCR","Resource page","smu.edu.sg","https://www.smu.edu.sg/search?q=PDF","85-96","Free outreach","https://ratpdf.com/guides/ocr-pdf","OCR PDF searchable","Accessibility: make scanned PDFs searchable for screen readers","P1","Not started"
"H-774","High value","OCR","Resource page","smu.edu.sg","https://www.smu.edu.sg/search?q=PDF","85-96","Free outreach","https://ratpdf.com/pdf-to-txt/ocr-pdf-to-text","OCR PDF to text","Library digitization scan-to-text workflow","P1","Not started"
"H-775","High value","Compress PDF","Resource page","iitd.ac.in","https://www.iitd.ac.in/search?q=PDF","85-96","Free outreach","https://ratpdf.com/compress-pdf","compress PDF online free","Campus email attachment limits - link to compression hub + size checker","P1","Not started"
"H-776","High value","Compress PDF","Resource page","iitd.ac.in","https://www.iitd.ac.in/search?q=PDF","85-96","Free outreach","https://ratpdf.com/research/attachment-size-limits","email attachment size limits","Cite original research table in IT help article","P1","Not started"
"H-777","High value","PDF to Text","Resource page","iitd.ac.in","https://www.iitd.ac.in/search?q=PDF","85-96","Free outreach","https://ratpdf.com/pdf-to-txt/how-do-i-convert-pdf-to-text","convert PDF to text","Student workflow: extract readings for notes","P1","Not started"
"H-778","High value","PDF to Text","Resource page","iitd.ac.in","https://www.iitd.ac.in/search?q=PDF","85-96","Free outreach","https://ratpdf.com/pdf-to-txt/pdf-to-text-online","PDF to text online","Alternative to Adobe export for students","P1","Not started"
"H-779","High value","OCR","Resource page","iitd.ac.in","https://www.iitd.ac.in/search?q=PDF","85-96","Free outreach","https://ratpdf.com/guides/ocr-pdf","OCR PDF searchable","Accessibility: make scanned PDFs searchable for screen readers","P1","Not started"
"H-780","High value","OCR","Resource page","iitd.ac.in","https://www.iitd.ac.in/search?q=PDF","85-96","Free outreach","https://ratpdf.com/pdf-to-txt/ocr-pdf-to-text","OCR PDF to text","Library digitization scan-to-text workflow","P1","Not started"
"H-781","High value","Compress PDF","Resource page","iitk.ac.in","https://www.iitk.ac.in/search?q=PDF","85-96","Free outreach","https://ratpdf.com/compress-pdf","compress PDF online free","Campus email attachment limits - link to compression hub + size checker","P1","Not started"
"H-782","High value","Compress PDF","Resource page","iitk.ac.in","https://www.iitk.ac.in/search?q=PDF","85-96","Free outreach","https://ratpdf.com/research/attachment-size-limits","email attachment size limits","Cite original research table in IT help article","P1","Not started"
"H-783","High value","PDF to Text","Resource page","iitk.ac.in","https://www.iitk.ac.in/search?q=PDF","85-96","Free outreach","https://ratpdf.com/pdf-to-txt/how-do-i-convert-pdf-to-text","convert PDF to text","Student workflow: extract readings for notes","P1","Not started"
"H-784","High value","PDF to Text","Resource page","iitk.ac.in","https://www.iitk.ac.in/search?q=PDF","85-96","Free outreach","https://ratpdf.com/pdf-to-txt/pdf-to-text-online","PDF to text online","Alternative to Adobe export for students","P1","Not started"
"H-785","High value","OCR","Resource page","iitk.ac.in","https://www.iitk.ac.in/search?q=PDF","85-96","Free outreach","https://ratpdf.com/guides/ocr-pdf","OCR PDF searchable","Accessibility: make scanned PDFs searchable for screen readers","P1","Not started"
"H-786","High value","OCR","Resource page","iitk.ac.in","https://www.iitk.ac.in/search?q=PDF","85-96","Free outreach","https://ratpdf.com/pdf-to-txt/ocr-pdf-to-text","OCR PDF to text","Library digitization scan-to-text workflow","P1","Not started"
"H-787","High value","Compress PDF","Resource page","iitm.ac.in","https://www.iitm.ac.in/search?q=PDF","85-96","Free outreach","https://ratpdf.com/compress-pdf","compress PDF online free","Campus email attachment limits - link to compression hub + size checker","P1","Not started"
"H-788","High value","Compress PDF","Resource page","iitm.ac.in","https://www.iitm.ac.in/search?q=PDF","85-96","Free outreach","https://ratpdf.com/research/attachment-size-limits","email attachment size limits","Cite original research table in IT help article","P1","Not started"
"H-789","High value","PDF to Text","Resource page","iitm.ac.in","https://www.iitm.ac.in/search?q=PDF","85-96","Free outreach","https://ratpdf.com/pdf-to-txt/how-do-i-convert-pdf-to-text","convert PDF to text","Student workflow: extract readings for notes","P1","Not started"
"H-790","High value","PDF to Text","Resource page","iitm.ac.in","https://www.iitm.ac.in/search?q=PDF","85-96","Free outreach","https://ratpdf.com/pdf-to-txt/pdf-to-text-online","PDF to text online","Alternative to Adobe export for students","P1","Not started"
"H-791","High value","OCR","Resource page","iitm.ac.in","https://www.iitm.ac.in/search?q=PDF","85-96","Free outreach","https://ratpdf.com/guides/ocr-pdf","OCR PDF searchable","Accessibility: make scanned PDFs searchable for screen readers","P1","Not started"
"H-792","High value","OCR","Resource page","iitm.ac.in","https://www.iitm.ac.in/search?q=PDF","85-96","Free outreach","https://ratpdf.com/pdf-to-txt/ocr-pdf-to-text","OCR PDF to text","Library digitization scan-to-text workflow","P1","Not started"
"H-793","High value","Compress PDF","Resource page","iitkgp.ac.in","https://www.iitkgp.ac.in/search?q=PDF","85-96","Free outreach","https://ratpdf.com/compress-pdf","compress PDF online free","Campus email attachment limits - link to compression hub + size checker","P1","Not started"
"H-794","High value","Compress PDF","Resource page","iitkgp.ac.in","https://www.iitkgp.ac.in/search?q=PDF","85-96","Free outreach","https://ratpdf.com/research/attachment-size-limits","email attachment size limits","Cite original research table in IT help article","P1","Not started"
"H-795","High value","PDF to Text","Resource page","iitkgp.ac.in","https://www.iitkgp.ac.in/search?q=PDF","85-96","Free outreach","https://ratpdf.com/pdf-to-txt/how-do-i-convert-pdf-to-text","convert PDF to text","Student workflow: extract readings for notes","P1","Not started"
"H-796","High value","PDF to Text","Resource page","iitkgp.ac.in","https://www.iitkgp.ac.in/search?q=PDF","85-96","Free outreach","https://ratpdf.com/pdf-to-txt/pdf-to-text-online","PDF to text online","Alternative to Adobe export for students","P1","Not started"
"H-797","High value","OCR","Resource page","iitkgp.ac.in","https://www.iitkgp.ac.in/search?q=PDF","85-96","Free outreach","https://ratpdf.com/guides/ocr-pdf","OCR PDF searchable","Accessibility: make scanned PDFs searchable for screen readers","P1","Not started"
"H-798","High value","OCR","Resource page","iitkgp.ac.in","https://www.iitkgp.ac.in/search?q=PDF","85-96","Free outreach","https://ratpdf.com/pdf-to-txt/ocr-pdf-to-text","OCR PDF to text","Library digitization scan-to-text workflow","P1","Not started"
"H-799","High value","Compress PDF","Resource page","bits-pilani.ac.in","https://www.bits-pilani.ac.in/search?q=PDF","85-96","Free outreach","https://ratpdf.com/compress-pdf","compress PDF online free","Campus email attachment limits - link to compression hub + size checker","P1","Not started"
"H-800","High value","Compress PDF","Resource page","bits-pilani.ac.in","https://www.bits-pilani.ac.in/search?q=PDF","85-96","Free outreach","https://ratpdf.com/research/attachment-size-limits","email attachment size limits","Cite original research table in IT help article","P1","Not started"
"H-801","High value","PDF to Text","Resource page","bits-pilani.ac.in","https://www.bits-pilani.ac.in/search?q=PDF","85-96","Free outreach","https://ratpdf.com/pdf-to-txt/how-do-i-convert-pdf-to-text","convert PDF to text","Student workflow: extract readings for notes","P1","Not started"
"H-802","High value","PDF to Text","Resource page","bits-pilani.ac.in","https://www.bits-pilani.ac.in/search?q=PDF","85-96","Free outreach","https://ratpdf.com/pdf-to-txt/pdf-to-text-online","PDF to text online","Alternative to Adobe export for students","P1","Not started"
"H-803","High value","OCR","Resource page","bits-pilani.ac.in","https://www.bits-pilani.ac.in/search?q=PDF","85-96","Free outreach","https://ratpdf.com/guides/ocr-pdf","OCR PDF searchable","Accessibility: make scanned PDFs searchable for screen readers","P1","Not started"
"H-804","High value","OCR","Resource page","bits-pilani.ac.in","https://www.bits-pilani.ac.in/search?q=PDF","85-96","Free outreach","https://ratpdf.com/pdf-to-txt/ocr-pdf-to-text","OCR PDF to text","Library digitization scan-to-text workflow","P1","Not started"
"H-805","High value","Compress PDF","Resource page","du.ac.in","https://www.du.ac.in/search?q=PDF","85-96","Free outreach","https://ratpdf.com/compress-pdf","compress PDF online free","Campus email attachment limits - link to compression hub + size checker","P1","Not started"
"H-806","High value","Compress PDF","Resource page","du.ac.in","https://www.du.ac.in/search?q=PDF","85-96","Free outreach","https://ratpdf.com/research/attachment-size-limits","email attachment size limits","Cite original research table in IT help article","P1","Not started"
"H-807","High value","PDF to Text","Resource page","du.ac.in","https://www.du.ac.in/search?q=PDF","85-96","Free outreach","https://ratpdf.com/pdf-to-txt/how-do-i-convert-pdf-to-text","convert PDF to text","Student workflow: extract readings for notes","P1","Not started"
"H-808","High value","PDF to Text","Resource page","du.ac.in","https://www.du.ac.in/search?q=PDF","85-96","Free outreach","https://ratpdf.com/pdf-to-txt/pdf-to-text-online","PDF to text online","Alternative to Adobe export for students","P1","Not started"
"H-809","High value","OCR","Resource page","du.ac.in","https://www.du.ac.in/search?q=PDF","85-96","Free outreach","https://ratpdf.com/guides/ocr-pdf","OCR PDF searchable","Accessibility: make scanned PDFs searchable for screen readers","P1","Not started"
"H-810","High value","OCR","Resource page","du.ac.in","https://www.du.ac.in/search?q=PDF","85-96","Free outreach","https://ratpdf.com/pdf-to-txt/ocr-pdf-to-text","OCR PDF to text","Library digitization scan-to-text workflow","P1","Not started"
"H-811","High value","Compress PDF","Resource page","jnu.ac.in","https://www.jnu.ac.in/search?q=PDF","85-96","Free outreach","https://ratpdf.com/compress-pdf","compress PDF online free","Campus email attachment limits - link to compression hub + size checker","P1","Not started"
"H-812","High value","Compress PDF","Resource page","jnu.ac.in","https://www.jnu.ac.in/search?q=PDF","85-96","Free outreach","https://ratpdf.com/research/attachment-size-limits","email attachment size limits","Cite original research table in IT help article","P1","Not started"
"H-813","High value","PDF to Text","Resource page","jnu.ac.in","https://www.jnu.ac.in/search?q=PDF","85-96","Free outreach","https://ratpdf.com/pdf-to-txt/how-do-i-convert-pdf-to-text","convert PDF to text","Student workflow: extract readings for notes","P1","Not started"
"H-814","High value","PDF to Text","Resource page","jnu.ac.in","https://www.jnu.ac.in/search?q=PDF","85-96","Free outreach","https://ratpdf.com/pdf-to-txt/pdf-to-text-online","PDF to text online","Alternative to Adobe export for students","P1","Not started"
"H-815","High value","OCR","Resource page","jnu.ac.in","https://www.jnu.ac.in/search?q=PDF","85-96","Free outreach","https://ratpdf.com/guides/ocr-pdf","OCR PDF searchable","Accessibility: make scanned PDFs searchable for screen readers","P1","Not started"
"H-816","High value","OCR","Resource page","jnu.ac.in","https://www.jnu.ac.in/search?q=PDF","85-96","Free outreach","https://ratpdf.com/pdf-to-txt/ocr-pdf-to-text","OCR PDF to text","Library digitization scan-to-text workflow","P1","Not started"
"H-817","High value","Compress PDF","Resource page","ignou.ac.in","https://www.ignou.ac.in/search?q=PDF","85-96","Free outreach","https://ratpdf.com/compress-pdf","compress PDF online free","Campus email attachment limits - link to compression hub + size checker","P1","Not started"
"H-818","High value","Compress PDF","Resource page","ignou.ac.in","https://www.ignou.ac.in/search?q=PDF","85-96","Free outreach","https://ratpdf.com/research/attachment-size-limits","email attachment size limits","Cite original research table in IT help article","P1","Not started"
"H-819","High value","PDF to Text","Resource page","ignou.ac.in","https://www.ignou.ac.in/search?q=PDF","85-96","Free outreach","https://ratpdf.com/pdf-to-txt/how-do-i-convert-pdf-to-text","convert PDF to text","Student workflow: extract readings for notes","P1","Not started"
"H-820","High value","PDF to Text","Resource page","ignou.ac.in","https://www.ignou.ac.in/search?q=PDF","85-96","Free outreach","https://ratpdf.com/pdf-to-txt/pdf-to-text-online","PDF to text online","Alternative to Adobe export for students","P1","Not started"
"H-821","High value","OCR","Resource page","ignou.ac.in","https://www.ignou.ac.in/search?q=PDF","85-96","Free outreach","https://ratpdf.com/guides/ocr-pdf","OCR PDF searchable","Accessibility: make scanned PDFs searchable for screen readers","P1","Not started"
"H-822","High value","OCR","Resource page","ignou.ac.in","https://www.ignou.ac.in/search?q=PDF","85-96","Free outreach","https://ratpdf.com/pdf-to-txt/ocr-pdf-to-text","OCR PDF to text","Library digitization scan-to-text workflow","P1","Not started"
"H-823","High value","Compress PDF","Resource page","support.google.com","https://support.google.com/mail/answer/6584","99","Free outreach","https://ratpdf.com/research/attachment-size-limits","Gmail attachment size limits","Suggest citing RatPDF limits research in community answers","P0","Not started"
"H-824","High value","Compress PDF","Resource page","support.microsoft.com","https://support.microsoft.com/en-us/office/restrictions-in-outlook","99","Free outreach","https://ratpdf.com/research/attachment-size-limits","Outlook attachment limits","Cross-reference attachment limits study","P0","Not started"
"H-825","High value","Compress PDF","Resource page","support.apple.com","https://support.apple.com/mail","99","Free outreach","https://ratpdf.com/compress-pdf-for-email","compress PDF for Mail","Mac Mail large attachment help","P1","Not started"
"H-826","High value","Compress PDF","Blog mention","dropbox.com","https://blog.dropbox.com/","94","Free outreach","https://ratpdf.com/pdf/compress","compress PDF before upload","Cloud storage PDF size tips","P1","Not started"
"H-827","High value","Compress PDF","Blog mention","box.com","https://blog.box.com/","88","Free outreach","https://ratpdf.com/pdf/compress","reduce PDF file size","Enterprise file sharing limits","P2","Not started"
"H-828","High value","OCR","Resource page","loc.gov","https://www.loc.gov/preservation/","95","Free outreach","https://ratpdf.com/pdf/ocrpdf","OCR digitization","Library of Congress digitization resources","P0","Not started"
"H-829","High value","OCR","Resource page","dp.la","https://dp.la/","82","Free outreach","https://ratpdf.com/pdf/ocrpdf","OCR scanned documents","Digital Public Library of America","P1","Not started"
"H-830","High value","OCR","Resource page","europeana.eu","https://www.europeana.eu/","85","Free outreach","https://ratpdf.com/pdf/ocrpdf","OCR PDF","European digitization hub","P1","Not started"
"H-831","High value","OCR","Resource page","digitalpreservation.gov","https://digitalpreservation.gov/","80","Free outreach","https://ratpdf.com/guides/ocr-pdf","searchable PDF","NDIIPP preservation guidelines","P0","Not started"
"H-832","High value","OCR","Resource page","wiki.digitalpreservation.gov","https://wiki.digitalpreservation.gov/","80","Free outreach","https://ratpdf.com/guides/ocr-pdf","OCR text layer","Add tool to wiki resource list","P1","Not started"
"H-833","High value","PDF to Text","Resource page","guides.lib.berkeley.edu","https://guides.lib.berkeley.edu/","93","Free outreach","https://ratpdf.com/pdf-to-txt/how-do-i-convert-pdf-to-text","extract text from PDF","LibGuide for research PDF extraction","P0","Not started"
"H-834","High value","PDF to Text","Resource page","guides.library.harvard.edu","https://guides.library.harvard.edu/","96","Free outreach","https://ratpdf.com/pdf-to-txt/extract-text-from-pdf","PDF text extraction","Harvard library research guide","P0","Not started"
"H-835","High value","PDF to Text","Resource page","guides.nyu.edu","https://guides.nyu.edu/","92","Free outreach","https://ratpdf.com/pdf-to-txt/pdf-to-text-online","PDF to text","NYU library student guide","P0","Not started"
"H-836","High value","Compress PDF","Resource page","guides.lib.utexas.edu","https://guides.lib.utexas.edu/","93","Free outreach","https://ratpdf.com/compress-pdf","compress PDF","Submitting large PDFs to LMS","P0","Not started"
"H-837","High value","OCR","Resource page","guides.lib.utexas.edu","https://guides.lib.utexas.edu/","93","Free outreach","https://ratpdf.com/pdf-to-txt/how-scanned-pdf-to-text","scanned PDF to text","Digitization for research","P0","Not started"
"H-838","High value","Compress PDF","Editorial","practicallaw.com","https://www.practicallaw.com/","75","Free outreach",,"PDF tools for lawyers","Thomson Reuters legal workflow","P1","Not started"
"H-839","High value","OCR","Editorial","law360.com","https://www.law360.com/","85","Free outreach",,"PDF redaction OCR","Legal tech discovery workflows","P2","Not started"
"H-840","High value","Compress PDF","Blog mention","accountingweb.co.uk","https://www.accountingweb.co.uk/","72","Free outreach",,"compress bank statement PDF","Accountant PDF workflows","P1","Not started"
"H-841","High value","PDF to Text","Blog mention","journalofaccountancy.com","https://www.journalofaccountancy.com/","78","Free outreach","https://ratpdf.com/pdf/pdftotext","PDF to Excel/text","Extract tables from client PDFs","P1","Not started"
"H-842","High value","OCR","Resource page","webaim.org","https://webaim.org/techniques/acrobat/","82","Free outreach","https://ratpdf.com/guides/ocr-pdf","accessible PDF OCR","WebAIM accessible PDF techniques","P0","Not started"
"H-843","High value","OCR","Resource page","w3.org","https://www.w3.org/WAI/WCAG21/Understanding/","99","Free outreach","https://ratpdf.com/guides/ocr-pdf","searchable PDF","WCAG PDF accessibility resources","P0","Not started"
"H-844","High value","Compress PDF","Resource page","wcag.com","https://www.wcag.com/","65","Free outreach","https://ratpdf.com/pdf/compress","optimize PDF size","Accessible PDF file size balance","P2","Not started"
"H-845","High value","Compress PDF","Blog mention","lifehacker.com","https://lifehacker.com/tag/pdf","90","Free outreach","https://ratpdf.com/compress-pdf-for-email","compress PDF email","Update attachment size article","P0","Not started"
"H-846","High value","PDF to Text","Resource page","scholar.google.com","https://scholar.google.com/","99","Free outreach","https://ratpdf.com/pdf-to-txt/how-do-i-convert-pdf-to-text","extract PDF text","Student research workflow cite","P1","Not started"
"H-847","High value","OCR","Resource page","archives.gov","https://www.archives.gov/preservation/","92","Free outreach","https://ratpdf.com/guides/ocr-pdf","OCR digitization","NARA preservation resources","P0","Not started"
"H-848","High value","OCR","Resource page","si.edu","https://www.si.edu/","90","Free outreach","https://ratpdf.com/pdf/ocrpdf","OCR scanned documents","Smithsonian digitization","P1","Not started"
"H-849","High value","Compress PDF","Resource page","mozilla.org","https://support.mozilla.org/","94","Free outreach","https://ratpdf.com/research/attachment-size-limits","email attachment limits","Thunderbird help article","P1","Not started"
"H-850","High value","PDF to Text","Blog mention","towardsdatascience.com","https://towardsdatascience.com/","88","Free outreach","https://ratpdf.com/pdf-to-txt/extract-text-from-pdf","PDF text extraction","Data pipeline PDF parsing article","P1","Not started"
"H-851","High value","OCR","Resource page","loc.gov","https://www.loc.gov/standards/","95","Free outreach","https://ratpdf.com/guides/ocr-pdf","searchable PDF","LOC standards for digitization","P0","Not started"
"H-852","High value","Compress PDF","SaaS listing","trustradius.com","https://www.trustradius.com/","80","Free outreach","https://ratpdf.com/compare","RatPDF","Free vendor profile","P1","Not started"
"H-853","High value","PDF to Text","SaaS listing","softwareworld.co","https://www.softwareworld.co/","55","Free outreach","https://ratpdf.com/pdf/pdftotext","PDF to text","Free software listing","P2","Not started"
