"SortRank","Week","SourceId","Category","Tier","OutreachType","iLovePDF_Has_Link","Priority","Cluster","TargetType","Domain","SiteName","TargetUrl","Contact","DR_Est","Cost","RatPDF_Page","Anchor_Text","Pitch","Status"
"1","1","L-16","Free listing","A","Directory submit","Yes","P0","","SaaS listing","capterra.com","Capterra","https://www.capterra.com/vendors/sign-up","https://www.capterra.com/vendors/sign-up","93","Free profile","https://ratpdf.com/compare","RatPDF","Gartner Digital Markets network.","Not started"
"2","1","L-14","Free listing","A","Directory submit","Yes","P0","","Software directory","softonic.com","Softonic","https://developers.softonic.com/","https://developers.softonic.com/","93","Free","https://ratpdf.com/pdf/compress","RatPDF","Developer portal submission.","Not started"
"3","1","L-19","Free listing","A","Directory submit","Yes","P0","","Review platform","trustpilot.com","Trustpilot","https://business.trustpilot.com/signup","https://business.trustpilot.com/signup","93","Free","https://ratpdf.com/guides/pdf-tools","RatPDF","Trust signal; not pure SEO but brand.","Not started"
"4","1","L-11","Free listing","A","Directory submit","Yes","P0","","Software directory","sourceforge.net","SourceForge","https://sourceforge.net/projects/new","https://sourceforge.net/projects/new","92","Free","https://ratpdf.com/guides/pdf-tools","RatPDF","Long-tail download traffic.","Not started"
"5","1","L-1","Free listing","A","Directory submit","Yes","P0","","SaaS listing","alternativeto.net","AlternativeTo","https://alternativeto.net/manage/add-application/","https://alternativeto.net/manage/add-application/","91","Free","https://ratpdf.com/compare","RatPDF - free PDF tools","List as iLovePDF/Smallpdf alternative. Tag: PDF, compress, OCR.","Not started"
"6","1","L-147","Free listing","A","Directory submit","Yes","P0","","Company profile","crunchbase.com","Crunchbase","https://www.crunchbase.com/add-company","https://www.crunchbase.com/add-company","91","Free basic","https://ratpdf.com/guides/pdf-tools","RatPDF","Brand entity; basic profile free.","Not started"
"7","1","L-15","Free listing","A","Directory submit","Yes","P0","","SaaS listing","g2.com","G2","https://www.g2.com/products/new","https://www.g2.com/products/new","91","Free profile","https://ratpdf.com/compare","RatPDF","Free vendor profile; reviews boost visibility.","Not started"
"8","1","L-12","Free listing","A","Directory submit","Yes","P0","","Software directory","softpedia.com","Softpedia","https://www.softpedia.com/user/submit.shtml","https://www.softpedia.com/user/submit.shtml","91","Free","https://ratpdf.com/pdf/compress","RatPDF","Editorial review; quality listing.","Not started"
"9","1","L-2","Free listing","A","Directory submit","Yes","P0","","SaaS listing","producthunt.com","Product Hunt","https://www.producthunt.com/posts/new","https://www.producthunt.com/posts/new","90","Free","https://ratpdf.com/guides/pdf-tools","RatPDF","Launch day drives traffic + DR90 link. Prepare gallery + maker comment.","Not started"
"10","1","L-17","Free listing","A","Directory submit","Yes","P0","","SaaS listing","getapp.com","GetApp","https://www.getapp.com/vendors/sign-up","https://www.getapp.com/vendors/sign-up","88","Free profile","https://ratpdf.com/guides/pdf-tools","RatPDF","Same vendor network as Capterra.","Not started"
"11","1","L-18","Free listing","A","Directory submit","Yes","P0","","SaaS listing","softwareadvice.com","Software Advice","https://www.softwareadvice.com/vendors/","https://www.softwareadvice.com/vendors/","86","Free profile","https://ratpdf.com/compare","RatPDF","PDF software category.","Not started"
"12","1","L-13","Free listing","A","Directory submit","Yes","P0","","Software directory","filehippo.com","FileHippo","https://filehippo.com/form-submit-software/","https://filehippo.com/form-submit-software/","85","Free","https://ratpdf.com/guides/pdf-tools","RatPDF","Web app listing path.","Not started"
"13","1","L-3","Free listing","A","Directory submit","Yes","P1","","SaaS listing","saashub.com","SaaSHub","https://www.saashub.com/submit","https://www.saashub.com/submit","72","Free","https://ratpdf.com/compare","RatPDF","Compare vs Adobe/iLovePDF.","Not started"
"14","1","L-108","Free listing","B","Editorial pitch","Yes","P0","","Editorial","academic.oup.com","Oxford Academic","https://academic.oup.com/pages/contact","https://academic.oup.com/pages/contact","94","Free cite","https://ratpdf.com/pdf/ocrpdf","OCR digitization","Library science citations.","Not started"
"15","1","L-47","Free listing","B","Editorial pitch","Yes","P0","","Editorial","hbr.org","Harvard Business Review","https://hbr.org/guidelines-for-authors-web","https://hbr.org/guidelines-for-authors-web","94","Free pitch","https://ratpdf.com/resources","freelancer invoicing","Long shot; invoicing statistics angle.","Not started"
"16","1","L-97","Free listing","B","Editorial pitch","Yes","P0","","Editorial","wired.com","Wired","https://www.wired.com/about/feedback/","https://www.wired.com/about/feedback/","94","Free pitch","https://ratpdf.com/resources","document privacy","Privacy angle on browser tools.","Not started"
"17","1","L-93","Free listing","B","Editorial pitch","Yes","P0","","Editorial","cnet.com","CNET","https://www.cnet.com/contact/","https://www.cnet.com/contact/","93","Free pitch","https://ratpdf.com/compare","free PDF editor","Download/editor alternative lists.","Not started"
"18","1","L-98","Free listing","B","Editorial pitch","Yes","P0","","Editorial","mashable.com","Mashable","https://mashable.com/about/contact","https://mashable.com/about/contact","93","Free pitch","https://ratpdf.com/pdf/compress","compress PDF","Life hacks / productivity.","Not started"
"19","1","L-96","Free listing","B","Editorial pitch","Yes","P0","","Editorial","theverge.com","The Verge","https://www.theverge.com/contact","https://www.theverge.com/contact","93","Free pitch","https://ratpdf.com/guides/pdf-tools","PDF tools","Long shot product story.","Not started"
"20","1","L-41","Free listing","B","Editorial pitch","Yes","P0","","Editorial","pcmag.com","PCMag","https://www.pcmag.com/about/contact-the-editors","https://www.pcmag.com/about/contact-the-editors","92","Free pitch","https://ratpdf.com/compare","RatPDF","Pitch free PDF toolkit vs paid.","Not started"
"21","1","L-88","Free listing","B","Editorial pitch","Yes","P0","","Editorial","smallbusiness.chron.com","Chron SMB","https://smallbusiness.chron.com/contact-us","https://smallbusiness.chron.com/contact-us","92","Free pitch","https://ratpdf.com/resources","small business PDF","SMB document workflow.","Not started"
"22","1","L-90","Free listing","B","Editorial pitch","Yes","P0","","Editorial","techradar.com","TechRadar","https://www.techradar.com/news/contact-us","https://www.techradar.com/news/contact-us","92","Free pitch","https://ratpdf.com/compare","RatPDF vs Adobe","Best free PDF software list.","Not started"
"23","1","L-95","Free listing","B","Editorial pitch","Yes","P0","","Editorial","zdnet.com","ZDNet","https://www.zdnet.com/contact/","https://www.zdnet.com/contact/","92","Free pitch","https://ratpdf.com/compare","RatPDF","Business tech software.","Not started"
"24","1","L-92","Free listing","B","Editorial pitch","Yes","P0","","Editorial","digitaltrends.com","Digital Trends","https://www.digitaltrends.com/contact/","https://www.digitaltrends.com/contact/","91","Free pitch","https://ratpdf.com/compare","PDF tools","Software best-of outreach.","Not started"
"25","1","L-51","Free listing","B","Editorial pitch","Yes","P0","","Blog mention","freelancer.com","Freelancer.com Blog","https://www.freelancer.com/community/","https://www.freelancer.com/community/","91","Free","https://ratpdf.com/resources","invoice PDF","Freelancer invoicing stats outreach.","Not started"
"26","2","L-43","Free listing","B","Editorial pitch","Yes","P0","","Editorial","howtogeek.com","How-To Geek","https://www.howtogeek.com/contact/","https://www.howtogeek.com/contact/","91","Free pitch","https://ratpdf.com/pdf/compress","compress PDF online","Email attachment size article.","Not started"
"27","2","L-42","Free listing","B","Editorial pitch","Yes","P0","","Editorial","makeuseof.com","MakeUseOf","https://www.makeuseof.com/about/","https://www.makeuseof.com/about/","91","Free pitch","https://ratpdf.com/compress-pdf-for-email","compress PDF for email","How-to guest post pitch.","Not started"
"28","2","L-48","Free listing","B","Editorial pitch","Yes","P0","","Editorial","smashingmagazine.com","Smashing Magazine","https://www.smashingmagazine.com/write-for-us/","https://www.smashingmagazine.com/write-for-us/","91","Free","https://ratpdf.com/resources","PDF workflow","Developer PDF/HTML article pitch.","Not started"
"29","2","H-845","High value","B","Editorial pitch","Yes","P0","Compress PDF","Blog mention","lifehacker.com","lifehacker.com","https://lifehacker.com/tag/pdf","editorial OR webmaster@lifehacker.com","90","Free outreach","https://ratpdf.com/compress-pdf-for-email","compress PDF email","Update attachment size article","Not started"
"30","2","L-99","Free listing","B","Editorial pitch","Yes","P0","","Editorial","lifehacker.com","Lifehacker","https://lifehacker.com/contact","https://lifehacker.com/contact","90","Free pitch","https://ratpdf.com/compress-pdf-for-email","email PDF too large","Classic fit - attachment limits research.","Not started"
"31","2","L-44","Free listing","B","Editorial pitch","Yes","P0","","Editorial","lifewire.com","Lifewire","https://www.lifewire.com/about-us-4778040","https://www.lifewire.com/about-us-4778040","90","Free pitch","https://ratpdf.com/pdf-to-txt/how-do-i-convert-pdf-to-text","PDF to text","Convert PDF to text tutorial update.","Not started"
"32","2","L-91","Free listing","B","Editorial pitch","Yes","P0","","Editorial","tomsguide.com","Tom's Guide","https://www.tomsguide.com/contact","https://www.tomsguide.com/contact","90","Free pitch","https://ratpdf.com/pdf/compress","compress PDF free","How-to and best-of lists.","Not started"
"33","2","L-49","Free listing","B","Editorial pitch","Yes","P0","","Editorial","css-tricks.com","CSS-Tricks","https://css-tricks.com/contact/","https://css-tricks.com/contact/","88","Free pitch","https://ratpdf.com/resources","HTML to PDF","html-to-pdf developer guide.","Not started"
"34","2","L-94","Free listing","B","Editorial pitch","Yes","P0","","Editorial","techrepublic.com","TechRepublic","https://www.techrepublic.com/contact/","https://www.techrepublic.com/contact/","88","Free pitch","https://ratpdf.com/guides/pdf-tools","PDF toolkit","Enterprise IT document tools.","Not started"
"35","2","L-50","Free listing","B","Editorial pitch","Yes","P0","","Editorial","sitepoint.com","SitePoint","https://www.sitepoint.com/write-for-us/","https://www.sitepoint.com/write-for-us/","86","Free","https://ratpdf.com/compare","RatPDF","Web dev tool roundup.","Not started"
"36","2","L-89","Free listing","B","Editorial pitch","Yes","P0","","Editorial","businessnewsdaily.com","Business News Daily","https://www.businessnewsdaily.com/contact","https://www.businessnewsdaily.com/contact","85","Free pitch","https://ratpdf.com/compare","best PDF tools","Tool roundup inclusion.","Not started"
"37","2","H-826","High value","B","Editorial pitch","Yes","P1","Compress PDF","Blog mention","dropbox.com","dropbox.com","https://blog.dropbox.com/","editorial OR webmaster@dropbox.com","94","Free outreach","https://ratpdf.com/pdf/compress","compress PDF before upload","Cloud storage PDF size tips","Not started"
"38","2","H-850","High value","B","Editorial pitch","Yes","P1","PDF to Text","Blog mention","towardsdatascience.com","towardsdatascience.com","https://towardsdatascience.com/","editorial OR webmaster@towardsdatascience.com","88","Free outreach","https://ratpdf.com/pdf-to-txt/extract-text-from-pdf","PDF text extraction","Data pipeline PDF parsing article","Not started"
"39","2","L-55","Free listing","B","Editorial pitch","Yes","P1","","Blog mention","waveapps.com","Wave Apps","https://www.waveapps.com/blog","https://www.waveapps.com/blog","80","Free pitch","https://ratpdf.com/resources","GST invoice PDF","India GST invoice checker angle.","Not started"
"40","2","H-841","High value","B","Editorial pitch","Yes","P1","PDF to Text","Blog mention","journalofaccountancy.com","journalofaccountancy.com","https://www.journalofaccountancy.com/","editorial OR webmaster@journalofaccountancy.com","78","Free outreach","https://ratpdf.com/pdf/pdftotext","PDF to Excel/text","Extract tables from client PDFs","Not started"
"41","2","H-838","High value","B","Editorial pitch","Yes","P1","Compress PDF","Editorial","practicallaw.com","practicallaw.com","https://www.practicallaw.com/","editorial OR webmaster@practicallaw.com","75","Free outreach","","PDF tools for lawyers","Thomson Reuters legal workflow","Not started"
"42","2","H-840","High value","B","Editorial pitch","Yes","P1","Compress PDF","Blog mention","accountingweb.co.uk","accountingweb.co.uk","https://www.accountingweb.co.uk/","editorial OR webmaster@accountingweb.co.uk","72","Free outreach","","compress bank statement PDF","Accountant PDF workflows","Not started"
"43","2","L-53","Free listing","B","Editorial pitch","Yes","P1","","Blog mention","bench.co","Bench Accounting","https://bench.co/blog/","https://bench.co/blog/","72","Free pitch","https://ratpdf.com/research/attachment-size-limits","PDF size limits","Accountant audience - compress bank PDFs.","Not started"
"44","2","H-827","High value","B","Editorial pitch","Yes","P2","Compress PDF","Blog mention","box.com","box.com","https://blog.box.com/","editorial OR webmaster@box.com","88","Free outreach","https://ratpdf.com/pdf/compress","reduce PDF file size","Enterprise file sharing limits","Not started"
"45","2","H-839","High value","B","Editorial pitch","Yes","P2","OCR","Editorial","law360.com","law360.com","https://www.law360.com/","editorial OR webmaster@law360.com","85","Free outreach","","PDF redaction OCR","Legal tech discovery workflows","Not started"
"46","2","L-59","Free listing","B","Editorial pitch","Yes","P2","","Editorial","lawtechnologytoday.org","Law Technology Today","https://www.lawtechnologytoday.org/about/submissions/","https://www.lawtechnologytoday.org/about/submissions/","65","Free","https://ratpdf.com/pdf-tools-for-lawyers","PDF tools","ABA Law Practice Division.","Not started"
"47","2","L-111","Free listing","A","Directory submit","Likely","P0","","Reference","scholar.google.com","Google Scholar","https://scholar.google.com/intl/en/scholar/inclusions.html","https://scholar.google.com/intl/en/scholar/inclusions.html","99","Free","https://ratpdf.com/research/pdf-compression-benchmark","PDF compression benchmark","Index research pages as publications.","Not started"
"48","2","L-83","Free listing","A","Directory submit","Likely","P0","","Blog/platform","linkedin.com","LinkedIn Articles","https://www.linkedin.com/article/new/","https://www.linkedin.com/article/new/","98","Free","https://ratpdf.com/resources","PDF tools","Ethan Brooks / Priya Sharma author profiles.","Not started"
"49","2","L-82","Free listing","A","Directory submit","Likely","P0","","Blog/platform","medium.com","Medium","https://medium.com/new-story","https://medium.com/new-story","95","Free","https://ratpdf.com/research/attachment-size-limits","email attachment limits 2026","RatPDF publication - cite research.","Not started"
"50","2","L-75","Free listing","A","Directory submit","Likely","P0","","Reference","wikidata.org","Wikidata","https://www.wikidata.org/wiki/Wikidata:Contact_us","https://www.wikidata.org/wiki/Wikidata:Contact_us","95","Free","https://ratpdf.com/compare","RatPDF","Add entity if notable; Wikipedia notability rules.","Not started"
"51","2","L-112","Free listing","A","Directory submit","Likely","P0","","Reference","researchgate.net","ResearchGate","https://www.researchgate.net/","https://www.researchgate.net/","94","Free","https://ratpdf.com/research/attachment-size-limits","attachment size limits study","Upload research PDF summary.","Not started"
"52","2","L-113","Free listing","A","Directory submit","Likely","P0","","Reference","semanticscholar.org","Semantic Scholar","https://www.semanticscholar.org/","https://www.semanticscholar.org/","88","Free","https://ratpdf.com/research/pdf-compression-benchmark","PDF compression","Research visibility.","Not started"
"53","2","L-80","Free listing","A","Directory submit","Likely","P0","","Blog/platform","dev.to","DEV Community","https://dev.to/new","https://dev.to/new","85","Free","https://ratpdf.com/research/pdf-compression-benchmark","PDF compression study","Publish benchmark methodology post.","Not started"
"54","2","L-34","Free listing","A","Directory submit","Likely","P1","","Software directory","elearningindustry.com","eLearning Industry","https://elearningindustry.com/directory/submit-software","https://elearningindustry.com/directory/submit-software","82","Free","https://ratpdf.com/pdf/pdftotext","RatPDF PDF to text","Ed/academic PDF workflows.","Not started"
"55","2","L-81","Free listing","A","Directory submit","Likely","P1","","Blog/platform","hashnode.com","Hashnode","https://hashnode.com/","https://hashnode.com/","82","Free","https://ratpdf.com/pdf-to-txt/how-do-i-convert-pdf-to-text","PDF to text","Cross-post technical guides.","Not started"
"56","3","L-110","Free listing","A","Directory submit","Likely","P1","","Directory","doaj.org","DOAJ","https://doaj.org/apply/","https://doaj.org/apply/","80","Free","https://ratpdf.com/resources","open research","If publishing open research notes.","Not started"
"57","3","L-5","Free listing","A","Directory submit","Likely","P1","","SaaS listing","stackshare.io","StackShare","https://stackshare.io/submit/tool","https://stackshare.io/submit/tool","80","Free","https://ratpdf.com/guides/pdf-tools","RatPDF","Tag under Document Management / Productivity.","Not started"
"58","3","L-146","Free listing","A","Directory submit","Likely","P1","","Startup directory","f6s.com","F6S","https://www.f6s.com/","https://www.f6s.com/","78","Free","https://ratpdf.com/guides/pdf-tools","RatPDF","Startup profile + deals.","Not started"
"59","3","L-35","Free listing","A","Directory submit","Likely","P1","","B2B directory","financesonline.com","FinancesOnline","https://financesonline.com/add-product/","https://financesonline.com/add-product/","78","Free","https://ratpdf.com/compare","RatPDF","Invoice + PDF angle for accountants.","Not started"
"60","3","L-36","Free listing","A","Directory submit","Likely","P1","","B2B directory","goodfirms.co","GoodFirms","https://www.goodfirms.co/register","https://www.goodfirms.co/register","74","Free","https://ratpdf.com/compare","RatPDF","Software development / SaaS.","Not started"
"61","3","L-4","Free listing","A","Directory submit","Likely","P1","","SaaS listing","slant.co","Slant","https://www.slant.co/topics","https://www.slant.co/topics","74","Free","https://ratpdf.com/pdf/compress","RatPDF","Add to 'best PDF compressors' and 'PDF to text' topics.","Not started"
"62","3","L-8","Free listing","A","Directory submit","Likely","P1","","Startup listing","betalist.com","BetaList","https://betalist.com/submit","https://betalist.com/submit","72","Free","https://ratpdf.com/guides/pdf-tools","RatPDF","Free queue; paid for faster.","Not started"
"63","3","L-37","Free listing","A","Directory submit","Likely","P1","","SaaS directory","softwaresuggest.com","SoftwareSuggest","https://www.softwaresuggest.com/vendors","https://www.softwaresuggest.com/vendors","72","Free","https://ratpdf.com/compare","RatPDF","India + global traffic.","Not started"
"64","3","L-40","Free listing","A","Directory submit","Likely","P1","","Review site","digital.com","Digital.com","https://digital.com/contact/","https://digital.com/contact/","70","Free","https://ratpdf.com/compare","RatPDF","Best PDF tools roundup outreach.","Not started"
"65","3","L-9","Free listing","A","Directory submit","Likely","P1","","Startup directory","startupstash.com","Startup Stash","https://startupstash.com/add-startup/","https://startupstash.com/add-startup/","70","Free","https://ratpdf.com/guides/pdf-tools","RatPDF","Productivity / SaaS category.","Not started"
"66","3","L-7","Free listing","A","Directory submit","Likely","P2","","Tool directory","futurepedia.io","Futurepedia","https://www.futurepedia.io/submit-tool","https://www.futurepedia.io/submit-tool","68","Free","https://ratpdf.com/pdf/ocrpdf","RatPDF OCR PDF","Emphasize OCR + PDF to text workflow.","Not started"
"67","3","L-144","Free listing","A","Directory submit","Likely","P2","","Industry org","pdfassociation.org","PDF Association","https://www.pdfa.org/contact/","https://www.pdfa.org/contact/","68","Free","https://ratpdf.com/resources","PDF tools research","Industry credibility.","Not started"
"68","3","L-39","Free listing","A","Directory submit","Likely","P2","","Buyer's guide","selecthub.com","SelectHub","https://www.selecthub.com/contact-us/","https://www.selecthub.com/contact-us/","65","Free","https://ratpdf.com/compare","RatPDF","Pitch for PDF tool buyer guide inclusion.","Not started"
"69","3","L-6","Free listing","A","Directory submit","Likely","P2","","AI/tool directory","toolify.ai","Toolify","https://www.toolify.ai/submit-tool","https://www.toolify.ai/submit-tool","65","Free","https://ratpdf.com/guides/pdf-tools","RatPDF PDF tools","Free tier listing available.","Not started"
"70","3","L-20","Free listing","A","Directory submit","Likely","P2","","SaaS directory","crozdesk.com","Crozdesk","https://crozdesk.com/vendors/register","https://crozdesk.com/vendors/register","62","Free","https://ratpdf.com/compare","RatPDF","B2B SaaS comparison.","Not started"
"71","3","L-24","Free listing","A","Directory submit","Likely","P2","","Startup directory","startupranking.com","Startup Ranking","https://www.startupranking.com/startup/create","https://www.startupranking.com/startup/create","60","Free","https://ratpdf.com/guides/pdf-tools","RatPDF","Global startup index.","Not started"
"72","3","L-21","Free listing","A","Directory submit","Likely","P2","","SaaS directory","saasworthy.com","SaaSworthy","https://www.saasworthy.com/submit-product","https://www.saasworthy.com/submit-product","58","Free","https://ratpdf.com/guides/pdf-tools","RatPDF","Productivity category.","Not started"
"73","3","L-38","Free listing","A","Directory submit","Likely","P2","","SaaS directory","techjockey.com","TechJockey","https://www.techjockey.com/vendors","https://www.techjockey.com/vendors","58","Free","https://ratpdf.com/guides/pdf-tools","RatPDF","Strong India SMB audience.","Not started"
"74","3","L-22","Free listing","A","Directory submit","Likely","P2","","Startup directory","killerstartups.com","KillerStartups","https://killerstartups.com/submit-startup/","https://killerstartups.com/submit-startup/","55","Free","https://ratpdf.com/guides/pdf-tools","RatPDF","Startup showcase.","Not started"
"75","3","L-10","Free listing","A","Directory submit","Likely","P2","","Open-source adjacent","libhunt.com","LibHunt","https://www.libhunt.com/submit","https://www.libhunt.com/submit","55","Free","https://ratpdf.com/compare","RatPDF","If you open-source any component later.","Not started"
"76","3","L-27","Free listing","A","Directory submit","Likely","P2","","Maker portfolio","peerlist.io","Peerlist","https://peerlist.io/","https://peerlist.io/","55","Free","https://ratpdf.com/guides/pdf-tools","RatPDF","Add project to profile.","Not started"
"77","3","L-142","Free listing","A","Directory submit","Likely","P2","","Tool directory","topai.tools","TopAI Tools","https://topai.tools/submit","https://topai.tools/submit","55","Free","https://ratpdf.com/guides/pdf-tools","RatPDF PDF tools","Free submit.","Not started"
"78","3","L-23","Free listing","A","Directory submit","Likely","P2","","Startup directory","launchingnext.com","Launching Next","https://www.launchingnext.com/submit/","https://www.launchingnext.com/submit/","52","Free","https://ratpdf.com/guides/pdf-tools","RatPDF","Free startup listing.","Not started"
"79","3","L-143","Free listing","A","Directory submit","Likely","P2","","Tool directory","aitoolsdirectory.com","AI Tools Directory","https://aitoolsdirectory.com/submit-tool","https://aitoolsdirectory.com/submit-tool","48","Free","https://ratpdf.com/pdf/ocrpdf","RatPDF OCR","OCR angle.","Not started"
"80","3","L-28","Free listing","A","Directory submit","Likely","P2","","Dev tool launch","devhunt.org","DevHunt","https://devhunt.org/submit","https://devhunt.org/submit","48","Free","https://ratpdf.com/guides/pdf-tools","RatPDF","Weekly dev tool launches.","Not started"
"81","3","L-25","Free listing","A","Directory submit","Likely","P2","","Side project listing","sideprojectors.com","SideProjectors","https://www.sideprojectors.com/submit","https://www.sideprojectors.com/submit","45","Free","https://ratpdf.com/guides/pdf-tools","RatPDF","Indie maker audience.","Not started"
"82","3","L-29","Free listing","A","Directory submit","Likely","P2","","Tool directory","toptools.io","TopTools","https://toptools.io/submit","https://toptools.io/submit","42","Free","https://ratpdf.com/pdf/compress","RatPDF compress PDF","Free submit form.","Not started"
"83","3","L-30","Free listing","A","Directory submit","Likely","P2","","Tool directory","toolfinder.co","ToolFinder","https://toolfinder.co/submit-a-tool","https://toolfinder.co/submit-a-tool","38","Free","https://ratpdf.com/pdf/ocrpdf","RatPDF OCR","OCR + PDF cluster.","Not started"
"84","3","H-823","High value","C","Resource page outreach","Likely","P0","Compress PDF","Resource page","support.google.com","support.google.com","https://support.google.com/mail/answer/6584","editorial OR webmaster@support.google.com","99","Free outreach","https://ratpdf.com/research/attachment-size-limits","Gmail attachment size limits","Suggest citing RatPDF limits research in community answers","Not started"
"85","3","H-824","High value","C","Resource page outreach","Likely","P0","Compress PDF","Resource page","support.microsoft.com","support.microsoft.com","https://support.microsoft.com/en-us/office/restrictions-in-outlook","editorial OR webmaster@support.microsoft.com","99","Free outreach","https://ratpdf.com/research/attachment-size-limits","Outlook attachment limits","Cross-reference attachment limits study","Not started"
"86","3","H-843","High value","C","Resource page outreach","Likely","P0","OCR","Resource page","w3.org","w3.org","https://www.w3.org/WAI/WCAG21/Understanding/","editorial OR webmaster@w3.org","99","Free outreach","https://ratpdf.com/guides/ocr-pdf","searchable PDF","WCAG PDF accessibility resources","Not started"
"87","3","H-834","High value","C","Resource page outreach","Likely","P0","PDF to Text","Resource page","guides.library.harvard.edu","guides.library.harvard.edu","https://guides.library.harvard.edu/","editorial OR webmaster@guides.library.harvard.edu","96","Free outreach","https://ratpdf.com/pdf-to-txt/extract-text-from-pdf","PDF text extraction","Harvard library research guide","Not started"
"88","3","L-123","Free listing","C","Resource page outreach","Likely","P0","","Resource page","harvard.edu","Harvard IT Help","https://harvard.service-now.com/ithelp","https://harvard.service-now.com/ithelp","96","Free outreach","https://ratpdf.com/pdf/compress","compress PDF","Pitch IT knowledge base inclusion.","Not started"
"89","3","L-124","Free listing","C","Resource page outreach","Likely","P0","","Resource page","berkeley.edu","UC Berkeley IST","https://technology.berkeley.edu/contact","https://technology.berkeley.edu/contact","95","Free outreach","https://ratpdf.com/guides/pdf-tools","accessible PDF","Campus accessibility PDF guides.","Not started"
"90","3","L-67","Free listing","C","Resource page outreach","Likely","P0","","Gov resource","irs.gov","IRS","https://www.irs.gov/help/contact-your-local-irs-office","https://www.irs.gov/help/contact-your-local-irs-office","95","Free cite","https://ratpdf.com/pdf/compress","compress tax PDF","Tax PDF upload size - cite limits page.","Not started"
"91","3","H-828","High value","C","Resource page outreach","Likely","P0","OCR","Resource page","loc.gov","loc.gov","https://www.loc.gov/preservation/","editorial OR webmaster@loc.gov","95","Free outreach","https://ratpdf.com/pdf/ocrpdf","OCR digitization","Library of Congress digitization resources","Not started"
"92","3","L-121","Free listing","C","Resource page outreach","Likely","P0","","Resource page","mit.edu","MIT OpenCourseWare","https://ocw.mit.edu/contact/","https://ocw.mit.edu/contact/","95","Free outreach","https://ratpdf.com/pdf/ocrpdf","OCR PDF","OCW digitization resource links.","Not started"
"93","3","L-122","Free listing","C","Resource page outreach","Likely","P0","","Resource page","stanford.edu","Stanford Online","https://online.stanford.edu/contact","https://online.stanford.edu/contact","95","Free outreach","https://ratpdf.com/pdf/pdftotext","PDF to text","IT help / student resources.","Not started"
"94","3","L-74","Free listing","C","Resource page outreach","Likely","P0","","Resource page","archive.org","Internet Archive","https://archive.org/about/contact.php","https://archive.org/about/contact.php","94","Free","https://ratpdf.com/pdf/ocrpdf","OCR PDF","Digitization community; forum/wiki links.","Not started"
"95","3","L-132","Free listing","C","Resource page outreach","Likely","P0","","Resource page","cam.ac.uk","Cambridge UIS","https://www.ucs.cam.ac.uk/contact","https://www.ucs.cam.ac.uk/contact","94","Free outreach","https://ratpdf.com/guides/pdf-tools","OCR searchable PDF","Research digitization.","Not started"
"96","3","L-68","Free listing","C","Resource page outreach","Likely","P0","","Gov resource","gov.uk","GOV.UK","https://www.gov.uk/help/contact","https://www.gov.uk/help/contact","94","Free pitch","https://ratpdf.com/pdf/compress","compress PDF","Document services for citizens.","Not started"
"97","3","L-131","Free listing","C","Resource page outreach","Likely","P0","","Resource page","ox.ac.uk","Oxford IT Services","https://www.it.ox.ac.uk/help","https://www.it.ox.ac.uk/help","94","Free outreach","https://ratpdf.com/pdf/compress","compress PDF","UK university IT help.","Not started"
"98","3","L-56","Free listing","C","Resource page outreach","Likely","P0","","Resource page","quickbooks.intuit.com","QuickBooks","https://quickbooks.intuit.com/r/","https://quickbooks.intuit.com/r/","94","Free pitch","https://ratpdf.com/resources","PDF tools for accountants","Link to /pdf-tools-for-accountants.","Not started"
"99","3","L-125","Free listing","C","Resource page outreach","Likely","P0","","Resource page","umich.edu","U Michigan ITS","https://its.umich.edu/contact","https://its.umich.edu/contact","94","Free outreach","https://ratpdf.com/pdf-to-txt/how-do-i-convert-pdf-to-text","convert PDF to text","Student tech support articles.","Not started"
"100","3","L-107","Free listing","C","Resource page outreach","Likely","P0","","Resource page","behance.net","Behance","https://www.behance.net/","https://www.behance.net/","93","Free","https://ratpdf.com/pdf/compress","compress portfolio PDF","Creative pro audience.","Not started"
"101","3","L-70","Free listing","C","Resource page outreach","Likely","P0","","Gov resource","canada.ca","Canada.ca","https://www.canada.ca/en/contact.html","https://www.canada.ca/en/contact.html","93","Free pitch","https://ratpdf.com/pdf/compress","reduce PDF size","Immigration / services PDF uploads.","Not started"
"102","3","L-104","Free listing","C","Resource page outreach","Likely","P0","","Resource/blog","canva.com","Canva Design School","https://www.canva.com/learn/","https://www.canva.com/learn/","93","Free pitch","https://ratpdf.com/pdf/compress","compress PDF for print","Design export PDF size.","Not started"
"103","3","L-130","Free listing","C","Resource page outreach","Likely","P0","","Resource page","cmu.edu","CMU Computing Services","https://www.cmu.edu/computing/contact/","https://www.cmu.edu/computing/contact/","93","Free outreach","https://ratpdf.com/pdf/pdftotext","PDF text extraction","Academic research support.","Not started"
"104","3","L-134","Free listing","C","Resource page outreach","Likely","P0","","Resource page","ed.ac.uk","Edinburgh IS","https://www.ed.ac.uk/information-services/help-consultancy","https://www.ed.ac.uk/information-services/help-consultancy","93","Free outreach","https://ratpdf.com/pdf/compress","PDF compression","UK HE IT knowledge base.","Not started"
"105","3","L-115","Free listing","C","Resource page outreach","Likely","P0","","Gov resource","epa.gov","EPA","https://www.epa.gov/utility/contact-us","https://www.epa.gov/utility/contact-us","93","Free cite","https://ratpdf.com/pdf/compress","environmental PDF forms","Form upload size guidance.","Not started"
"106","3","H-833","High value","C","Resource page outreach","Likely","P0","PDF to Text","Resource page","guides.lib.berkeley.edu","guides.lib.berkeley.edu","https://guides.lib.berkeley.edu/","editorial OR webmaster@guides.lib.berkeley.edu","93","Free outreach","https://ratpdf.com/pdf-to-txt/how-do-i-convert-pdf-to-text","extract text from PDF","LibGuide for research PDF extraction","Not started"
"107","3","H-836","High value","C","Resource page outreach","Likely","P0","Compress PDF","Resource page","guides.lib.utexas.edu","guides.lib.utexas.edu","https://guides.lib.utexas.edu/","editorial OR webmaster@guides.lib.utexas.edu","93","Free outreach","https://ratpdf.com/compress-pdf","compress PDF","Submitting large PDFs to LMS","Not started"
"108","3","L-100","Free listing","C","Resource page outreach","Likely","P0","","Resource/blog","hubspot.com","HubSpot Blog","https://blog.hubspot.com/marketing/guest-blogging","https://blog.hubspot.com/marketing/guest-blogging","93","Free pitch","https://ratpdf.com/resources","PDF marketing assets","Marketing PDF compress/merge guide.","Not started"
"109","3","L-127","Free listing","C","Resource page outreach","Likely","P0","","Resource page","illinois.edu","UIUC Tech Services","https://techservices.illinois.edu/get-help","https://techservices.illinois.edu/get-help","93","Free outreach","https://ratpdf.com/guides/pdf-tools","PDF tools","Campus software alternatives.","Not started"
"110","3","L-109","Free listing","C","Resource page outreach","Likely","P0","","Resource page","jstor.org","JSTOR","https://about.jstor.org/contact/","https://about.jstor.org/contact/","93","Free outreach","https://ratpdf.com/pdf/ocrpdf","OCR scanned documents","Research digitization resources.","Not started"
"111","3","L-52","Free listing","C","Resource page outreach","Likely","P0","","Resource page","upwork.com","Upwork Resource Center","https://www.upwork.com/resources/","https://www.upwork.com/resources/","93","Free pitch","https://ratpdf.com/resources","freelance PDF tools","Resource article on client document workflows.","Not started"
"112","3","L-66","Free listing","C","Resource page outreach","Likely","P0","","Gov resource","usa.gov","USA.gov","https://www.usa.gov/contact","https://www.usa.gov/contact","93","Free pitch","https://ratpdf.com/pdf/compress","compress PDF","Citizen services document help.","Not started"
"113","3","L-128","Free listing","C","Resource page outreach","Likely","P0","","Resource page","utexas.edu","UT Austin ITS","https://ut.service-now.com/sp","https://ut.service-now.com/sp","93","Free outreach","https://ratpdf.com/pdf/compress","reduce PDF size","Student upload portal tips.","Not started"
"114","3","L-135","Free listing","C","Resource page outreach","Likely","P0","","Resource page","utoronto.ca","U Toronto ITS","https://www.utoronto.ca/its/contact","https://www.utoronto.ca/its/contact","93","Free outreach","https://ratpdf.com/pdf-to-txt/how-do-i-convert-pdf-to-text","PDF to text","Canadian university IT.","Not started"
"115","3","L-126","Free listing","C","Resource page outreach","Likely","P0","","Resource page","washington.edu","UW IT Connect","https://itconnect.uw.edu/","https://itconnect.uw.edu/","93","Free outreach","https://ratpdf.com/compress-pdf-for-email","email PDF size","Email attachment help articles.","Not started"
"116","3","L-45","Free listing","C","Resource page outreach","Likely","P0","","Resource/blog","zapier.com","Zapier","https://zapier.com/blog/write-for-us/","https://zapier.com/blog/write-for-us/","93","Free","https://ratpdf.com/guides/pdf-tools","RatPDF","Productivity workflows with PDF.","Not started"
"117","3","H-847","High value","C","Resource page outreach","Likely","P0","OCR","Resource page","archives.gov","archives.gov","https://www.archives.gov/preservation/","editorial OR webmaster@archives.gov","92","Free outreach","https://ratpdf.com/guides/ocr-pdf","OCR digitization","NARA preservation resources","Not started"
"118","3","L-119","Free listing","C","Resource page outreach","Likely","P0","","Resource/blog","coursera.org","Coursera","https://about.coursera.org/press","https://about.coursera.org/press","92","Free pitch","https://ratpdf.com/pdf/pdftotext","PDF notes","Learner productivity article.","Not started"
"119","3","L-60","Free listing","C","Resource page outreach","Likely","P0","","Resource page","eff.org","EFF","https://www.eff.org/pages/contact","https://www.eff.org/pages/contact","92","Free pitch","https://ratpdf.com/guides/secure-pdf-workflow","PDF password protect","Digital security / document privacy.","Not started"
"120","3","L-105","Free listing","C","Resource page outreach","Likely","P0","","Resource page","figma.com","Figma Community","https://www.figma.com/community","https://www.figma.com/community","92","Free","https://ratpdf.com/pdf/compress","PDF export compress","Design handoff PDF size.","Not started"
"121","4","L-129","Free listing","C","Resource page outreach","Likely","P0","","Resource page","gatech.edu","Georgia Tech OIT","https://oit.gatech.edu/contact","https://oit.gatech.edu/contact","92","Free outreach","https://ratpdf.com/pdf/ocrpdf","OCR PDF","Research scan workflows.","Not started"
"122","4","H-835","High value","C","Resource page outreach","Likely","P0","PDF to Text","Resource page","guides.nyu.edu","guides.nyu.edu","https://guides.nyu.edu/","editorial OR webmaster@guides.nyu.edu","92","Free outreach","https://ratpdf.com/pdf-to-txt/pdf-to-text-online","PDF to text","NYU library student guide","Not started"
"123","4","L-133","Free listing","C","Resource page outreach","Likely","P0","","Resource page","imperial.ac.uk","Imperial ICT","https://www.imperial.ac.uk/admin-services/ict/contact/","https://www.imperial.ac.uk/admin-services/ict/contact/","92","Free outreach","https://ratpdf.com/guides/pdf-tools","PDF to text","Student PDF workflows.","Not started"
"124","4","L-102","Free listing","C","Resource page outreach","Likely","P0","","Resource page","notion.so","Notion Template Gallery","https://www.notion.so/templates","https://www.notion.so/templates","92","Free","https://ratpdf.com/pdf/pdftotext","PDF to text","Template creators linking PDF tools.","Not started"
"125","4","L-116","Free listing","C","Resource page outreach","Likely","P0","","Gov resource","sba.gov","SBA","https://www.sba.gov/about-sba/sba-locations","https://www.sba.gov/about-sba/sba-locations","92","Free pitch","https://ratpdf.com/resources","small business PDF tools","SMB resource page outreach.","Not started"
"126","4","L-136","Free listing","C","Resource page outreach","Likely","P0","","Resource page","ubc.ca","UBC IT","https://it.ubc.ca/contact-us","https://it.ubc.ca/contact-us","92","Free outreach","https://ratpdf.com/pdf/ocrpdf","OCR PDF","Library digitization staff.","Not started"
"127","4","L-106","Free listing","C","Resource page outreach","Likely","P0","","Resource/blog","dribbble.com","Dribbble","https://dribbble.com/stories","https://dribbble.com/stories","91","Free pitch","https://ratpdf.com/pdf/compress","portfolio PDF","Designer portfolio PDF compression.","Not started"
"128","4","L-120","Free listing","C","Resource page outreach","Likely","P0","","Resource/blog","edx.org","edX","https://www.edx.org/about-us","https://www.edx.org/about-us","91","Free pitch","https://ratpdf.com/pdf/ocrpdf","OCR lecture scans","Academic scan-to-text.","Not started"
"129","4","L-65","Free listing","C","Resource page outreach","Likely","P0","","Gov resource","nist.gov","NIST","https://www.nist.gov/contact","https://www.nist.gov/contact","91","Free cite","https://ratpdf.com/research/attachment-size-limits","document file sizes","Cite attachment limits research.","Not started"
"130","4","L-138","Free listing","C","Resource page outreach","Likely","P0","","Resource page","sydney.edu.au","Uni Sydney","https://www.sydney.edu.au/students/it.html","https://www.sydney.edu.au/students/it.html","91","Free outreach","https://ratpdf.com/pdf/pdftotext","extract PDF text","Student IT support article pitch.","Not started"
"131","4","L-137","Free listing","C","Resource page outreach","Likely","P0","","Resource page","unimelb.edu.au","Uni Melbourne","https://servicedesk.unimelb.edu.au/","https://servicedesk.unimelb.edu.au/","91","Free outreach","https://ratpdf.com/pdf/compress","compress PDF","AU student services.","Not started"
"132","4","L-103","Free listing","C","Resource page outreach","Likely","P0","","Resource page","airtable.com","Airtable Universe","https://airtable.com/universe","https://airtable.com/universe","90","Free","https://ratpdf.com/resources","invoice workflow","SMB workflow templates.","Not started"
"133","4","L-58","Free listing","C","Resource page outreach","Likely","P0","","Resource page","americanbar.org","ABA","https://www.americanbar.org/groups/","https://www.americanbar.org/groups/","90","Free pitch","https://ratpdf.com/pdf-tools-for-lawyers","PDF redaction","Legal tech resource inclusion.","Not started"
"134","4","L-118","Free listing","C","Resource page outreach","Likely","P0","","Resource page","khanacademy.org","Khan Academy","https://www.khanacademy.org/about/contact","https://www.khanacademy.org/about/contact","90","Free pitch","https://ratpdf.com/pdf/pdftotext","extract text from PDF","Student study material workflows.","Not started"
"135","4","L-139","Free listing","C","Resource page outreach","Likely","P0","","Resource page","nus.edu.sg","NUS IT","https://nusit.nus.edu.sg/contact/","https://nusit.nus.edu.sg/contact/","90","Free outreach","https://ratpdf.com/pdf/compress","compress PDF online","APAC university IT.","Not started"
"136","4","L-114","Free listing","C","Resource page outreach","Likely","P0","","Gov resource","osha.gov","OSHA","https://www.osha.gov/contact-us","https://www.osha.gov/contact-us","90","Free cite","https://ratpdf.com/pdf/compress","SDS PDF","Safety data sheet PDF handling.","Not started"
"137","4","L-69","Free listing","C","Resource page outreach","Likely","P0","","Gov resource","service.gov.uk","GDS Service Manual","https://gds.blog.gov.uk/","https://gds.blog.gov.uk/","90","Free pitch","https://ratpdf.com/guides/pdf-tools","accessible PDFs","UK gov digital service PDF guidance.","Not started"
"138","4","L-64","Free listing","C","Resource page outreach","Likely","P0","","Gov resource","ada.gov","ADA.gov","https://www.ada.gov/","https://www.ada.gov/","88","Free cite","https://ratpdf.com/guides/pdf-tools","OCR PDF","Accessible PDF creation resources.","Not started"
"139","4","L-101","Free listing","C","Resource page outreach","Likely","P0","","Resource/blog","buffer.com","Buffer Resources","https://buffer.com/resources","https://buffer.com/resources","88","Free pitch","https://ratpdf.com/pdf/compress","PDF for social","Content team PDF workflows.","Not started"
"140","4","L-140","Free listing","C","Resource page outreach","Likely","P0","","Resource page","iitb.ac.in","IIT Bombay","https://www.iitb.ac.in/en/contact","https://www.iitb.ac.in/en/contact","88","Free outreach","https://ratpdf.com/guides/pdf-tools","PDF tools","India tech student audience.","Not started"
"141","4","L-71","Free listing","C","Resource page outreach","Likely","P0","","Gov resource","ato.gov.au","ATO Australia","https://www.ato.gov.au/","https://www.ato.gov.au/","85","Free cite","https://ratpdf.com/pdf/compress","PDF file size","Tax document upload limits.","Not started"
"142","4","L-62","Free listing","C","Resource page outreach","Likely","P0","","Gov resource","digital.gov","Digital.gov","https://digital.gov/contact/","https://digital.gov/contact/","85","Free pitch","https://ratpdf.com/guides/pdf-tools","OCR PDF accessibility","Gov PDF accessibility / Section 508.","Not started"
"143","4","L-54","Free listing","C","Resource page outreach","Likely","P0","","Resource/blog","freshbooks.com","FreshBooks","https://www.freshbooks.com/hub/","https://www.freshbooks.com/hub/","85","Free pitch","https://ratpdf.com/resources","invoice PDF","SMB invoicing + PDF compress.","Not started"
"144","4","L-141","Free listing","C","Resource page outreach","Likely","P0","","Resource page","iisc.ac.in","IISc Bangalore","https://iisc.ac.in/contact/","https://iisc.ac.in/contact/","85","Free outreach","https://ratpdf.com/pdf/ocrpdf","OCR research PDF","Research scan digitization.","Not started"
"145","4","L-73","Free listing","C","Resource page outreach","Likely","P0","","Resource page","libguides.com","LibGuides (Springshare)","https://springshare.com/","https://springshare.com/","85","Free outreach","https://ratpdf.com/pdf/ocrpdf","OCR scanned PDF","Pitch university librarians - digitization guides.","Not started"
"146","4","L-46","Free listing","C","Resource page outreach","Likely","P0","","Resource","nngroup.com","Nielsen Norman Group","https://www.nngroup.com/articles/","https://www.nngroup.com/articles/","85","Free cite","https://ratpdf.com/research/attachment-size-limits","email attachment limits","Cite research in UX docs on file limits.","Not started"
"147","4","H-842","High value","C","Resource page outreach","Likely","P0","OCR","Resource page","webaim.org","webaim.org","https://webaim.org/techniques/acrobat/","editorial OR webmaster@webaim.org","82","Free outreach","https://ratpdf.com/guides/ocr-pdf","accessible PDF OCR","WebAIM accessible PDF techniques","Not started"
"148","4","H-831","High value","C","Resource page outreach","Likely","P0","OCR","Resource page","digitalpreservation.gov","digitalpreservation.gov","https://digitalpreservation.gov/","editorial OR webmaster@digitalpreservation.gov","80","Free outreach","https://ratpdf.com/guides/ocr-pdf","searchable PDF","NDIIPP preservation guidelines","Not started"
"149","4","H-846","High value","C","Resource page outreach","Likely","P1","PDF to Text","Resource page","scholar.google.com","scholar.google.com","https://scholar.google.com/","editorial OR webmaster@scholar.google.com","99","Free outreach","https://ratpdf.com/pdf-to-txt/how-do-i-convert-pdf-to-text","extract PDF text","Student research workflow cite","Not started"
"150","4","H-825","High value","C","Resource page outreach","Likely","P1","Compress PDF","Resource page","support.apple.com","support.apple.com","https://support.apple.com/mail","editorial OR webmaster@support.apple.com","99","Free outreach","https://ratpdf.com/compress-pdf-for-email","compress PDF for Mail","Mac Mail large attachment help","Not started"
"151","4","H-849","High value","C","Resource page outreach","Likely","P1","Compress PDF","Resource page","mozilla.org","mozilla.org","https://support.mozilla.org/","editorial OR webmaster@mozilla.org","94","Free outreach","https://ratpdf.com/research/attachment-size-limits","email attachment limits","Thunderbird help article","Not started"
"152","4","H-848","High value","C","Resource page outreach","Likely","P1","OCR","Resource page","si.edu","si.edu","https://www.si.edu/","editorial OR webmaster@si.edu","90","Free outreach","https://ratpdf.com/pdf/ocrpdf","OCR scanned documents","Smithsonian digitization","Not started"
"153","4","H-656","High value","C","Resource page outreach","Likely","P1","Compress PDF","Resource page","aalto.fi","aalto.fi","https://www.aalto.fi/search?q=PDF","it-help@aalto.fi OR library@aalto.fi","85-96","Free outreach","https://ratpdf.com/research/attachment-size-limits","email attachment size limits","Cite original research table in IT help article","Not started"
"154","4","H-518","High value","C","Resource page outreach","Likely","P1","Compress PDF","Resource page","adelaide.edu.au","adelaide.edu.au","https://www.adelaide.edu.au/search?q=PDF","it-help@adelaide.edu.au OR library@adelaide.edu.au","85-96","Free outreach","https://ratpdf.com/research/attachment-size-limits","email attachment size limits","Cite original research table in IT help article","Not started"
"155","4","H-500","High value","C","Resource page outreach","Likely","P1","Compress PDF","Resource page","anu.edu.au","anu.edu.au","https://www.anu.edu.au/search?q=PDF","it-help@anu.edu.au OR library@anu.edu.au","85-96","Free outreach","https://ratpdf.com/research/attachment-size-limits","email attachment size limits","Cite original research table in IT help article","Not started"
"156","4","H-290","High value","C","Resource page outreach","Likely","P1","Compress PDF","Resource page","arizona.edu","arizona.edu","https://www.arizona.edu/search?q=PDF","it-help@arizona.edu OR library@arizona.edu","85-96","Free outreach","https://ratpdf.com/research/attachment-size-limits","email attachment size limits","Cite original research table in IT help article","Not started"
"157","4","H-182","High value","C","Resource page outreach","Likely","P1","Compress PDF","Resource page","asu.edu","asu.edu","https://www.asu.edu/search?q=PDF","it-help@asu.edu OR library@asu.edu","85-96","Free outreach","https://ratpdf.com/research/attachment-size-limits","email attachment size limits","Cite original research table in IT help article","Not started"
"158","4","H-428","High value","C","Resource page outreach","Likely","P1","Compress PDF","Resource page","birmingham.ac.uk","birmingham.ac.uk","https://www.birmingham.ac.uk/search?q=PDF","it-help@birmingham.ac.uk OR library@birmingham.ac.uk","85-96","Free outreach","https://ratpdf.com/research/attachment-size-limits","email attachment size limits","Cite original research table in IT help article","Not started"
"159","4","H-800","High value","C","Resource page outreach","Likely","P1","Compress PDF","Resource page","bits-pilani.ac.in","bits-pilani.ac.in","https://www.bits-pilani.ac.in/search?q=PDF","it-help@bits-pilani.ac.in OR library@bits-pilani.ac.in","85-96","Free outreach","https://ratpdf.com/research/attachment-size-limits","email attachment size limits","Cite original research table in IT help article","Not started"
"160","4","H-164","High value","C","Resource page outreach","Likely","P1","Compress PDF","Resource page","boston.edu","boston.edu","https://www.boston.edu/search?q=PDF","it-help@boston.edu OR library@boston.edu","85-96","Free outreach","https://ratpdf.com/research/attachment-size-limits","email attachment size limits","Cite original research table in IT help article","Not started"
"161","4","H-206","High value","C","Resource page outreach","Likely","P1","Compress PDF","Resource page","brandeis.edu","brandeis.edu","https://www.brandeis.edu/search?q=PDF","it-help@brandeis.edu OR library@brandeis.edu","85-96","Free outreach","https://ratpdf.com/research/attachment-size-limits","email attachment size limits","Cite original research table in IT help article","Not started"
"162","4","H-392","High value","C","Resource page outreach","Likely","P1","Compress PDF","Resource page","bristol.ac.uk","bristol.ac.uk","https://www.bristol.ac.uk/search?q=PDF","it-help@bristol.ac.uk OR library@bristol.ac.uk","85-96","Free outreach","https://ratpdf.com/research/attachment-size-limits","email attachment size limits","Cite original research table in IT help article","Not started"
"163","4","H-26","High value","C","Resource page outreach","Likely","P1","Compress PDF","Resource page","brown.edu","brown.edu","https://www.brown.edu/search?q=PDF","it-help@brown.edu OR library@brown.edu","85-96","Free outreach","https://ratpdf.com/research/attachment-size-limits","email attachment size limits","Cite original research table in IT help article","Not started"
"164","4","H-236","High value","C","Resource page outreach","Likely","P1","Compress PDF","Resource page","bu.edu","bu.edu","https://www.bu.edu/search?q=PDF","it-help@bu.edu OR library@bu.edu","85-96","Free outreach","https://ratpdf.com/research/attachment-size-limits","email attachment size limits","Cite original research table in IT help article","Not started"
"165","4","H-368","High value","C","Resource page outreach","Likely","P1","Compress PDF","Resource page","buffalo.edu","buffalo.edu","https://www.buffalo.edu/search?q=PDF","it-help@buffalo.edu OR library@buffalo.edu","85-96","Free outreach","https://ratpdf.com/research/attachment-size-limits","email attachment size limits","Cite original research table in IT help article","Not started"
"166","4","H-218","High value","C","Resource page outreach","Likely","P1","Compress PDF","Resource page","case.edu","case.edu","https://www.case.edu/search?q=PDF","it-help@case.edu OR library@case.edu","85-96","Free outreach","https://ratpdf.com/research/attachment-size-limits","email attachment size limits","Cite original research table in IT help article","Not started"
"167","4","H-326","High value","C","Resource page outreach","Likely","P1","Compress PDF","Resource page","clemson.edu","clemson.edu","https://www.clemson.edu/search?q=PDF","it-help@clemson.edu OR library@clemson.edu","85-96","Free outreach","https://ratpdf.com/research/attachment-size-limits","email attachment size limits","Cite original research table in IT help article","Not started"
"168","4","H-188","High value","C","Resource page outreach","Likely","P1","Compress PDF","Resource page","colorado.edu","colorado.edu","https://www.colorado.edu/search?q=PDF","it-help@colorado.edu OR library@colorado.edu","85-96","Free outreach","https://ratpdf.com/research/attachment-size-limits","email attachment size limits","Cite original research table in IT help article","Not started"
"169","4","H-14","High value","C","Resource page outreach","Likely","P1","Compress PDF","Resource page","columbia.edu","columbia.edu","https://www.columbia.edu/search?q=PDF","it-help@columbia.edu OR library@columbia.edu","85-96","Free outreach","https://ratpdf.com/research/attachment-size-limits","email attachment size limits","Cite original research table in IT help article","Not started"
"170","4","H-674","High value","C","Resource page outreach","Likely","P1","Compress PDF","Resource page","copenhagen.dk","copenhagen.dk","https://www.copenhagen.dk/search?q=PDF","it-help@copenhagen.dk OR library@copenhagen.dk","85-96","Free outreach","https://ratpdf.com/research/attachment-size-limits","email attachment size limits","Cite original research table in IT help article","Not started"
"171","4","H-38","High value","C","Resource page outreach","Likely","P1","Compress PDF","Resource page","cornell.edu","cornell.edu","https://www.cornell.edu/search?q=PDF","it-help@cornell.edu OR library@cornell.edu","85-96","Free outreach","https://ratpdf.com/research/attachment-size-limits","email attachment size limits","Cite original research table in IT help article","Not started"
"172","4","H-692","High value","C","Resource page outreach","Likely","P1","Compress PDF","Resource page","cuhk.edu.hk","cuhk.edu.hk","https://www.cuhk.edu.hk/search?q=PDF","it-help@cuhk.edu.hk OR library@cuhk.edu.hk","85-96","Free outreach","https://ratpdf.com/research/attachment-size-limits","email attachment size limits","Cite original research table in IT help article","Not started"
"173","4","H-524","High value","C","Resource page outreach","Likely","P1","Compress PDF","Resource page","curtin.edu.au","curtin.edu.au","https://www.curtin.edu.au/search?q=PDF","it-help@curtin.edu.au OR library@curtin.edu.au","85-96","Free outreach","https://ratpdf.com/research/attachment-size-limits","email attachment size limits","Cite original research table in IT help article","Not started"
"174","4","H-32","High value","C","Resource page outreach","Likely","P1","Compress PDF","Resource page","dartmouth.edu","dartmouth.edu","https://www.dartmouth.edu/search?q=PDF","it-help@dartmouth.edu OR library@dartmouth.edu","85-96","Free outreach","https://ratpdf.com/research/attachment-size-limits","email attachment size limits","Cite original research table in IT help article","Not started"
"175","4","H-542","High value","C","Resource page outreach","Likely","P1","Compress PDF","Resource page","dcu.ie","dcu.ie","https://www.dcu.ie/search?q=PDF","it-help@dcu.ie OR library@dcu.ie","85-96","Free outreach","https://ratpdf.com/research/attachment-size-limits","email attachment size limits","Cite original research table in IT help article","Not started"
"176","4","H-350","High value","C","Resource page outreach","Likely","P1","Compress PDF","Resource page","drexel.edu","drexel.edu","https://www.drexel.edu/search?q=PDF","it-help@drexel.edu OR library@drexel.edu","85-96","Free outreach","https://ratpdf.com/research/attachment-size-limits","email attachment size limits","Cite original research table in IT help article","Not started"
"177","4","H-680","High value","C","Resource page outreach","Likely","P1","Compress PDF","Resource page","dtu.dk","dtu.dk","https://www.dtu.dk/search?q=PDF","it-help@dtu.dk OR library@dtu.dk","85-96","Free outreach","https://ratpdf.com/research/attachment-size-limits","email attachment size limits","Cite original research table in IT help article","Not started"
"178","4","H-806","High value","C","Resource page outreach","Likely","P1","Compress PDF","Resource page","du.ac.in","du.ac.in","https://www.du.ac.in/search?q=PDF","it-help@du.ac.in OR library@du.ac.in","85-96","Free outreach","https://ratpdf.com/research/attachment-size-limits","email attachment size limits","Cite original research table in IT help article","Not started"
"179","4","H-158","High value","C","Resource page outreach","Likely","P1","Compress PDF","Resource page","duke.edu","duke.edu","https://www.duke.edu/search?q=PDF","it-help@duke.edu OR library@duke.edu","85-96","Free outreach","https://ratpdf.com/research/attachment-size-limits","email attachment size limits","Cite original research table in IT help article","Not started"
"180","4","H-434","High value","C","Resource page outreach","Likely","P1","Compress PDF","Resource page","durham.ac.uk","durham.ac.uk","https://www.durham.ac.uk/search?q=PDF","it-help@durham.ac.uk OR library@durham.ac.uk","85-96","Free outreach","https://ratpdf.com/research/attachment-size-limits","email attachment size limits","Cite original research table in IT help article","Not started"
"181","4","H-68","High value","C","Resource page outreach","Likely","P1","Compress PDF","Resource page","emory.edu","emory.edu","https://www.emory.edu/search?q=PDF","it-help@emory.edu OR library@emory.edu","85-96","Free outreach","https://ratpdf.com/research/attachment-size-limits","email attachment size limits","Cite original research table in IT help article","Not started"
"182","4","H-560","High value","C","Resource page outreach","Likely","P1","Compress PDF","Resource page","epfl.ch","epfl.ch","https://www.epfl.ch/search?q=PDF","it-help@epfl.ch OR library@epfl.ch","85-96","Free outreach","https://ratpdf.com/research/attachment-size-limits","email attachment size limits","Cite original research table in IT help article","Not started"
"183","4","H-554","High value","C","Resource page outreach","Likely","P1","Compress PDF","Resource page","ethz.ch","ethz.ch","https://www.ethz.ch/search?q=PDF","it-help@ethz.ch OR library@ethz.ch","85-96","Free outreach","https://ratpdf.com/research/attachment-size-limits","email attachment size limits","Cite original research table in IT help article","Not started"
"184","4","H-626","High value","C","Resource page outreach","Likely","P1","Compress PDF","Resource page","eur.nl","eur.nl","https://www.eur.nl/search?q=PDF","it-help@eur.nl OR library@eur.nl","85-96","Free outreach","https://ratpdf.com/research/attachment-size-limits","email attachment size limits","Cite original research table in IT help article","Not started"
"185","4","H-830","High value","C","Resource page outreach","Likely","P1","OCR","Resource page","europeana.eu","europeana.eu","https://www.europeana.eu/","editorial OR webmaster@europeana.eu","85","Free outreach","https://ratpdf.com/pdf/ocrpdf","OCR PDF","European digitization hub","Not started"
"186","4","H-440","High value","C","Resource page outreach","Likely","P1","Compress PDF","Resource page","exeter.ac.uk","exeter.ac.uk","https://www.exeter.ac.uk/search?q=PDF","it-help@exeter.ac.uk OR library@exeter.ac.uk","85-96","Free outreach","https://ratpdf.com/research/attachment-size-limits","email attachment size limits","Cite original research table in IT help article","Not started"
"187","4","H-314","High value","C","Resource page outreach","Likely","P1","Compress PDF","Resource page","fiu.edu","fiu.edu","https://www.fiu.edu/search?q=PDF","it-help@fiu.edu OR library@fiu.edu","85-96","Free outreach","https://ratpdf.com/research/attachment-size-limits","email attachment size limits","Cite original research table in IT help article","Not started"
"188","4","H-320","High value","C","Resource page outreach","Likely","P1","Compress PDF","Resource page","fsu.edu","fsu.edu","https://www.fsu.edu/search?q=PDF","it-help@fsu.edu OR library@fsu.edu","85-96","Free outreach","https://ratpdf.com/research/attachment-size-limits","email attachment size limits","Cite original research table in IT help article","Not started"
"189","4","H-596","High value","C","Resource page outreach","Likely","P1","Compress PDF","Resource page","fu-berlin.de","fu-berlin.de","https://www.fu-berlin.de/search?q=PDF","it-help@fu-berlin.de OR library@fu-berlin.de","85-96","Free outreach","https://ratpdf.com/research/attachment-size-limits","email attachment size limits","Cite original research table in IT help article","Not started"
"190","4","H-242","High value","C","Resource page outreach","Likely","P1","Compress PDF","Resource page","georgetown.edu","georgetown.edu","https://www.georgetown.edu/search?q=PDF","it-help@georgetown.edu OR library@georgetown.edu","85-96","Free outreach","https://ratpdf.com/research/attachment-size-limits","email attachment size limits","Cite original research table in IT help article","Not started"
"191","4","H-404","High value","C","Resource page outreach","Likely","P1","Compress PDF","Resource page","glasgow.ac.uk","glasgow.ac.uk","https://www.glasgow.ac.uk/search?q=PDF","it-help@glasgow.ac.uk OR library@glasgow.ac.uk","85-96","Free outreach","https://ratpdf.com/research/attachment-size-limits","email attachment size limits","Cite original research table in IT help article","Not started"
"192","4","H-650","High value","C","Resource page outreach","Likely","P1","Compress PDF","Resource page","helsinki.fi","helsinki.fi","https://www.helsinki.fi/search?q=PDF","it-help@helsinki.fi OR library@helsinki.fi","85-96","Free outreach","https://ratpdf.com/research/attachment-size-limits","email attachment size limits","Cite original research table in IT help article","Not started"
"193","4","H-686","High value","C","Resource page outreach","Likely","P1","Compress PDF","Resource page","hku.hk","hku.hk","https://www.hku.hk/search?q=PDF","it-help@hku.hk OR library@hku.hk","85-96","Free outreach","https://ratpdf.com/research/attachment-size-limits","email attachment size limits","Cite original research table in IT help article","Not started"
"194","4","H-698","High value","C","Resource page outreach","Likely","P1","Compress PDF","Resource page","hkust.edu.hk","hkust.edu.hk","https://www.hkust.edu.hk/search?q=PDF","it-help@hkust.edu.hk OR library@hkust.edu.hk","85-96","Free outreach","https://ratpdf.com/research/attachment-size-limits","email attachment size limits","Cite original research table in IT help article","Not started"
"195","4","H-818","High value","C","Resource page outreach","Likely","P1","Compress PDF","Resource page","ignou.ac.in","ignou.ac.in","https://www.ignou.ac.in/search?q=PDF","it-help@ignou.ac.in OR library@ignou.ac.in","85-96","Free outreach","https://ratpdf.com/research/attachment-size-limits","email attachment size limits","Cite original research table in IT help article","Not started"
"196","4","H-776","High value","C","Resource page outreach","Likely","P1","Compress PDF","Resource page","iitd.ac.in","iitd.ac.in","https://www.iitd.ac.in/search?q=PDF","it-help@iitd.ac.in OR library@iitd.ac.in","85-96","Free outreach","https://ratpdf.com/research/attachment-size-limits","email attachment size limits","Cite original research table in IT help article","Not started"
"197","4","H-782","High value","C","Resource page outreach","Likely","P1","Compress PDF","Resource page","iitk.ac.in","iitk.ac.in","https://www.iitk.ac.in/search?q=PDF","it-help@iitk.ac.in OR library@iitk.ac.in","85-96","Free outreach","https://ratpdf.com/research/attachment-size-limits","email attachment size limits","Cite original research table in IT help article","Not started"
"198","4","H-794","High value","C","Resource page outreach","Likely","P1","Compress PDF","Resource page","iitkgp.ac.in","iitkgp.ac.in","https://www.iitkgp.ac.in/search?q=PDF","it-help@iitkgp.ac.in OR library@iitkgp.ac.in","85-96","Free outreach","https://ratpdf.com/research/attachment-size-limits","email attachment size limits","Cite original research table in IT help article","Not started"
"199","4","H-788","High value","C","Resource page outreach","Likely","P1","Compress PDF","Resource page","iitm.ac.in","iitm.ac.in","https://www.iitm.ac.in/search?q=PDF","it-help@iitm.ac.in OR library@iitm.ac.in","85-96","Free outreach","https://ratpdf.com/research/attachment-size-limits","email attachment size limits","Cite original research table in IT help article","Not started"
"200","4","H-266","High value","C","Resource page outreach","Likely","P1","Compress PDF","Resource page","indiana.edu","indiana.edu","https://www.indiana.edu/search?q=PDF","it-help@indiana.edu OR library@indiana.edu","85-96","Free outreach","https://ratpdf.com/research/attachment-size-limits","email attachment size limits","Cite original research table in IT help article","Not started"
"201","4","H-812","High value","C","Resource page outreach","Likely","P1","Compress PDF","Resource page","jnu.ac.in","jnu.ac.in","https://www.jnu.ac.in/search?q=PDF","it-help@jnu.ac.in OR library@jnu.ac.in","85-96","Free outreach","https://ratpdf.com/research/attachment-size-limits","email attachment size limits","Cite original research table in IT help article","Not started"
"202","4","H-722","High value","C","Resource page outreach","Likely","P1","Compress PDF","Resource page","kaist.ac.kr","kaist.ac.kr","https://www.kaist.ac.kr/search?q=PDF","it-help@kaist.ac.kr OR library@kaist.ac.kr","85-96","Free outreach","https://ratpdf.com/research/attachment-size-limits","email attachment size limits","Cite original research table in IT help article","Not started"
"203","4","H-380","High value","C","Resource page outreach","Likely","P1","Compress PDF","Resource page","kcl.ac.uk","kcl.ac.uk","https://www.kcl.ac.uk/search?q=PDF","it-help@kcl.ac.uk OR library@kcl.ac.uk","85-96","Free outreach","https://ratpdf.com/research/attachment-size-limits","email attachment size limits","Cite original research table in IT help article","Not started"
"204","4","H-632","High value","C","Resource page outreach","Likely","P1","Compress PDF","Resource page","kth.se","kth.se","https://www.kth.se/search?q=PDF","it-help@kth.se OR library@kth.se","85-96","Free outreach","https://ratpdf.com/research/attachment-size-limits","email attachment size limits","Cite original research table in IT help article","Not started"
"205","4","H-302","High value","C","Resource page outreach","Likely","P1","Compress PDF","Resource page","ku.edu","ku.edu","https://www.ku.edu/search?q=PDF","it-help@ku.edu OR library@ku.edu","85-96","Free outreach","https://ratpdf.com/research/attachment-size-limits","email attachment size limits","Cite original research table in IT help article","Not started"
"206","4","H-740","High value","C","Resource page outreach","Likely","P1","Compress PDF","Resource page","kyoto-u.ac.jp","kyoto-u.ac.jp","https://www.kyoto-u.ac.jp/search?q=PDF","it-help@kyoto-u.ac.jp OR library@kyoto-u.ac.jp","85-96","Free outreach","https://ratpdf.com/research/attachment-size-limits","email attachment size limits","Cite original research table in IT help article","Not started"
"207","4","H-410","High value","C","Resource page outreach","Likely","P1","Compress PDF","Resource page","leeds.ac.uk","leeds.ac.uk","https://www.leeds.ac.uk/search?q=PDF","it-help@leeds.ac.uk OR library@leeds.ac.uk","85-96","Free outreach","https://ratpdf.com/research/attachment-size-limits","email attachment size limits","Cite original research table in IT help article","Not started"
"208","4","H-224","High value","C","Resource page outreach","Likely","P1","Compress PDF","Resource page","lehigh.edu","lehigh.edu","https://www.lehigh.edu/search?q=PDF","it-help@lehigh.edu OR library@lehigh.edu","85-96","Free outreach","https://ratpdf.com/research/attachment-size-limits","email attachment size limits","Cite original research table in IT help article","Not started"
"209","4","H-578","High value","C","Resource page outreach","Likely","P1","Compress PDF","Resource page","lmu.de","lmu.de","https://www.lmu.de/search?q=PDF","it-help@lmu.de OR library@lmu.de","85-96","Free outreach","https://ratpdf.com/research/attachment-size-limits","email attachment size limits","Cite original research table in IT help article","Not started"
"210","4","H-374","High value","C","Resource page outreach","Likely","P1","Compress PDF","Resource page","lse.ac.uk","lse.ac.uk","https://www.lse.ac.uk/search?q=PDF","it-help@lse.ac.uk OR library@lse.ac.uk","85-96","Free outreach","https://ratpdf.com/research/attachment-size-limits","email attachment size limits","Cite original research table in IT help article","Not started"
"211","4","H-638","High value","C","Resource page outreach","Likely","P1","Compress PDF","Resource page","lu.se","lu.se","https://www.lu.se/search?q=PDF","it-help@lu.se OR library@lu.se","85-96","Free outreach","https://ratpdf.com/research/attachment-size-limits","email attachment size limits","Cite original research table in IT help article","Not started"
"212","4","H-386","High value","C","Resource page outreach","Likely","P1","Compress PDF","Resource page","manchester.ac.uk","manchester.ac.uk","https://www.manchester.ac.uk/search?q=PDF","it-help@manchester.ac.uk OR library@manchester.ac.uk","85-96","Free outreach","https://ratpdf.com/research/attachment-size-limits","email attachment size limits","Cite original research table in IT help article","Not started"
"213","4","H-452","High value","C","Resource page outreach","Likely","P1","Compress PDF","Resource page","mcgill.ca","mcgill.ca","https://www.mcgill.ca/search?q=PDF","it-help@mcgill.ca OR library@mcgill.ca","85-96","Free outreach","https://ratpdf.com/research/attachment-size-limits","email attachment size limits","Cite original research table in IT help article","Not started"
"214","4","H-308","High value","C","Resource page outreach","Likely","P1","Compress PDF","Resource page","miami.edu","miami.edu","https://www.miami.edu/search?q=PDF","it-help@miami.edu OR library@miami.edu","85-96","Free outreach","https://ratpdf.com/research/attachment-size-limits","email attachment size limits","Cite original research table in IT help article","Not started"
"215","4","H-506","High value","C","Resource page outreach","Likely","P1","Compress PDF","Resource page","monash.edu","monash.edu","https://www.monash.edu/search?q=PDF","it-help@monash.edu OR library@monash.edu","85-96","Free outreach","https://ratpdf.com/research/attachment-size-limits","email attachment size limits","Cite original research table in IT help article","Not started"
"216","4","H-272","High value","C","Resource page outreach","Likely","P1","Compress PDF","Resource page","msu.edu","msu.edu","https://www.msu.edu/search?q=PDF","it-help@msu.edu OR library@msu.edu","85-96","Free outreach","https://ratpdf.com/research/attachment-size-limits","email attachment size limits","Cite original research table in IT help article","Not started"
"217","4","H-338","High value","C","Resource page outreach","Likely","P1","Compress PDF","Resource page","ncsu.edu","ncsu.edu","https://www.ncsu.edu/search?q=PDF","it-help@ncsu.edu OR library@ncsu.edu","85-96","Free outreach","https://ratpdf.com/research/attachment-size-limits","email attachment size limits","Cite original research table in IT help article","Not started"
"218","4","H-710","High value","C","Resource page outreach","Likely","P1","Compress PDF","Resource page","nctu.edu.tw","nctu.edu.tw","https://www.nctu.edu.tw/search?q=PDF","it-help@nctu.edu.tw OR library@nctu.edu.tw","85-96","Free outreach","https://ratpdf.com/research/attachment-size-limits","email attachment size limits","Cite original research table in IT help article","Not started"
"219","4","H-230","High value","C","Resource page outreach","Likely","P1","Compress PDF","Resource page","northeastern.edu","northeastern.edu","https://www.northeastern.edu/search?q=PDF","it-help@northeastern.edu OR library@northeastern.edu","85-96","Free outreach","https://ratpdf.com/research/attachment-size-limits","email attachment size limits","Cite original research table in IT help article","Not started"
"220","4","H-50","High value","C","Resource page outreach","Likely","P1","Compress PDF","Resource page","northwestern.edu","northwestern.edu","https://www.northwestern.edu/search?q=PDF","it-help@northwestern.edu OR library@northwestern.edu","85-96","Free outreach","https://ratpdf.com/research/attachment-size-limits","email attachment size limits","Cite original research table in IT help article","Not started"
"221","4","H-422","High value","C","Resource page outreach","Likely","P1","Compress PDF","Resource page","nottingham.ac.uk","nottingham.ac.uk","https://www.nottingham.ac.uk/search?q=PDF","it-help@nottingham.ac.uk OR library@nottingham.ac.uk","85-96","Free outreach","https://ratpdf.com/research/attachment-size-limits","email attachment size limits","Cite original research table in IT help article","Not started"
"222","4","H-668","High value","C","Resource page outreach","Likely","P1","Compress PDF","Resource page","ntnu.no","ntnu.no","https://www.ntnu.no/search?q=PDF","it-help@ntnu.no OR library@ntnu.no","85-96","Free outreach","https://ratpdf.com/research/attachment-size-limits","email attachment size limits","Cite original research table in IT help article","Not started"
"223","4","H-764","High value","C","Resource page outreach","Likely","P1","Compress PDF","Resource page","ntu.edu.sg","ntu.edu.sg","https://www.ntu.edu.sg/search?q=PDF","it-help@ntu.edu.sg OR library@ntu.edu.sg","85-96","Free outreach","https://ratpdf.com/research/attachment-size-limits","email attachment size limits","Cite original research table in IT help article","Not started"
"224","4","H-704","High value","C","Resource page outreach","Likely","P1","Compress PDF","Resource page","ntu.edu.tw","ntu.edu.tw","https://www.ntu.edu.tw/search?q=PDF","it-help@ntu.edu.tw OR library@ntu.edu.tw","85-96","Free outreach","https://ratpdf.com/research/attachment-size-limits","email attachment size limits","Cite original research table in IT help article","Not started"
"225","4","H-548","High value","C","Resource page outreach","Likely","P1","Compress PDF","Resource page","nuigalway.ie","nuigalway.ie","https://www.nuigalway.ie/search?q=PDF","it-help@nuigalway.ie OR library@nuigalway.ie","85-96","Free outreach","https://ratpdf.com/research/attachment-size-limits","email attachment size limits","Cite original research table in IT help article","Not started"
"226","4","H-758","High value","C","Resource page outreach","Likely","P1","Compress PDF","Resource page","nus.edu.sg","nus.edu.sg","https://www.nus.edu.sg/search?q=PDF","it-help@nus.edu.sg OR library@nus.edu.sg","85-96","Free outreach","https://ratpdf.com/research/attachment-size-limits","email attachment size limits","Cite original research table in IT help article","Not started"
"227","4","H-170","High value","C","Resource page outreach","Likely","P1","Compress PDF","Resource page","nyu.edu","nyu.edu","https://www.nyu.edu/search?q=PDF","it-help@nyu.edu OR library@nyu.edu","85-96","Free outreach","https://ratpdf.com/research/attachment-size-limits","email attachment size limits","Cite original research table in IT help article","Not started"
"228","4","H-278","High value","C","Resource page outreach","Likely","P1","Compress PDF","Resource page","oregonstate.edu","oregonstate.edu","https://www.oregonstate.edu/search?q=PDF","it-help@oregonstate.edu OR library@oregonstate.edu","85-96","Free outreach","https://ratpdf.com/research/attachment-size-limits","email attachment size limits","Cite original research table in IT help article","Not started"
"229","4","H-746","High value","C","Resource page outreach","Likely","P1","Compress PDF","Resource page","osaka-u.ac.jp","osaka-u.ac.jp","https://www.osaka-u.ac.jp/search?q=PDF","it-help@osaka-u.ac.jp OR library@osaka-u.ac.jp","85-96","Free outreach","https://ratpdf.com/research/attachment-size-limits","email attachment size limits","Cite original research table in IT help article","Not started"
"230","4","H-128","High value","C","Resource page outreach","Likely","P1","Compress PDF","Resource page","osu.edu","osu.edu","https://www.osu.edu/search?q=PDF","it-help@osu.edu OR library@osu.edu","85-96","Free outreach","https://ratpdf.com/research/attachment-size-limits","email attachment size limits","Cite original research table in IT help article","Not started"
"231","4","H-344","High value","C","Resource page outreach","Likely","P1","Compress PDF","Resource page","pitt.edu","pitt.edu","https://www.pitt.edu/search?q=PDF","it-help@pitt.edu OR library@pitt.edu","85-96","Free outreach","https://ratpdf.com/research/attachment-size-limits","email attachment size limits","Cite original research table in IT help article","Not started"
"232","4","H-728","High value","C","Resource page outreach","Likely","P1","Compress PDF","Resource page","postech.ac.kr","postech.ac.kr","https://www.postech.ac.kr/search?q=PDF","it-help@postech.ac.kr OR library@postech.ac.kr","85-96","Free outreach","https://ratpdf.com/research/attachment-size-limits","email attachment size limits","Cite original research table in IT help article","Not started"
"233","4","H-8","High value","C","Resource page outreach","Likely","P1","Compress PDF","Resource page","princeton.edu","princeton.edu","https://www.princeton.edu/search?q=PDF","it-help@princeton.edu OR library@princeton.edu","85-96","Free outreach","https://ratpdf.com/research/attachment-size-limits","email attachment size limits","Cite original research table in IT help article","Not started"
"234","4","H-134","High value","C","Resource page outreach","Likely","P1","Compress PDF","Resource page","psu.edu","psu.edu","https://www.psu.edu/search?q=PDF","it-help@psu.edu OR library@psu.edu","85-96","Free outreach","https://ratpdf.com/research/attachment-size-limits","email attachment size limits","Cite original research table in IT help article","Not started"
"235","4","H-110","High value","C","Resource page outreach","Likely","P1","Compress PDF","Resource page","purdue.edu","purdue.edu","https://www.purdue.edu/search?q=PDF","it-help@purdue.edu OR library@purdue.edu","85-96","Free outreach","https://ratpdf.com/research/attachment-size-limits","email attachment size limits","Cite original research table in IT help article","Not started"
"236","4","H-482","High value","C","Resource page outreach","Likely","P1","Compress PDF","Resource page","queensu.ca","queensu.ca","https://www.queensu.ca/search?q=PDF","it-help@queensu.ca OR library@queensu.ca","85-96","Free outreach","https://ratpdf.com/research/attachment-size-limits","email attachment size limits","Cite original research table in IT help article","Not started"
"237","4","H-62","High value","C","Resource page outreach","Likely","P1","Compress PDF","Resource page","rice.edu","rice.edu","https://www.rice.edu/search?q=PDF","it-help@rice.edu OR library@rice.edu","85-96","Free outreach","https://ratpdf.com/research/attachment-size-limits","email attachment size limits","Cite original research table in IT help article","Not started"
"238","4","H-212","High value","C","Resource page outreach","Likely","P1","Compress PDF","Resource page","rochester.edu","rochester.edu","https://www.rochester.edu/search?q=PDF","it-help@rochester.edu OR library@rochester.edu","85-96","Free outreach","https://ratpdf.com/research/attachment-size-limits","email attachment size limits","Cite original research table in IT help article","Not started"
"239","4","H-176","High value","C","Resource page outreach","Likely","P1","Compress PDF","Resource page","rutgers.edu","rutgers.edu","https://www.rutgers.edu/search?q=PDF","it-help@rutgers.edu OR library@rutgers.edu","85-96","Free outreach","https://ratpdf.com/research/attachment-size-limits","email attachment size limits","Cite original research table in IT help article","Not started"
"240","4","H-590","High value","C","Resource page outreach","Likely","P1","Compress PDF","Resource page","rwth-aachen.de","rwth-aachen.de","https://www.rwth-aachen.de/search?q=PDF","it-help@rwth-aachen.de OR library@rwth-aachen.de","85-96","Free outreach","https://ratpdf.com/research/attachment-size-limits","email attachment size limits","Cite original research table in IT help article","Not started"
"241","4","H-470","High value","C","Resource page outreach","Likely","P1","Compress PDF","Resource page","sfu.ca","sfu.ca","https://www.sfu.ca/search?q=PDF","it-help@sfu.ca OR library@sfu.ca","85-96","Free outreach","https://ratpdf.com/research/attachment-size-limits","email attachment size limits","Cite original research table in IT help article","Not started"
"242","4","H-416","High value","C","Resource page outreach","Likely","P1","Compress PDF","Resource page","sheffield.ac.uk","sheffield.ac.uk","https://www.sheffield.ac.uk/search?q=PDF","it-help@sheffield.ac.uk OR library@sheffield.ac.uk","85-96","Free outreach","https://ratpdf.com/research/attachment-size-limits","email attachment size limits","Cite original research table in IT help article","Not started"
"243","4","H-770","High value","C","Resource page outreach","Likely","P1","Compress PDF","Resource page","smu.edu.sg","smu.edu.sg","https://www.smu.edu.sg/search?q=PDF","it-help@smu.edu.sg OR library@smu.edu.sg","85-96","Free outreach","https://ratpdf.com/research/attachment-size-limits","email attachment size limits","Cite original research table in IT help article","Not started"
"244","4","H-716","High value","C","Resource page outreach","Likely","P1","Compress PDF","Resource page","snu.ac.kr","snu.ac.kr","https://www.snu.ac.kr/search?q=PDF","it-help@snu.ac.kr OR library@snu.ac.kr","85-96","Free outreach","https://ratpdf.com/research/attachment-size-limits","email attachment size limits","Cite original research table in IT help article","Not started"
"245","4","H-602","High value","C","Resource page outreach","Likely","P1","Compress PDF","Resource page","sorbonne-universite.fr","sorbonne-universite.fr","https://www.sorbonne-universite.fr/search?q=PDF","it-help@sorbonne-universite.fr OR library@sorbonne-universite.fr","85-96","Free outreach","https://ratpdf.com/research/attachment-size-limits","email attachment size limits","Cite original research table in IT help article","Not started"
"246","4","H-644","High value","C","Resource page outreach","Likely","P1","Compress PDF","Resource page","su.se","su.se","https://www.su.se/search?q=PDF","it-help@su.se OR library@su.se","85-96","Free outreach","https://ratpdf.com/research/attachment-size-limits","email attachment size limits","Cite original research table in IT help article","Not started"
"247","4","H-362","High value","C","Resource page outreach","Likely","P1","Compress PDF","Resource page","syr.edu","syr.edu","https://www.syr.edu/search?q=PDF","it-help@syr.edu OR library@syr.edu","85-96","Free outreach","https://ratpdf.com/research/attachment-size-limits","email attachment size limits","Cite original research table in IT help article","Not started"
"248","4","H-248","High value","C","Resource page outreach","Likely","P1","Compress PDF","Resource page","tamu.edu","tamu.edu","https://www.tamu.edu/search?q=PDF","it-help@tamu.edu OR library@tamu.edu","85-96","Free outreach","https://ratpdf.com/research/attachment-size-limits","email attachment size limits","Cite original research table in IT help article","Not started"
"249","4","H-530","High value","C","Resource page outreach","Likely","P1","Compress PDF","Resource page","tcd.ie","tcd.ie","https://www.tcd.ie/search?q=PDF","it-help@tcd.ie OR library@tcd.ie","85-96","Free outreach","https://ratpdf.com/research/attachment-size-limits","email attachment size limits","Cite original research table in IT help article","Not started"
"250","4","H-356","High value","C","Resource page outreach","Likely","P1","Compress PDF","Resource page","temple.edu","temple.edu","https://www.temple.edu/search?q=PDF","it-help@temple.edu OR library@temple.edu","85-96","Free outreach","https://ratpdf.com/research/attachment-size-limits","email attachment size limits","Cite original research table in IT help article","Not started"
"251","4","H-752","High value","C","Resource page outreach","Likely","P1","Compress PDF","Resource page","tohoku.ac.jp","tohoku.ac.jp","https://www.tohoku.ac.jp/search?q=PDF","it-help@tohoku.ac.jp OR library@tohoku.ac.jp","85-96","Free outreach","https://ratpdf.com/research/attachment-size-limits","email attachment size limits","Cite original research table in IT help article","Not started"
"252","4","H-620","High value","C","Resource page outreach","Likely","P1","Compress PDF","Resource page","tudelft.nl","tudelft.nl","https://www.tudelft.nl/search?q=PDF","it-help@tudelft.nl OR library@tudelft.nl","85-96","Free outreach","https://ratpdf.com/research/attachment-size-limits","email attachment size limits","Cite original research table in IT help article","Not started"
"253","4","H-200","High value","C","Resource page outreach","Likely","P1","Compress PDF","Resource page","tufts.edu","tufts.edu","https://www.tufts.edu/search?q=PDF","it-help@tufts.edu OR library@tufts.edu","85-96","Free outreach","https://ratpdf.com/research/attachment-size-limits","email attachment size limits","Cite original research table in IT help article","Not started"
"254","4","H-572","High value","C","Resource page outreach","Likely","P1","Compress PDF","Resource page","tum.de","tum.de","https://www.tum.de/search?q=PDF","it-help@tum.de OR library@tum.de","85-96","Free outreach","https://ratpdf.com/research/attachment-size-limits","email attachment size limits","Cite original research table in IT help article","Not started"
"255","4","H-458","High value","C","Resource page outreach","Likely","P1","Compress PDF","Resource page","ualberta.ca","ualberta.ca","https://www.ualberta.ca/search?q=PDF","it-help@ualberta.ca OR library@ualberta.ca","85-96","Free outreach","https://ratpdf.com/research/attachment-size-limits","email attachment size limits","Cite original research table in IT help article","Not started"
"256","4","H-536","High value","C","Resource page outreach","Likely","P1","Compress PDF","Resource page","ucd.ie","ucd.ie","https://www.ucd.ie/search?q=PDF","it-help@ucd.ie OR library@ucd.ie","85-96","Free outreach","https://ratpdf.com/research/attachment-size-limits","email attachment size limits","Cite original research table in IT help article","Not started"
"257","4","H-98","High value","C","Resource page outreach","Likely","P1","Compress PDF","Resource page","ucdavis.edu","ucdavis.edu","https://www.ucdavis.edu/search?q=PDF","it-help@ucdavis.edu OR library@ucdavis.edu","85-96","Free outreach","https://ratpdf.com/research/attachment-size-limits","email attachment size limits","Cite original research table in IT help article","Not started"
"258","4","H-104","High value","C","Resource page outreach","Likely","P1","Compress PDF","Resource page","ucirvine.edu","ucirvine.edu","https://www.ucirvine.edu/search?q=PDF","it-help@ucirvine.edu OR library@ucirvine.edu","85-96","Free outreach","https://ratpdf.com/research/attachment-size-limits","email attachment size limits","Cite original research table in IT help article","Not started"
"259","4","H-80","High value","C","Resource page outreach","Likely","P1","Compress PDF","Resource page","ucla.edu","ucla.edu","https://www.ucla.edu/search?q=PDF","it-help@ucla.edu OR library@ucla.edu","85-96","Free outreach","https://ratpdf.com/research/attachment-size-limits","email attachment size limits","Cite original research table in IT help article","Not started"
"260","4","H-92","High value","C","Resource page outreach","Likely","P1","Compress PDF","Resource page","ucsb.edu","ucsb.edu","https://www.ucsb.edu/search?q=PDF","it-help@ucsb.edu OR library@ucsb.edu","85-96","Free outreach","https://ratpdf.com/research/attachment-size-limits","email attachment size limits","Cite original research table in IT help article","Not started"
"261","4","H-86","High value","C","Resource page outreach","Likely","P1","Compress PDF","Resource page","ucsd.edu","ucsd.edu","https://www.ucsd.edu/search?q=PDF","it-help@ucsd.edu OR library@ucsd.edu","85-96","Free outreach","https://ratpdf.com/research/attachment-size-limits","email attachment size limits","Cite original research table in IT help article","Not started"
"262","4","H-254","High value","C","Resource page outreach","Likely","P1","Compress PDF","Resource page","ufl.edu","ufl.edu","https://www.ufl.edu/search?q=PDF","it-help@ufl.edu OR library@ufl.edu","85-96","Free outreach","https://ratpdf.com/research/attachment-size-limits","email attachment size limits","Cite original research table in IT help article","Not started"
"263","4","H-260","High value","C","Resource page outreach","Likely","P1","Compress PDF","Resource page","uga.edu","uga.edu","https://www.uga.edu/search?q=PDF","it-help@uga.edu OR library@uga.edu","85-96","Free outreach","https://ratpdf.com/research/attachment-size-limits","email attachment size limits","Cite original research table in IT help article","Not started"
"264","4","H-662","High value","C","Resource page outreach","Likely","P1","Compress PDF","Resource page","uio.no","uio.no","https://www.uio.no/search?q=PDF","it-help@uio.no OR library@uio.no","85-96","Free outreach","https://ratpdf.com/research/attachment-size-limits","email attachment size limits","Cite original research table in IT help article","Not started"
"265","4","H-140","High value","C","Resource page outreach","Likely","P1","Compress PDF","Resource page","umd.edu","umd.edu","https://www.umd.edu/search?q=PDF","it-help@umd.edu OR library@umd.edu","85-96","Free outreach","https://ratpdf.com/research/attachment-size-limits","email attachment size limits","Cite original research table in IT help article","Not started"
"266","4","H-122","High value","C","Resource page outreach","Likely","P1","Compress PDF","Resource page","umn.edu","umn.edu","https://www.umn.edu/search?q=PDF","it-help@umn.edu OR library@umn.edu","85-96","Free outreach","https://ratpdf.com/research/attachment-size-limits","email attachment size limits","Cite original research table in IT help article","Not started"
"267","4","H-152","High value","C","Resource page outreach","Likely","P1","Compress PDF","Resource page","unc.edu","unc.edu","https://www.unc.edu/search?q=PDF","it-help@unc.edu OR library@unc.edu","85-96","Free outreach","https://ratpdf.com/research/attachment-size-limits","email attachment size limits","Cite original research table in IT help article","Not started"
"268","4","H-584","High value","C","Resource page outreach","Likely","P1","Compress PDF","Resource page","uni-heidelberg.de","uni-heidelberg.de","https://www.uni-heidelberg.de/search?q=PDF","it-help@uni-heidelberg.de OR library@uni-heidelberg.de","85-96","Free outreach","https://ratpdf.com/research/attachment-size-limits","email attachment size limits","Cite original research table in IT help article","Not started"
"269","4","H-566","High value","C","Resource page outreach","Likely","P1","Compress PDF","Resource page","unil.ch","unil.ch","https://www.unil.ch/search?q=PDF","it-help@unil.ch OR library@unil.ch","85-96","Free outreach","https://ratpdf.com/research/attachment-size-limits","email attachment size limits","Cite original research table in IT help article","Not started"
"270","4","H-608","High value","C","Resource page outreach","Likely","P1","Compress PDF","Resource page","universite-paris-saclay.fr","universite-paris-saclay.fr","https://www.universite-paris-saclay.fr/search?q=PDF","it-help@universite-paris-saclay.fr OR library@universite-paris-saclay.fr","85-96","Free outreach","https://ratpdf.com/research/attachment-size-limits","email attachment size limits","Cite original research table in IT help article","Not started"
"271","4","H-494","High value","C","Resource page outreach","Likely","P1","Compress PDF","Resource page","unsw.edu.au","unsw.edu.au","https://www.unsw.edu.au/search?q=PDF","it-help@unsw.edu.au OR library@unsw.edu.au","85-96","Free outreach","https://ratpdf.com/research/attachment-size-limits","email attachment size limits","Cite original research table in IT help article","Not started"
"272","4","H-296","High value","C","Resource page outreach","Likely","P1","Compress PDF","Resource page","uoregon.edu","uoregon.edu","https://www.uoregon.edu/search?q=PDF","it-help@uoregon.edu OR library@uoregon.edu","85-96","Free outreach","https://ratpdf.com/research/attachment-size-limits","email attachment size limits","Cite original research table in IT help article","Not started"
"273","4","H-20","High value","C","Resource page outreach","Likely","P1","Compress PDF","Resource page","upenn.edu","upenn.edu","https://www.upenn.edu/search?q=PDF","it-help@upenn.edu OR library@upenn.edu","85-96","Free outreach","https://ratpdf.com/research/attachment-size-limits","email attachment size limits","Cite original research table in IT help article","Not started"
"274","4","H-512","High value","C","Resource page outreach","Likely","P1","Compress PDF","Resource page","uq.edu.au","uq.edu.au","https://www.uq.edu.au/search?q=PDF","it-help@uq.edu.au OR library@uq.edu.au","85-96","Free outreach","https://ratpdf.com/research/attachment-size-limits","email attachment size limits","Cite original research table in IT help article","Not started"
"275","4","H-74","High value","C","Resource page outreach","Likely","P1","Compress PDF","Resource page","usc.edu","usc.edu","https://www.usc.edu/search?q=PDF","it-help@usc.edu OR library@usc.edu","85-96","Free outreach","https://ratpdf.com/research/attachment-size-limits","email attachment size limits","Cite original research table in IT help article","Not started"
"276","4","H-734","High value","C","Resource page outreach","Likely","P1","Compress PDF","Resource page","u-tokyo.ac.jp","u-tokyo.ac.jp","https://www.u-tokyo.ac.jp/search?q=PDF","it-help@u-tokyo.ac.jp OR library@u-tokyo.ac.jp","85-96","Free outreach","https://ratpdf.com/research/attachment-size-limits","email attachment size limits","Cite original research table in IT help article","Not started"
"277","4","H-614","High value","C","Resource page outreach","Likely","P1","Compress PDF","Resource page","uva.nl","uva.nl","https://www.uva.nl/search?q=PDF","it-help@uva.nl OR library@uva.nl","85-96","Free outreach","https://ratpdf.com/research/attachment-size-limits","email attachment size limits","Cite original research table in IT help article","Not started"
"278","4","H-476","High value","C","Resource page outreach","Likely","P1","Compress PDF","Resource page","uvic.ca","uvic.ca","https://www.uvic.ca/search?q=PDF","it-help@uvic.ca OR library@uvic.ca","85-96","Free outreach","https://ratpdf.com/research/attachment-size-limits","email attachment size limits","Cite original research table in IT help article","Not started"
"279","4","H-464","High value","C","Resource page outreach","Likely","P1","Compress PDF","Resource page","uwaterloo.ca","uwaterloo.ca","https://www.uwaterloo.ca/search?q=PDF","it-help@uwaterloo.ca OR library@uwaterloo.ca","85-96","Free outreach","https://ratpdf.com/research/attachment-size-limits","email attachment size limits","Cite original research table in IT help article","Not started"
"280","4","H-56","High value","C","Resource page outreach","Likely","P1","Compress PDF","Resource page","vanderbilt.edu","vanderbilt.edu","https://www.vanderbilt.edu/search?q=PDF","it-help@vanderbilt.edu OR library@vanderbilt.edu","85-96","Free outreach","https://ratpdf.com/research/attachment-size-limits","email attachment size limits","Cite original research table in IT help article","Not started"
"281","4","H-146","High value","C","Resource page outreach","Likely","P1","Compress PDF","Resource page","virginia.edu","virginia.edu","https://www.virginia.edu/search?q=PDF","it-help@virginia.edu OR library@virginia.edu","85-96","Free outreach","https://ratpdf.com/research/attachment-size-limits","email attachment size limits","Cite original research table in IT help article","Not started"
"282","4","H-332","High value","C","Resource page outreach","Likely","P1","Compress PDF","Resource page","vt.edu","vt.edu","https://www.vt.edu/search?q=PDF","it-help@vt.edu OR library@vt.edu","85-96","Free outreach","https://ratpdf.com/research/attachment-size-limits","email attachment size limits","Cite original research table in IT help article","Not started"
"283","4","H-398","High value","C","Resource page outreach","Likely","P1","Compress PDF","Resource page","warwick.ac.uk","warwick.ac.uk","https://www.warwick.ac.uk/search?q=PDF","it-help@warwick.ac.uk OR library@warwick.ac.uk","85-96","Free outreach","https://ratpdf.com/research/attachment-size-limits","email attachment size limits","Cite original research table in IT help article","Not started"
"284","4","H-116","High value","C","Resource page outreach","Likely","P1","Compress PDF","Resource page","wisc.edu","wisc.edu","https://www.wisc.edu/search?q=PDF","it-help@wisc.edu OR library@wisc.edu","85-96","Free outreach","https://ratpdf.com/research/attachment-size-limits","email attachment size limits","Cite original research table in IT help article","Not started"
"285","4","H-284","High value","C","Resource page outreach","Likely","P1","Compress PDF","Resource page","wsu.edu","wsu.edu","https://www.wsu.edu/search?q=PDF","it-help@wsu.edu OR library@wsu.edu","85-96","Free outreach","https://ratpdf.com/research/attachment-size-limits","email attachment size limits","Cite original research table in IT help article","Not started"
"286","4","H-194","High value","C","Resource page outreach","Likely","P1","Compress PDF","Resource page","wustl.edu","wustl.edu","https://www.wustl.edu/search?q=PDF","it-help@wustl.edu OR library@wustl.edu","85-96","Free outreach","https://ratpdf.com/research/attachment-size-limits","email attachment size limits","Cite original research table in IT help article","Not started"
"287","4","H-2","High value","C","Resource page outreach","Likely","P1","Compress PDF","Resource page","yale.edu","yale.edu","https://www.yale.edu/search?q=PDF","it-help@yale.edu OR library@yale.edu","85-96","Free outreach","https://ratpdf.com/research/attachment-size-limits","email attachment size limits","Cite original research table in IT help article","Not started"
"288","4","H-446","High value","C","Resource page outreach","Likely","P1","Compress PDF","Resource page","york.ac.uk","york.ac.uk","https://www.york.ac.uk/search?q=PDF","it-help@york.ac.uk OR library@york.ac.uk","85-96","Free outreach","https://ratpdf.com/research/attachment-size-limits","email attachment size limits","Cite original research table in IT help article","Not started"
"289","4","H-488","High value","C","Resource page outreach","Likely","P1","Compress PDF","Resource page","yorku.ca","yorku.ca","https://www.yorku.ca/search?q=PDF","it-help@yorku.ca OR library@yorku.ca","85-96","Free outreach","https://ratpdf.com/research/attachment-size-limits","email attachment size limits","Cite original research table in IT help article","Not started"
"290","4","H-829","High value","C","Resource page outreach","Likely","P1","OCR","Resource page","dp.la","dp.la","https://dp.la/","editorial OR webmaster@dp.la","82","Free outreach","https://ratpdf.com/pdf/ocrpdf","OCR scanned documents","Digital Public Library of America","Not started"
"291","4","H-832","High value","C","Resource page outreach","Likely","P1","OCR","Resource page","wiki.digitalpreservation.gov","wiki.digitalpreservation.gov","https://wiki.digitalpreservation.gov/","editorial OR webmaster@wiki.digitalpreservation.gov","80","Free outreach","https://ratpdf.com/guides/ocr-pdf","OCR text layer","Add tool to wiki resource list","Not started"
"292","4","L-57","Free listing","C","Resource page outreach","Likely","P1","","Resource page","clio.com","Clio Legal","https://www.clio.com/blog/","https://www.clio.com/blog/","78","Free pitch","https://ratpdf.com/pdf-tools-for-lawyers","PDF tools for lawyers","Legal PDF redact/compress/merge.","Not started"
"293","4","L-72","Free listing","C","Resource page outreach","Likely","P1","","Resource page","edu.gcfglobal.org","GCFGlobal","https://edu.gcfglobal.org/en/contact-us/","https://edu.gcfglobal.org/en/contact-us/","78","Free pitch","https://ratpdf.com/pdf-to-txt/how-do-i-convert-pdf-to-text","extract text from PDF","Free learning site - PDF tutorials.","Not started"
"294","4","L-63","Free listing","C","Resource page outreach","Likely","P1","","Gov resource","section508.gov","Section508.gov","https://www.section508.gov/","https://www.section508.gov/","78","Free cite","https://ratpdf.com/guides/pdf-tools","searchable PDF OCR","Accessible document workflow cite.","Not started"
"295","4","L-117","Free listing","C","Resource page outreach","Likely","P1","","Resource page","score.org","SCORE","https://www.score.org/find-mentor","https://www.score.org/find-mentor","75","Free pitch","https://ratpdf.com/resources","invoice PDF","Mentor resource library for SMBs.","Not started"
"296","4","L-61","Free listing","C","Resource page outreach","Likely","P1","","Resource page","privacyguides.org","Privacy Guides","https://github.com/privacyguides/privacyguides.org","https://github.com/privacyguides/privacyguides.org","72","Free PR","https://ratpdf.com/guides/pdf-tools","RatPDF","Browser-based, files deleted angle.","Not started"
"297","4","H-844","High value","C","Resource page outreach","Likely","P2","Compress PDF","Resource page","wcag.com","wcag.com","https://www.wcag.com/","editorial OR webmaster@wcag.com","65","Free outreach","https://ratpdf.com/pdf/compress","optimize PDF size","Accessible PDF file size balance","Not started"
"298","4","H-852","High value","C","Cold outreach","Unknown","P1","Compress PDF","SaaS listing","trustradius.com","trustradius.com","https://www.trustradius.com/","editorial OR webmaster@trustradius.com","80","Free outreach","https://ratpdf.com/compare","RatPDF","Free vendor profile","Not started"
"299","4","H-853","High value","C","Cold outreach","Unknown","P2","PDF to Text","SaaS listing","softwareworld.co","softwareworld.co","https://www.softwareworld.co/","editorial OR webmaster@softwareworld.co","55","Free outreach","https://ratpdf.com/pdf/pdftotext","PDF to text","Free software listing","Not started"
"300","4","L-32","Free listing","D","GitHub PR","Varies","P0","","GitHub awesome list","github.com","awesome-selfhosted","https://github.com/awesome-selfhosted/awesome-selfhosted","https://github.com/awesome-selfhosted/awesome-selfhosted","99","Free","https://ratpdf.com/compare","RatPDF","Only if self-hostable story fits.","Not started"
"301","4","L-33","Free listing","D","GitHub PR","Varies","P0","","GitHub awesome list","github.com","awesome-privacy","https://github.com/pluja/awesome-privacy","https://github.com/pluja/awesome-privacy","99","Free","https://ratpdf.com/guides/pdf-tools","RatPDF","Pitch browser-based privacy angle.","Not started"
"302","4","L-76","Free listing","D","Community","Varies","P0","","Community","reddit.com","r/pdf","https://www.reddit.com/r/pdf/","https://www.reddit.com/r/pdf/","95","Free","https://ratpdf.com/pdf/compress","RatPDF","Helpful comments only - no spam. Answer questions.","Not started"
"303","4","L-78","Free listing","D","Community","Varies","P0","","Community","reddit.com","r/freelance","https://www.reddit.com/r/freelance/","https://www.reddit.com/r/freelance/","95","Free","https://ratpdf.com/resources","invoice PDF","Invoicing workflow tips.","Not started"
"304","4","L-77","Free listing","D","Community","Varies","P0","","Community","reddit.com","r/productivity","https://www.reddit.com/r/productivity/","https://www.reddit.com/r/productivity/","95","Free","https://ratpdf.com/guides/pdf-tools","RatPDF","Tool recommendation when relevant.","Not started"
"305","4","L-85","Free listing","D","Community","Varies","P0","","Q&A","stackoverflow.com","Stack Overflow","https://stackoverflow.com/questions/ask","https://stackoverflow.com/questions/ask","95","Free","https://ratpdf.com/pdf/pdftotext","extract PDF text","Answer programming questions; link when genuinely helpful.","Not started"
"306","4","L-84","Free listing","D","Community","Varies","P0","","Q&A","quora.com","Quora","https://www.quora.com/","https://www.quora.com/","93","Free","https://ratpdf.com/compress-pdf-for-email","compress PDF for Gmail","Answer with link to pillar page - no spam.","Not started"
"307","4","L-79","Free listing","D","Community","Varies","P0","","Community","news.ycombinator.com","Hacker News","https://news.ycombinator.com/submit","https://news.ycombinator.com/submit","91","Free","https://ratpdf.com/resources","PDF compression benchmark","Show HN: original research posts.","Not started"
"308","4","L-86","Free listing","D","Community","Varies","P0","","Q&A","superuser.com","Super User","https://superuser.com/","https://superuser.com/","90","Free","https://ratpdf.com/pdf/compress","compress PDF","IT pro audience.","Not started"
"309","4","L-87","Free listing","D","Community","Varies","P0","","Q&A","webapps.stackexchange.com","Web Apps SE","https://webapps.stackexchange.com/","https://webapps.stackexchange.com/","88","Free","https://ratpdf.com/guides/pdf-tools","PDF to text online","Online tool recommendations.","Not started"
"310","4","L-26","Free listing","D","Community","Varies","P1","","Community listing","indiehackers.com","Indie Hackers","https://www.indiehackers.com/products","https://www.indiehackers.com/products","80","Free","https://ratpdf.com/resources","RatPDF","Share /resources research posts in forum.","Not started"
"311","4","L-31","Free listing","D","GitHub PR","Varies","P1","","GitHub awesome list","free-for.dev","free-for.dev","https://github.com/ripienaar/free-for-dev/pulls","https://github.com/ripienaar/free-for-dev/pulls","75","Free","https://ratpdf.com/guides/pdf-tools","RatPDF","PR to add under Document Processing.","Not started"
"312","4","L-145","Free listing","D","Community","Varies","P2","","Community","planetpdf.com","Planet PDF","https://www.planetpdf.com/","https://www.planetpdf.com/","62","Free","https://ratpdf.com/pdf/compress","compress PDF","Legacy PDF community.","Not started"
