"Cluster","PrimaryKeyword","SecondaryKeywords","SearchIntent","Audience","FunnelStage","DifficultyEst","TrafficPotential","RecommendedURL","ToolURL","InternalLinks","WordCountTarget","Priority","Status","Id"
"Best-of","best invoice generators for accountants","top invoice generators accountants; accountants pdf tools","Commercial","accountants","MOFU","Medium","Medium","/compare","/compare","/guides/choose-pdf-tool; /guides/pdf-tools","2500-4000","P0","Deferred","1"
"Best-of","best invoice generators for archivists","top invoice generators archivists; archivists pdf tools","Commercial","archivists","MOFU","Medium","Medium","/compare","/compare","/guides/choose-pdf-tool; /guides/pdf-tools","2500-4000","P0","Deferred","2"
"Best-of","best invoice generators for bookkeepers","top invoice generators bookkeepers; bookkeepers pdf tools","Commercial","bookkeepers","MOFU","Medium","Medium","/compare","/compare","/guides/choose-pdf-tool; /guides/pdf-tools","2500-4000","P0","Deferred","3"
"Best-of","best invoice generators for construction managers","top invoice generators construction managers; construction managers pdf tools","Commercial","construction managers","MOFU","Medium","Medium","/compare","/compare","/guides/choose-pdf-tool; /guides/pdf-tools","2500-4000","P0","Deferred","4"
"Best-of","best invoice generators for consultants","top invoice generators consultants; consultants pdf tools","Commercial","consultants","MOFU","Medium","Medium","/compare","/compare","/guides/choose-pdf-tool; /guides/pdf-tools","2500-4000","P0","Deferred","5"
"Best-of","best invoice generators for designers","top invoice generators designers; designers pdf tools","Commercial","designers","MOFU","Medium","Medium","/compare","/compare","/guides/choose-pdf-tool; /guides/pdf-tools","2500-4000","P0","Deferred","6"
"Best-of","best invoice generators for developers","top invoice generators developers; developers pdf tools","Commercial","developers","MOFU","Medium","Medium","/compare","/compare","/guides/choose-pdf-tool; /guides/pdf-tools","2500-4000","P0","Deferred","7"
"Best-of","best invoice generators for ecommerce sellers","top invoice generators ecommerce sellers; ecommerce sellers pdf tools","Commercial","ecommerce sellers","MOFU","Medium","Medium","/compare","/compare","/guides/choose-pdf-tool; /guides/pdf-tools","2500-4000","P0","Deferred","8"
"Best-of","best invoice generators for event planners","top invoice generators event planners; event planners pdf tools","Commercial","event planners","MOFU","Medium","Medium","/compare","/compare","/guides/choose-pdf-tool; /guides/pdf-tools","2500-4000","P0","Deferred","9"
"Best-of","best invoice generators for freelancers","top invoice generators freelancers; freelancers pdf tools","Commercial","freelancers","MOFU","Medium","Medium","/compare","/compare","/guides/choose-pdf-tool; /guides/pdf-tools","2500-4000","P0","Deferred","10"
"Best-of","best invoice generators for government contractors","top invoice generators government contractors; government contractors pdf tools","Commercial","government contractors","MOFU","Medium","Medium","/compare","/compare","/guides/choose-pdf-tool; /guides/pdf-tools","2500-4000","P0","Deferred","11"
"Best-of","best invoice generators for healthcare administrators","top invoice generators healthcare administrators; healthcare administrators pdf tools","Commercial","healthcare administrators","MOFU","Medium","Medium","/compare","/compare","/guides/choose-pdf-tool; /guides/pdf-tools","2500-4000","P0","Deferred","12"
"Best-of","best invoice generators for hr teams","top invoice generators hr teams; hr teams pdf tools","Commercial","hr teams","MOFU","Medium","Medium","/compare","/compare","/guides/choose-pdf-tool; /guides/pdf-tools","2500-4000","P0","Deferred","13"
"Best-of","best invoice generators for insurance agents","top invoice generators insurance agents; insurance agents pdf tools","Commercial","insurance agents","MOFU","Medium","Medium","/compare","/compare","/guides/choose-pdf-tool; /guides/pdf-tools","2500-4000","P0","Deferred","14"
"Best-of","best invoice generators for journalists","top invoice generators journalists; journalists pdf tools","Commercial","journalists","MOFU","Medium","Medium","/compare","/compare","/guides/choose-pdf-tool; /guides/pdf-tools","2500-4000","P0","Deferred","15"
"Best-of","best invoice generators for lawyers","top invoice generators lawyers; lawyers pdf tools","Commercial","lawyers","MOFU","Medium","Medium","/compare","/compare","/guides/choose-pdf-tool; /guides/pdf-tools","2500-4000","P0","Deferred","16"
"Best-of","best invoice generators for librarians","top invoice generators librarians; librarians pdf tools","Commercial","librarians","MOFU","Medium","Medium","/compare","/compare","/guides/choose-pdf-tool; /guides/pdf-tools","2500-4000","P0","Deferred","17"
"Best-of","best invoice generators for marketers","top invoice generators marketers; marketers pdf tools","Commercial","marketers","MOFU","Medium","Medium","/compare","/compare","/guides/choose-pdf-tool; /guides/pdf-tools","2500-4000","P0","Deferred","18"
"Best-of","best invoice generators for nonprofits","top invoice generators nonprofits; nonprofits pdf tools","Commercial","nonprofits","MOFU","Medium","Medium","/compare","/compare","/guides/choose-pdf-tool; /guides/pdf-tools","2500-4000","P0","Deferred","19"
"Best-of","best invoice generators for paralegals","top invoice generators paralegals; paralegals pdf tools","Commercial","paralegals","MOFU","Medium","Medium","/compare","/compare","/guides/choose-pdf-tool; /guides/pdf-tools","2500-4000","P0","Deferred","20"
"Best-of","best invoice generators for photographers","top invoice generators photographers; photographers pdf tools","Commercial","photographers","MOFU","Medium","Medium","/compare","/compare","/guides/choose-pdf-tool; /guides/pdf-tools","2500-4000","P0","Deferred","21"
"Best-of","best invoice generators for real estate agents","top invoice generators real estate agents; real estate agents pdf tools","Commercial","real estate agents","MOFU","Medium","Medium","/compare","/compare","/guides/choose-pdf-tool; /guides/pdf-tools","2500-4000","P0","Deferred","22"
"Best-of","best invoice generators for recruiters","top invoice generators recruiters; recruiters pdf tools","Commercial","recruiters","MOFU","Medium","Medium","/compare","/compare","/guides/choose-pdf-tool; /guides/pdf-tools","2500-4000","P0","Deferred","23"
"Best-of","best invoice generators for remote teams","top invoice generators remote teams; remote teams pdf tools","Commercial","remote teams","MOFU","Medium","Medium","/compare","/compare","/guides/choose-pdf-tool; /guides/pdf-tools","2500-4000","P0","Deferred","24"
"Best-of","best invoice generators for researchers","top invoice generators researchers; researchers pdf tools","Commercial","researchers","MOFU","Medium","Medium","/compare","/compare","/guides/choose-pdf-tool; /guides/pdf-tools","2500-4000","P0","Deferred","25"
"Best-of","best invoice generators for small business","top invoice generators small business; small business pdf tools","Commercial","small business","MOFU","Medium","Medium","/compare","/compare","/guides/choose-pdf-tool; /guides/pdf-tools","2500-4000","P0","Deferred","26"
"Best-of","best invoice generators for startups","top invoice generators startups; startups pdf tools","Commercial","startups","MOFU","Medium","Medium","/compare","/compare","/guides/choose-pdf-tool; /guides/pdf-tools","2500-4000","P0","Deferred","27"
"Best-of","best invoice generators for students","top invoice generators students; students pdf tools","Commercial","students","MOFU","Medium","Medium","/compare","/compare","/guides/choose-pdf-tool; /guides/pdf-tools","2500-4000","P0","Deferred","28"
"Best-of","best invoice generators for tax preparers","top invoice generators tax preparers; tax preparers pdf tools","Commercial","tax preparers","MOFU","Medium","Medium","/compare","/compare","/guides/choose-pdf-tool; /guides/pdf-tools","2500-4000","P0","Deferred","29"
"Best-of","best invoice generators for teachers","top invoice generators teachers; teachers pdf tools","Commercial","teachers","MOFU","Medium","Medium","/compare","/compare","/guides/choose-pdf-tool; /guides/pdf-tools","2500-4000","P0","Deferred","30"
"Compare","adobe acrobat alternative","free adobe acrobat alternative; adobe acrobat vs ratpdf","Commercial","Tool shoppers","BOFU","High","High","/compare/adobe-acrobat-alternative","/compare","/guides/choose-pdf-tool; /research/pdf-tool-market-comparison","2500-4000","P0","Published","31"
"Compare","foxit alternative","free foxit alternative; foxit vs ratpdf","Commercial","Tool shoppers","BOFU","High","High","/compare/foxit-alternative","/compare","/guides/choose-pdf-tool; /research/pdf-tool-market-comparison","2500-4000","P0","Published","32"
"Compare","ilovepdf alternative","free ilovepdf alternative; ilovepdf vs ratpdf","Commercial","Tool shoppers","BOFU","High","High","/compare/ilovepdf-alternative","/compare","/guides/choose-pdf-tool; /research/pdf-tool-market-comparison","2500-4000","P0","Published","33"
"Compare","pdf candy alternative","free pdf candy alternative; pdf candy vs ratpdf","Commercial","Tool shoppers","BOFU","High","High","/compare/pdf-candy-alternative","/compare","/guides/choose-pdf-tool; /research/pdf-tool-market-comparison","2500-4000","P0","Published","34"
"Compare","pdf24 alternative","free pdf24 alternative; pdf24 vs ratpdf","Commercial","Tool shoppers","BOFU","High","High","/compare/pdf24-alternative","/compare","/guides/choose-pdf-tool; /research/pdf-tool-market-comparison","2500-4000","P0","Published","35"
"Compare","pdfelement alternative","free pdfelement alternative; pdfelement vs ratpdf","Commercial","Tool shoppers","BOFU","High","High","/compare/pdfelement-alternative","/compare","/guides/choose-pdf-tool; /research/pdf-tool-market-comparison","2500-4000","P0","Published","36"
"Compare","sejda alternative","free sejda alternative; sejda vs ratpdf","Commercial","Tool shoppers","BOFU","High","High","/compare/sejda-alternative","/compare","/guides/choose-pdf-tool; /research/pdf-tool-market-comparison","2500-4000","P0","Published","37"
"Compare","smallpdf alternative","free smallpdf alternative; smallpdf vs ratpdf","Commercial","Tool shoppers","BOFU","High","High","/compare/smallpdf-alternative","/compare","/guides/choose-pdf-tool; /research/pdf-tool-market-comparison","2500-4000","P0","Published","38"
"Compare","sodapdf alternative","free sodapdf alternative; sodapdf vs ratpdf","Commercial","Tool shoppers","BOFU","High","High","/compare/sodapdf-alternative","/compare","/guides/choose-pdf-tool; /research/pdf-tool-market-comparison","2500-4000","P0","Published","39"
"Compare","wondershare alternative","free wondershare alternative; wondershare vs ratpdf","Commercial","Tool shoppers","BOFU","High","High","/compare/wondershare-alternative","/compare","/guides/choose-pdf-tool; /research/pdf-tool-market-comparison","2500-4000","P0","Published","40"
"Comparison","ocr vs pdf to text","difference; which to use","Commercial","Decision makers","MOFU","Low","Medium","/guides/ocr-vs-pdf-to-text","/compare","/guides/choose-pdf-tool","2500-4000","P0","Published","41"
"Comparison","pdf to word vs pdf to text","difference; which to use","Commercial","Decision makers","MOFU","Low","Medium","/guides/pdf-to-word-vs-pdf-to-text","/compare","/guides/choose-pdf-tool","2500-4000","P0","Published","42"
"Compress PDF","batch compress pdf files","","Commercial","SMB; professionals","MOFU","Medium","Medium","/guides/batch-compress-pdf","/pdf/compress","/compress-pdf; /research/pdf-compression-benchmark","2500-4000","P0","Published","43"
"Compress PDF","compress pdf before merge","","Informational","SMB; professionals","MOFU","Medium","Medium","/guides/compress-before-merge-pdf","/pdf/compress","/compress-pdf; /research/pdf-compression-benchmark","3000-5000","P0","Published","44"
"Compress PDF","compress pdf for blackboard upload","pdf size limit blackboard","Problem-solving","blackboard users","MOFU","Low","Medium","/guides/compress-pdf-for-lms","/pdf/compress","/compress-pdf-for-email; /research/attachment-size-limits","2000-3500","P0","Merged","45"
"Compress PDF","compress pdf for canvas upload","pdf size limit canvas","Problem-solving","canvas users","MOFU","Low","Medium","/guides/compress-pdf-for-lms","/pdf/compress","/compress-pdf-for-email; /research/attachment-size-limits","2000-3500","P0","Merged","46"
"Compress PDF","compress pdf for cloud storage","","Informational","SMB; professionals","MOFU","Medium","Medium","/guides/compress-pdf-cloud-storage","/pdf/compress","/compress-pdf; /research/pdf-compression-benchmark","3000-5000","P0","Published","47"
"Compress PDF","compress pdf for common-app upload","pdf size common-app","Problem-solving","Applicants","MOFU","Low","Medium","/guides/compress-pdf-common-app","/pdf/compress","/compress-pdf; /pdf-size-checker","2000-3500","P0","Published","48"
"Compress PDF","compress pdf for digilocker upload","pdf size digilocker","Problem-solving","Applicants","MOFU","Low","Medium","/guides/compress-pdf-digilocker","/pdf/compress","/compress-pdf; /pdf-size-checker","2000-3500","P0","Published","49"
"Compress PDF","compress pdf for e-filing","reduce pdf e-filing; pdf too large e-filing","Problem-solving","Office workers; applicants","MOFU","Medium","High","/guides/compress-pdf-efiling","/pdf/compress","/compress-pdf; /research/attachment-size-limits; /guides/compress-pdf-guide","2000-3500","P0","Published","50"
"Compress PDF","compress pdf for email","reduce pdf email; pdf too large email","Problem-solving","Office workers; applicants","MOFU","Medium","High","/guides/compress-pdf-for-email","/pdf/compress","/compress-pdf-for-email; /compress-pdf; /research/attachment-size-limits; /guides/compress-pdf-guide","2000-3500","P0","Published","51"
"Compress PDF","compress pdf for gmail upload","pdf size limit gmail","Problem-solving","gmail users","MOFU","Low","Medium","/guides/compress-pdf-for-gmail","/pdf/compress","/guides/compress-pdf-for-email; /research/attachment-size-limits","2000-3500","P0","Published","52"
"Compress PDF","compress pdf for government","reduce pdf government; pdf too large government","Problem-solving","Office workers; applicants","MOFU","Medium","High","/guides/compress-pdf-for-government-forms","/pdf/compress","/compress-pdf; /research/attachment-size-limits; /guides/compress-pdf-guide","2000-3500","P0","Published","53"
"Compress PDF","compress pdf for gst-portal upload","pdf size gst-portal","Problem-solving","Applicants","MOFU","Low","Medium","/guides/compress-pdf-gst-portal","/pdf/compress","/compress-pdf; /pdf-size-checker","2000-3500","P0","Published","54"
"Compress PDF","compress pdf for home-affairs-australia upload","pdf size home-affairs-australia","Problem-solving","Applicants","MOFU","Low","Medium","/guides/compress-pdf-home-affairs-australia","/pdf/compress","/guides/compress-pdf-for-visa-application; /pdf-size-checker","2000-3500","P0","Published","55"
"Compress PDF","compress pdf for immigration-canada upload","pdf size immigration-canada","Problem-solving","Applicants","MOFU","Low","Medium","/guides/compress-pdf-immigration-canada","/pdf/compress","/guides/compress-pdf-for-visa-application; /pdf-size-checker","2000-3500","P0","Published","56"
"Compress PDF","compress pdf for incometax upload","pdf size incometax","Problem-solving","Applicants","MOFU","Low","Medium","/guides/compress-pdf-incometax","/pdf/compress","/compress-pdf; /pdf-size-checker","2000-3500","P0","Published","57"
"Compress PDF","compress pdf for indeed upload","pdf size limit indeed","Problem-solving","indeed users","MOFU","Low","Medium","/guides/compress-pdf-for-indeed","/pdf/compress","/compress-pdf-for-email; /research/attachment-size-limits","2000-3500","P0","Published","58"
"Compress PDF","compress pdf for insurance","reduce pdf insurance; pdf too large insurance","Problem-solving","Office workers; applicants","MOFU","Medium","High","/guides/compress-pdf-insurance-claims","/pdf/compress","/compress-pdf; /research/attachment-size-limits; /guides/compress-pdf-guide","2000-3500","P0","Published","59"
"Compress PDF","compress pdf for irctc upload","pdf size irctc","Problem-solving","Applicants","MOFU","Low","Medium","/guides/compress-pdf-irctc","/pdf/compress","/compress-pdf; /pdf-size-checker","2000-3500","P0","Published","60"
"Compress PDF","compress pdf for job application","reduce pdf job application; pdf too large job application","Problem-solving","Office workers; applicants","MOFU","Medium","High","/guides/compress-pdf-for-job-application","/pdf/compress","/compress-pdf; /research/attachment-size-limits; /guides/compress-pdf-guide","2000-3500","P0","Published","61"
"Compress PDF","compress pdf for linkedin upload","pdf size limit linkedin","Problem-solving","linkedin users","MOFU","Low","Medium","/guides/compress-pdf-for-linkedin","/pdf/compress","/guides/compress-pdf-for-email; /research/attachment-size-limits","2000-3500","P0","Published","62"
"Compress PDF","compress pdf for linkedin-jobs upload","pdf size linkedin-jobs","Problem-solving","Applicants","MOFU","Low","Medium","/guides/compress-pdf-for-linkedin","/pdf/compress","/compress-pdf; /pdf-size-checker","2000-3500","P0","Merged","63"
"Compress PDF","compress pdf for LMS","reduce pdf LMS; pdf too large LMS","Problem-solving","Office workers; applicants","MOFU","Medium","High","/guides/compress-pdf-for-lms","/pdf/compress","/compress-pdf; /research/attachment-size-limits; /guides/compress-pdf-guide","2000-3500","P0","Published","64"
"Compress PDF","compress pdf for monster upload","pdf size monster","Problem-solving","Applicants","MOFU","Low","Medium","/guides/compress-pdf-for-job-application","/pdf/compress","/compress-pdf; /pdf-size-checker","2000-3500","P0","Merged","65"
"Compress PDF","compress pdf for moodle upload","pdf size limit moodle","Problem-solving","moodle users","MOFU","Low","Medium","/guides/compress-pdf-for-lms","/pdf/compress","/guides/compress-pdf-for-email; /research/attachment-size-limits","2000-3500","P0","Merged","66"
"Compress PDF","compress pdf for naukri upload","pdf size limit naukri","Problem-solving","naukri users","MOFU","Low","Medium","/guides/compress-pdf-for-naukri","/pdf/compress","/guides/compress-pdf-for-email; /research/attachment-size-limits","2000-3500","P0","Published","67"
"Compress PDF","compress pdf for naukri upload","pdf size naukri","Problem-solving","Applicants","MOFU","Low","Medium","/guides/compress-pdf-for-naukri","/pdf/compress","/compress-pdf; /pdf-size-checker","2000-3500","P0","Merged","68"
"Compress PDF","compress pdf for outlook upload","pdf size limit outlook","Problem-solving","outlook users","MOFU","Low","Medium","/guides/compress-pdf-for-outlook","/pdf/compress","/guides/compress-pdf-for-email; /research/attachment-size-limits","2000-3500","P0","Published","69"
"Compress PDF","compress pdf for passport","reduce pdf passport; pdf too large passport","Problem-solving","Office workers; applicants","MOFU","Medium","High","/guides/compress-pdf-for-passport-application","/pdf/compress","/compress-pdf-for-passport-application; /guides/compress-pdf-passport-india; /guides/compress-pdf-guide","2000-3500","P0","Published","70"
"Compress PDF","compress pdf for printing","","Informational","SMB; professionals","MOFU","Medium","Medium","/guides/compress-pdf-for-printing","/pdf/compress","/compress-pdf; /guides/compress-pdf-guide","3000-5000","P0","Published","71"
"Compress PDF","compress pdf for protonmail upload","pdf size limit protonmail","Problem-solving","protonmail users","MOFU","Low","Medium","/guides/compress-pdf-for-protonmail","/pdf/compress","/guides/compress-pdf-for-email; /research/attachment-size-limits","2000-3500","P0","Published","72"
"Compress PDF","compress pdf for schengen-visa upload","pdf size schengen-visa","Problem-solving","Applicants","MOFU","Low","Medium","/guides/compress-pdf-schengen-visa","/pdf/compress","/guides/compress-pdf-for-visa-application; /pdf-size-checker","2000-3500","P0","Published","73"
"Compress PDF","compress pdf for shine upload","pdf size shine","Problem-solving","Applicants","MOFU","Low","Medium","/guides/compress-pdf-for-naukri","/pdf/compress","/compress-pdf; /pdf-size-checker","2000-3500","P0","Merged","74"
"Compress PDF","compress pdf for telegram upload","pdf size limit telegram","Problem-solving","telegram users","MOFU","Low","Medium","/guides/compress-pdf-for-telegram","/pdf/compress","/guides/compress-pdf-for-email; /research/attachment-size-limits","2000-3500","P0","Published","75"
"Compress PDF","compress pdf for ucas upload","pdf size ucas","Problem-solving","Applicants","MOFU","Low","Medium","/guides/compress-pdf-ucas","/pdf/compress","/guides/compress-pdf-for-university-application; /pdf-size-checker","2000-3500","P0","Published","76"
"Compress PDF","compress pdf for uidai upload","pdf size uidai","Problem-solving","Applicants","MOFU","Low","Medium","/guides/compress-pdf-uidai","/pdf/compress","/guides/compress-pdf-digilocker; /guides/compress-pdf-passport-india","2000-3500","P0","Published","77"
"Compress PDF","compress pdf for ukvi upload","pdf size ukvi","Problem-solving","Applicants","MOFU","Low","Medium","/guides/compress-pdf-ukvi","/pdf/compress","/guides/compress-pdf-for-visa-application; /pdf-size-checker","2000-3500","P0","Published","78"
"Compress PDF","compress pdf for university","reduce pdf university; pdf too large university","Problem-solving","Office workers; applicants","MOFU","Medium","High","/guides/compress-pdf-for-university-application","/pdf/compress","/compress-pdf; /research/attachment-size-limits; /guides/compress-pdf-guide","2000-3500","P0","Published","79"
"Compress PDF","compress pdf for usajobs upload","pdf size usajobs","Problem-solving","Applicants","MOFU","Low","Medium","/guides/compress-pdf-usajobs","/pdf/compress","/guides/compress-pdf-for-job-application; /pdf-size-checker","2000-3500","P0","Published","80"
"Compress PDF","compress pdf for visa","reduce pdf visa; pdf too large visa","Problem-solving","Office workers; applicants","MOFU","Medium","High","/guides/compress-pdf-for-visa-application","/pdf/compress","/compress-pdf; /research/attachment-size-limits; /guides/compress-pdf-guide","2000-3500","P0","Published","81"
"Compress PDF","compress pdf for whatsapp","reduce pdf whatsapp; pdf too large whatsapp","Problem-solving","Office workers; applicants","MOFU","Medium","High","/guides/compress-pdf-for-whatsapp","/pdf/compress","/compress-pdf; /research/attachment-size-limits; /guides/compress-pdf-guide","2000-3500","P0","Merged","82"
"Compress PDF","compress pdf for whatsapp upload","pdf size limit whatsapp","Problem-solving","whatsapp users","MOFU","Low","Medium","/guides/compress-pdf-for-whatsapp","/pdf/compress","/compress-pdf-for-email; /research/attachment-size-limits","2000-3500","P0","Published","83"
"Compress PDF","compress pdf for workday upload","pdf size limit workday","Problem-solving","workday users","MOFU","Low","Medium","/guides/compress-pdf-for-workday","/pdf/compress","/guides/compress-pdf-for-email; /guides/compress-pdf-for-job-application","2000-3500","P0","Published","84"
"Compress PDF","compress pdf for yahoo mail upload","pdf size limit yahoo mail","Problem-solving","yahoo mail users","MOFU","Low","Medium","/guides/compress-pdf-for-yahoo-mail","/pdf/compress","/guides/compress-pdf-for-email; /research/attachment-size-limits","2000-3500","P0","Published","85"
"Compress PDF","compress pdf on android","reduce pdf size android; android pdf compressor","Task-based","Mobile/desktop users","MOFU","Low","Medium","/guides/compress-pdf-on-android","/pdf/compress","/compress-pdf-on-android; /guides/compress-pdf-guide","2000-3500","P0","Published","86"
"Compress PDF","compress pdf on chromebook","reduce pdf size chromebook; chromebook pdf compressor","Task-based","Mobile/desktop users","MOFU","Low","Medium","/guides/compress-pdf-on-windows","/pdf/compress","/compress-pdf-on-chromebook; /guides/compress-pdf-on-windows","2000-3500","P0","Merged","87"
"Compress PDF","compress pdf on ipad","reduce pdf size ipad; ipad pdf compressor","Task-based","Mobile/desktop users","MOFU","Low","Medium","/guides/compress-pdf-on-iphone","/pdf/compress","/compress-pdf-on-ipad; /guides/compress-pdf-on-iphone","2000-3500","P0","Merged","88"
"Compress PDF","compress pdf on iphone","reduce pdf size iphone; iphone pdf compressor","Task-based","Mobile/desktop users","MOFU","Low","Medium","/guides/compress-pdf-on-iphone","/pdf/compress","/compress-pdf-on-iphone; /guides/compress-pdf-guide","2000-3500","P0","Published","89"
"Compress PDF","compress pdf on mac","reduce pdf size mac; mac pdf compressor","Task-based","Mobile/desktop users","MOFU","Low","Medium","/guides/compress-pdf-on-mac","/pdf/compress","/compress-pdf-on-mac; /guides/compress-pdf-guide","2000-3500","P0","Published","90"
"Compress PDF","compress pdf on windows","reduce pdf size windows; windows pdf compressor","Task-based","Mobile/desktop users","MOFU","Low","Medium","/guides/compress-pdf-on-windows","/pdf/compress","/compress-pdf-on-windows; /guides/compress-pdf-guide","2000-3500","P0","Published","91"
"Compress PDF","compress pdf online free 2024","","Transactional","General","BOFU","Medium","High","/guides/compress-pdf-guide","/pdf/compress","/compress-pdf","2000-3500","P0","Merged","92"
"Compress PDF","compress pdf online free 2025","","Transactional","General","BOFU","Medium","High","/guides/compress-pdf-guide","/pdf/compress","/compress-pdf","2000-3500","P0","Merged","93"
"Compress PDF","compress pdf online free 2026","","Transactional","General","BOFU","Medium","High","/guides/compress-pdf-guide","/pdf/compress","/compress-pdf","2000-3500","P0","Merged","94"
"Compress PDF","compress pdf online free 2027","","Transactional","General","BOFU","Medium","High","/guides/compress-pdf-guide","/pdf/compress","/compress-pdf","2000-3500","P0","Merged","95"
"Compress PDF","compress pdf to 100kb","reduce pdf 100kb; pdf compressor 100kb","Transactional","General users","BOFU","Medium","High","/guides/compress-pdf-guide","/pdf/compress","/compress-pdf; /research/attachment-size-limits; /pdf-size-checker","2000-3500","P0","Merged","96"
"Compress PDF","compress pdf to 10mb","reduce pdf 10mb; pdf compressor 10mb","Transactional","General users","BOFU","Medium","High","/guides/compress-pdf-guide","/pdf/compress","/compress-pdf; /research/attachment-size-limits; /pdf-size-checker","2000-3500","P0","Merged","97"
"Compress PDF","compress pdf to 150kb","reduce pdf 150kb; pdf compressor 150kb","Transactional","General users","BOFU","Medium","High","/guides/compress-pdf-guide","/pdf/compress","/compress-pdf; /research/attachment-size-limits; /pdf-size-checker","2000-3500","P0","Merged","98"
"Compress PDF","compress pdf to 1mb","reduce pdf 1mb; pdf compressor 1mb","Transactional","General users","BOFU","Medium","High","/guides/compress-pdf-guide","/pdf/compress","/compress-pdf; /research/attachment-size-limits; /pdf-size-checker","2000-3500","P0","Merged","99"
"Compress PDF","compress pdf to 200kb","reduce pdf 200kb; pdf compressor 200kb","Transactional","General users","BOFU","Medium","High","/guides/compress-pdf-guide","/pdf/compress","/compress-pdf; /research/attachment-size-limits; /pdf-size-checker","2000-3500","P0","Merged","100"
"Compress PDF","compress pdf to 20mb","reduce pdf 20mb; pdf compressor 20mb","Transactional","General users","BOFU","Medium","High","/guides/compress-pdf-guide","/pdf/compress","/compress-pdf; /research/attachment-size-limits; /pdf-size-checker","2000-3500","P0","Merged","101"
"Compress PDF","compress pdf to 250kb","reduce pdf 250kb; pdf compressor 250kb","Transactional","General users","BOFU","Medium","High","/guides/compress-pdf-guide","/pdf/compress","/compress-pdf; /research/attachment-size-limits; /pdf-size-checker","2000-3500","P0","Merged","102"
"Compress PDF","compress pdf to 25mb","reduce pdf 25mb; pdf compressor 25mb","Transactional","General users","BOFU","Medium","High","/guides/compress-pdf-guide","/pdf/compress","/compress-pdf; /research/attachment-size-limits; /pdf-size-checker","2000-3500","P0","Merged","103"
"Compress PDF","compress pdf to 2mb","reduce pdf 2mb; pdf compressor 2mb","Transactional","General users","BOFU","Medium","High","/guides/compress-pdf-guide","/pdf/compress","/compress-pdf; /research/attachment-size-limits; /pdf-size-checker","2000-3500","P0","Merged","104"
"Compress PDF","compress pdf to 300kb","reduce pdf 300kb; pdf compressor 300kb","Transactional","General users","BOFU","Medium","High","/guides/compress-pdf-guide","/pdf/compress","/compress-pdf; /research/attachment-size-limits; /pdf-size-checker","2000-3500","P0","Merged","105"
"Compress PDF","compress pdf to 500kb","reduce pdf 500kb; pdf compressor 500kb","Transactional","General users","BOFU","Medium","High","/guides/compress-pdf-guide","/pdf/compress","/compress-pdf; /research/attachment-size-limits; /pdf-size-checker","2000-3500","P0","Merged","106"
"Compress PDF","compress pdf to 50kb","reduce pdf 50kb; pdf compressor 50kb","Transactional","General users","BOFU","Medium","High","/guides/compress-pdf-guide","/pdf/compress","/compress-pdf; /research/attachment-size-limits; /pdf-size-checker","2000-3500","P0","Merged","107"
"Compress PDF","compress pdf to 5mb","reduce pdf 5mb; pdf compressor 5mb","Transactional","General users","BOFU","Medium","High","/guides/compress-pdf-guide","/pdf/compress","/compress-pdf; /research/attachment-size-limits; /pdf-size-checker","2000-3500","P0","Merged","108"
"Compress PDF","compress pdf with images","","Informational","SMB; professionals","MOFU","Medium","Medium","/guides/compress-pdf-with-images","/pdf/compress","/compress-pdf; /research/pdf-compression-benchmark","3000-5000","P0","Published","109"
"Compress PDF","how do i compress pdf for job application","tutorial; step by step","Informational","Beginners","TOFU","Low","Medium","/guides/compress-pdf-for-job-application","/guides/pdf-tools","/guides/pdf-tools","3000-5000","P0","Merged","110"
"Compress PDF","how do i compress pdf for passport","tutorial; step by step","Informational","Beginners","TOFU","Low","Medium","/guides/compress-pdf-for-passport-application","/guides/pdf-tools","/guides/compress-pdf-for-passport-application","3000-5000","P0","Merged","111"
"Compress PDF","how do i compress pdf for university","tutorial; step by step","Informational","Beginners","TOFU","Low","Medium","/guides/compress-pdf-for-university-application","/guides/pdf-tools","/guides/pdf-tools","3000-5000","P0","Merged","112"
"Compress PDF","how do i compress pdf for visa","tutorial; step by step","Informational","Beginners","TOFU","Low","Medium","/guides/compress-pdf-for-visa-application","/guides/pdf-tools","/guides/pdf-tools","3000-5000","P0","Merged","113"
"Compress PDF","how to compress pdf without losing quality","","Informational","SMB; professionals","MOFU","Medium","Medium","/guides/compress-pdf-without-quality-loss","/pdf/compress","/compress-pdf; /research/pdf-compression-benchmark","3000-5000","P0","Published","114"
"Developer","html to pdf api alternatives","developer","Transactional","Developers","MOFU","Low","Medium","/blog/html-to-pdf-developers","/pdf/htmltopdf","/guides/developer-tools; /tools/developer","2000-3500","P0","Published","115"
"Glossary","what is compress pdf online","compress pdf online definition; compress pdf online meaning","Informational","Beginners; students","TOFU","Low","Low","/guides/glossary-compress-pdf-online","/guides/pdf-tools","/guides/pdf-tools","3000-5000","P0","Published","116"
"Glossary","what is merge pdf online","merge pdf online definition; merge pdf online meaning","Informational","Beginners; students","TOFU","Low","Low","/guides/merge-pdf-online","/guides/pdf-tools","/guides/pdf-tools","3000-5000","P0","Merged","117"
"Glossary","what is pdf to text extractor","pdf to text extractor definition; pdf to text extractor meaning","Informational","Beginners; students","TOFU","Low","Low","/guides/glossary-pdf-to-text-extractor","/guides/pdf-tools","/guides/pdf-tools","3000-5000","P0","Published","118"
"Glossary","what is pdf to word converter","pdf to word converter definition; pdf to word converter meaning","Informational","Beginners; students","TOFU","Low","Low","/guides/glossary-pdf-to-word-converter","/guides/pdf-tools","/guides/pdf-tools","3000-5000","P0","Published","119"
"Industry","how to compress pdf construction","","Problem-solving","construction","MOFU","Low","Low","/guides/compress-pdf-construction","/pdf/compress","/guides/pdf-tools-construction","2000-3500","P0","Published","120"
"Industry","how to compress pdf ecommerce","","Problem-solving","ecommerce","MOFU","Low","Low","/guides/compress-pdf-ecommerce","/pdf/compress","/guides/pdf-tools-ecommerce","2000-3500","P0","Published","121"
"Industry","how to compress pdf freelancers","","Problem-solving","freelancers","MOFU","Low","Low","/guides/compress-pdf-freelancers","/pdf/compress","/guides/pdf-tools-freelancers","2000-3500","P0","Published","122"
"Industry","how to compress pdf government","","Problem-solving","government","MOFU","Low","Low","/guides/compress-pdf-government","/pdf/compress","/guides/pdf-tools-government-applicants","2000-3500","P0","Published","123"
"Industry","how to compress pdf healthcare-admin","","Problem-solving","healthcare-admin","MOFU","Low","Low","/guides/compress-pdf-healthcare-admin","/pdf/compress","/guides/pdf-tools-healthcare-admin","2000-3500","P0","Published","124"
"Industry","how to compress pdf hr","","Problem-solving","hr","MOFU","Low","Low","/guides/compress-pdf-hr","/pdf/compress","/guides/pdf-tools-hr","2000-3500","P0","Published","125"
"Industry","how to compress pdf insurance","","Problem-solving","insurance","MOFU","Low","Low","/guides/compress-pdf-insurance-claims","/pdf/compress","/guides/pdf-tools-insurance","2000-3500","P0","Merged","126"
"Industry","how to compress pdf marketing-agencies","","Problem-solving","marketing-agencies","MOFU","Low","Low","/guides/compress-pdf-marketing-agencies","/pdf/compress","/guides/pdf-tools-marketing-agencies","2000-3500","P0","Published","127"
"Industry","how to compress pdf nonprofits","","Problem-solving","nonprofits","MOFU","Low","Low","/guides/compress-pdf-nonprofits","/pdf/compress","/guides/pdf-tools-nonprofits","2000-3500","P0","Published","128"
"Industry","how to compress pdf real-estate","","Problem-solving","real-estate","MOFU","Low","Low","/guides/compress-pdf-real-estate","/pdf/compress","/guides/pdf-tools-real-estate","2000-3500","P0","Published","129"
"Industry","how to compress pdf recruiters","","Problem-solving","recruiters","MOFU","Low","Low","/guides/compress-pdf-recruiters","/pdf/compress","/guides/pdf-tools-recruiters","2000-3500","P0","Published","130"
"Industry","how to compress pdf students","","Problem-solving","students","MOFU","Low","Low","/guides/compress-pdf-students","/pdf/compress","/pdf-tools-for-students","2000-3500","P0","Published","131"
"Industry","how to compress pdf teachers","","Problem-solving","teachers","MOFU","Low","Low","/guides/compress-pdf-teachers","/pdf/compress","/guides/pdf-tools-teachers","2000-3500","P0","Published","132"
"Invoice","bulk gst invoice generator","CA firms","Transactional","Indian SMB; accountants","MOFU","Medium","High","/guides/bulk-gst-invoice-generator","/invoice/create","/gst-invoice-checker; /research/freelancer-invoicing-statistics","2000-3500","P0","Published","133"
"Invoice","invoice generator australia","tax invoice australia; free invoice australia","Transactional","SMB australia","BOFU","Medium","High","/guides/invoice-generator-australia","/invoice/create","/guides/invoice-generator-guide; /gst-invoice-checker","2000-3500","P0","Published","134"
"Invoice","invoice generator canada","tax invoice canada; free invoice canada","Transactional","SMB canada","BOFU","Medium","High","/guides/invoice-generator-canada","/invoice/create","/guides/invoice-generator-guide; /gst-invoice-checker","2000-3500","P0","Published","135"
"Invoice","invoice generator france","tax invoice france; free invoice france","Transactional","SMB france","BOFU","Medium","High","/guides/invoice-generator-france","/invoice/create","/guides/invoice-generator-guide; /gst-invoice-checker","2000-3500","P0","Published","136"
"Invoice","invoice generator germany","tax invoice germany; free invoice germany","Transactional","SMB germany","BOFU","Medium","High","/guides/invoice-generator-germany","/invoice/create","/guides/invoice-generator-guide; /gst-invoice-checker","2000-3500","P0","Published","137"
"Invoice","invoice generator india","tax invoice india; free invoice india","Transactional","SMB india","BOFU","Medium","High","/guides/invoice-generator-india","/invoice/create","/guides/invoice-generator-guide; /gst-invoice-checker","2000-3500","P0","Published","138"
"Invoice","invoice generator new-zealand","tax invoice new-zealand; free invoice new-zealand","Transactional","SMB new-zealand","BOFU","Medium","High","/guides/invoice-generator-new-zealand","/invoice/create","/guides/invoice-generator-guide; /gst-invoice-checker","2000-3500","P0","Published","139"
"Invoice","invoice generator philippines","tax invoice philippines; free invoice philippines","Transactional","SMB philippines","BOFU","Medium","High","/guides/invoice-generator-philippines","/invoice/create","/guides/invoice-generator-guide; /gst-invoice-checker","2000-3500","P0","Published","140"
"Invoice","invoice generator singapore","tax invoice singapore; free invoice singapore","Transactional","SMB singapore","BOFU","Medium","High","/guides/invoice-generator-singapore","/invoice/create","/guides/invoice-generator-guide; /gst-invoice-checker","2000-3500","P0","Published","141"
"Invoice","invoice generator south-africa","tax invoice south-africa; free invoice south-africa","Transactional","SMB south-africa","BOFU","Medium","High","/guides/invoice-generator-south-africa","/invoice/create","/guides/invoice-generator-guide; /gst-invoice-checker","2000-3500","P0","Published","142"
"Invoice","invoice generator uae","tax invoice uae; free invoice uae","Transactional","SMB uae","BOFU","Medium","High","/guides/invoice-generator-uae","/invoice/create","/guides/invoice-generator-guide; /gst-invoice-checker","2000-3500","P0","Published","143"
"Invoice","invoice generator uk","tax invoice uk; free invoice uk","Transactional","SMB uk","BOFU","Medium","High","/guides/invoice-generator-uk","/invoice/create","/guides/invoice-generator-guide; /gst-invoice-checker","2000-3500","P0","Published","144"
"Invoice","invoice generator usa","tax invoice usa; free invoice usa","Transactional","SMB usa","BOFU","Medium","High","/guides/invoice-generator-usa","/invoice/create","/guides/invoice-generator-guide; /gst-invoice-checker","2000-3500","P0","Published","145"
"Invoice","recurring invoice generator","subscription billing","Commercial","Indian SMB; accountants","MOFU","Medium","High","/guides/recurring-invoice-generator","/invoice/create","/gst-invoice-checker; /research/freelancer-invoicing-statistics","2500-4000","P0","Published","146"
"Merge PDF","how do i merge pdf files","tutorial; step by step","Informational","Beginners","TOFU","Low","Medium","/guides/how-to-merge-pdf-files","/guides/pdf-tools","/guides/pdf-tools","3000-5000","P0","Published","147"
"Merge PDF","how do i merge pdf without quality loss","tutorial; step by step","Informational","Beginners","TOFU","Low","Medium","/guides/merge-pdf-without-quality-loss","/guides/pdf-tools","/guides/pdf-tools","3000-5000","P0","Merged","148"
"Merge PDF","merge pdf for accountants","board packs","Transactional","General","MOFU","Medium","High","/guides/merge-pdf-accountants","/pdf/merge","/guides/merge-pdf; /guides/split-pdf; /pdf/compress","2000-3500","P0","Published","149"
"Merge PDF","merge pdf for court filing","legal exhibits","Transactional","General","MOFU","Medium","High","/guides/merge-pdf-court-filing","/pdf/merge","/guides/merge-pdf; /guides/split-pdf; /pdf/compress","2000-3500","P0","Published","150"
"Merge PDF","merge pdf for students","readings","Transactional","General","MOFU","Medium","High","/guides/merge-pdf-students","/pdf/merge","/guides/merge-pdf; /guides/split-pdf; /pdf/compress","2000-3500","P0","Published","151"
"Merge PDF","merge pdf for visa application","document pack","Transactional","General","MOFU","Medium","High","/guides/merge-pdf-visa-application","/pdf/merge","/guides/merge-pdf; /guides/split-pdf; /pdf/compress","2000-3500","P0","Published","152"
"Merge PDF","merge pdf in order","reorder pages","Transactional","General","MOFU","Medium","High","/guides/merge-pdf-custom-order","/pdf/merge","/guides/merge-pdf; /guides/split-pdf; /pdf/compress","2000-3500","P0","Published","153"
"Merge PDF","merge pdf online","combine pdf files","Transactional","General","MOFU","Medium","High","/guides/merge-pdf-online","/pdf/merge","/guides/merge-pdf; /guides/split-pdf; /pdf/compress","2000-3500","P0","Published","154"
"Merge PDF","merge pdf password protected","encrypted merge","Transactional","General","MOFU","Medium","High","/guides/merge-password-protected-pdf","/pdf/merge","/guides/merge-pdf; /guides/split-pdf; /pdf/compress","2000-3500","P0","Published","155"
"Merge PDF","merge pdf scanned and digital","mixed sources","Transactional","General","MOFU","Medium","High","/guides/merge-scanned-digital-pdf","/pdf/merge","/guides/merge-pdf; /guides/split-pdf; /pdf/compress","2000-3500","P0","Published","156"
"Merge PDF","merge pdf without losing quality","vector preserve","Transactional","General","MOFU","Medium","High","/guides/merge-pdf-without-quality-loss","/pdf/merge","/guides/merge-pdf; /guides/split-pdf; /pdf/compress","2000-3500","P0","Published","157"
"Mistakes","common mistakes when pdf to word for scanned tables","avoid; fix","Informational","Professionals","TOFU","Low","Low","/guides/mistakes-pdf-to-word-for-scanned-tables","/guides/pdf-tools","/blog/pdf-editing-mistakes","3000-5000","P0","Published","158"
"OCR PDF","ocr pdf arabic","extract text arabic pdf; arabic scanned pdf","Transactional","Global users","MOFU","Medium","Medium","/guides/ocr-pdf-arabic","/pdf/ocrpdf","/pdf-to-txt/ocr-pdf-to-text; /guides/ocr-pdf","2000-3500","P0","Published","159"
"OCR PDF","ocr pdf chinese","extract text chinese pdf; chinese scanned pdf","Transactional","Global users","MOFU","Medium","Medium","/guides/ocr-pdf-chinese","/pdf/ocrpdf","/pdf-to-txt/ocr-pdf-to-text; /guides/ocr-pdf","2000-3500","P0","Published","160"
"OCR PDF","ocr pdf french","extract text french pdf; french scanned pdf","Transactional","Global users","MOFU","Medium","Medium","/guides/ocr-pdf-french","/pdf/ocrpdf","/pdf-to-txt/ocr-pdf-to-text; /guides/ocr-pdf","2000-3500","P0","Published","161"
"OCR PDF","ocr pdf german","extract text german pdf; german scanned pdf","Transactional","Global users","MOFU","Medium","Medium","/guides/ocr-pdf-german","/pdf/ocrpdf","/pdf-to-txt/ocr-pdf-to-text; /guides/ocr-pdf","2000-3500","P0","Published","162"
"OCR PDF","ocr pdf hindi","extract text hindi pdf; hindi scanned pdf","Transactional","Global users","MOFU","Medium","Medium","/guides/ocr-pdf-hindi","/pdf/ocrpdf","/pdf-to-txt/ocr-pdf-to-text; /guides/ocr-pdf","2000-3500","P0","Published","163"
"OCR PDF","ocr pdf japanese","extract text japanese pdf; japanese scanned pdf","Transactional","Global users","MOFU","Medium","Medium","/guides/ocr-pdf-japanese","/pdf/ocrpdf","/pdf-to-txt/ocr-pdf-to-text; /guides/ocr-pdf","2000-3500","P0","Published","164"
"OCR PDF","ocr pdf korean","extract text korean pdf; korean scanned pdf","Transactional","Global users","MOFU","Medium","Medium","/guides/ocr-pdf-korean","/pdf/ocrpdf","/pdf-to-txt/ocr-pdf-to-text; /guides/ocr-pdf","2000-3500","P0","Published","165"
"OCR PDF","ocr pdf portuguese","extract text portuguese pdf; portuguese scanned pdf","Transactional","Global users","MOFU","Medium","Medium","/guides/ocr-pdf-portuguese","/pdf/ocrpdf","/pdf-to-txt/ocr-pdf-to-text; /guides/ocr-pdf","2000-3500","P0","Published","166"
"OCR PDF","ocr pdf russian","extract text russian pdf; russian scanned pdf","Transactional","Global users","MOFU","Medium","Medium","/guides/ocr-pdf-russian","/pdf/ocrpdf","/pdf-to-txt/ocr-pdf-to-text; /guides/ocr-pdf","2000-3500","P0","Published","167"
"OCR PDF","ocr pdf spanish","extract text spanish pdf; spanish scanned pdf","Transactional","Global users","MOFU","Medium","Medium","/guides/ocr-pdf-spanish","/pdf/ocrpdf","/pdf-to-txt/ocr-pdf-to-text; /guides/ocr-pdf","2000-3500","P0","Published","168"
"PDF to Text","how do i convert scanned pdf to word","tutorial; step by step","Informational","Beginners","TOFU","Low","Medium","/guides/scanned-pdf-to-word","/guides/pdf-tools","/guides/pdf-tools","3000-5000","P0","Merged","169"
"PDF to Text","how to convert pdf to text","step by step","Informational","Students; researchers; office","MOFU","Medium","High","/pdf-to-txt/how-do-i-convert-pdf-to-text","/pdf/pdftotext","/pdf/ocrpdf; /guides/ocr-pdf; /guides/pdf-txt-guide","3000-5000","P0","Published","170"
"PDF to Text","ocr pdf for e-discovery","legal","Industry","Students; researchers; office","MOFU","Medium","High","/guides/ocr-pdf-ediscovery","/pdf/pdftotext","/pdf/ocrpdf; /guides/ocr-pdf; /guides/pdf-txt-guide","2000-3500","P0","Published","171"
"PDF to Text","ocr pdf to text","scanned pdf text","Transactional","Students; researchers; office","MOFU","Medium","High","/pdf-to-txt/ocr-pdf-to-text","/pdf/pdftotext","/pdf/ocrpdf; /guides/ocr-pdf; /guides/pdf-txt-guide","2000-3500","P0","Published","172"
"PDF to Text","pdf to text accessibility","screen readers","Industry","Students; researchers; office","MOFU","Medium","High","/guides/pdf-to-text-accessibility","/pdf/pdftotext","/pdf/ocrpdf; /guides/ocr-pdf; /guides/pdf-txt-guide","2000-3500","P0","Published","173"
"PDF to Text","pdf to text bank statements","finance","Industry","Students; researchers; office","MOFU","Medium","High","/guides/pdf-to-text-bank-statements","/pdf/pdftotext","/pdf/ocrpdf; /guides/ocr-pdf; /guides/pdf-txt-guide","2000-3500","P0","Published","174"
"PDF to Text","pdf to text for python","data pipeline","Advanced","Students; researchers; office","MOFU","Medium","High","/guides/pdf-to-text-python-workflow","/pdf/pdftotext","/pdf/ocrpdf; /guides/ocr-pdf; /guides/pdf-txt-guide","2000-3500","P0","Published","175"
"PDF to Text","pdf to text for research","academic papers","Industry","Students; researchers; office","MOFU","Medium","High","/guides/pdf-to-text-research","/pdf/pdftotext","/pdf/ocrpdf; /guides/ocr-pdf; /guides/pdf-txt-guide","2000-3500","P0","Published","176"
"PDF to Text","pdf to text legal documents","contracts","Industry","Students; researchers; office","MOFU","Medium","High","/guides/pdf-to-text-legal","/pdf/pdftotext","/pdf/ocrpdf; /guides/ocr-pdf; /guides/pdf-txt-guide","2000-3500","P0","Published","177"
"PDF to Text","pdf to text multilingual","unicode encoding","Advanced","Students; researchers; office","MOFU","Medium","High","/guides/pdf-to-text-multilingual","/pdf/pdftotext","/pdf/ocrpdf; /guides/ocr-pdf; /guides/pdf-txt-guide","2000-3500","P0","Published","178"
"PDF to Text","pdf to text on android","mobile","Task-based","Students; researchers; office","MOFU","Medium","High","/pdf-to-txt/pdf-to-text-android","/pdf/pdftotext","/pdf/ocrpdf; /guides/ocr-pdf; /guides/pdf-txt-guide","2000-3500","P0","Published","179"
"PDF to Text","pdf to text on iphone","mobile","Task-based","Students; researchers; office","MOFU","Medium","High","/pdf-to-txt/pdf-to-text-iphone","/pdf/pdftotext","/pdf/ocrpdf; /guides/ocr-pdf; /guides/pdf-txt-guide","2000-3500","P0","Published","180"
"PDF to Text","pdf to text online","extract text from pdf","Transactional","Students; researchers; office","MOFU","Medium","High","/pdf-to-txt/pdf-to-text-online","/pdf/pdftotext","/pdf/ocrpdf; /guides/ocr-pdf; /guides/pdf-txt-guide","2000-3500","P0","Published","181"
"PDF to Text","pdf to text vs pdf to word","comparison","Commercial","Students; researchers; office","MOFU","Medium","High","/guides/pdf-to-word-vs-pdf-to-text","/pdf/pdftotext","/pdf/ocrpdf; /guides/ocr-pdf; /guides/pdf-txt-guide","2500-4000","P0","Merged","182"
"PDF to Text","scanned pdf to text","image pdf ocr","Informational","Students; researchers; office","MOFU","Medium","High","/pdf-to-txt/how-scanned-pdf-to-text","/pdf/pdftotext","/pdf/ocrpdf; /guides/ocr-pdf; /guides/pdf-txt-guide","3000-5000","P0","Published","183"
"PDF to Word","how to convert pdf to word","tutorial","Transactional","Office workers","BOFU","High","High","/pdf-to-word/how-to-convert-pdf-to-word","/pdf/pdftodoc","/guides/pdf-to-word; /pdf/ocrpdf","2000-3500","P0","Published","184"
"PDF to Word","pdf to word batch convert","multiple files","Transactional","Office workers","BOFU","High","High","/guides/batch-pdf-to-word","/pdf/pdftodoc","/guides/pdf-to-word; /pdf/ocrpdf","2000-3500","P0","Published","185"
"PDF to Word","pdf to word converter","convert pdf docx","Transactional","Office workers","BOFU","High","High","/pdf-to-word/pdf-to-word","/pdf/pdftodoc","/guides/pdf-to-word; /pdf/ocrpdf","2000-3500","P0","Published","186"
"PDF to Word","pdf to word for invoice","editable invoice","Transactional","Office workers","BOFU","High","High","/guides/pdf-to-word-invoice","/pdf/pdftodoc","/guides/pdf-to-word; /pdf/ocrpdf","2000-3500","P0","Published","187"
"PDF to Word","pdf to word for resume","job seekers","Transactional","Office workers","BOFU","High","High","/guides/pdf-to-word-resume","/pdf/pdftodoc","/guides/pdf-to-word; /pdf/ocrpdf","2000-3500","P0","Published","188"
"PDF to Word","pdf to word keep formatting","tables logos","Transactional","Office workers","BOFU","High","High","/guides/pdf-to-word-keep-formatting","/pdf/pdftodoc","/guides/pdf-to-word; /pdf/ocrpdf","2000-3500","P0","Published","189"
"PDF to Word","pdf to word mac","apple users","Transactional","Office workers","BOFU","High","High","/guides/pdf-to-word-mac","/pdf/pdftodoc","/guides/pdf-to-word; /pdf/ocrpdf","2000-3500","P0","Published","190"
"PDF to Word","pdf to word vs google docs","comparison","Transactional","Office workers","BOFU","High","High","/guides/pdf-to-word-vs-google-docs","/pdf/pdftodoc","/guides/pdf-to-word; /pdf/ocrpdf","2000-3500","P0","Published","191"
"PDF to Word","pdf to word without microsoft word","free edit","Transactional","Office workers","BOFU","High","High","/guides/pdf-to-word-without-word","/pdf/pdftodoc","/guides/pdf-to-word; /pdf/ocrpdf","2000-3500","P0","Published","192"
"PDF to Word","scanned pdf to word","ocr workflow","Transactional","Office workers","BOFU","High","High","/guides/scanned-pdf-to-word","/pdf/pdftodoc","/guides/pdf-to-word; /pdf/ocrpdf","2000-3500","P0","Published","193"
"Research","email attachment size limits 2026","reference table","Informational","Journalists; IT; SMB","TOFU","Low","High","/research/attachment-size-limits","/resources","/resources; /pdf-size-checker","3000-5000","P0","Published","194"
"Troubleshooting","compress pdf made it larger","why","Problem-solving","Frustrated users","MOFU","Low","High","/guides/compress-pdf-made-it-larger","/pdf/compress","/compress-pdf; /guides/compress-pdf-guide","2000-3500","P0","Published","195"
"Troubleshooting","ocr pdf poor quality","scan tips","Problem-solving","Frustrated users","MOFU","Low","High","/guides/ocr-pdf-poor-quality","/pdf/ocrpdf","/guides/ocr-scanned-pdf-workflow; /guides/ocr-pdf","2000-3500","P0","Published","196"
"Troubleshooting","pdf to word garbled text","encoding","Problem-solving","Frustrated users","MOFU","Low","High","/guides/pdf-to-word-garbled-text","/pdf/pdftodoc","/guides/pdf-to-word; /guides/scanned-pdf-to-word","2000-3500","P0","Published","197"
"Workflow","convert bank-statement pdf to word","","Transactional","Office","MOFU","Low","Medium","/guides/convert-bank-statement-pdf-to-word","/pdf/pdftodoc","/guides/pdf-to-word","2000-3500","P0","Published","198"
"Workflow","convert contract pdf to word","","Transactional","Office","MOFU","Low","Medium","/guides/convert-contract-pdf-to-word","/pdf/pdftodoc","/guides/pdf-to-word","2000-3500","P0","Published","199"
"Workflow","convert credit-note pdf to word","","Transactional","Office","MOFU","Low","Medium","/guides/convert-credit-note-pdf-to-word","/pdf/pdftodoc","/guides/pdf-to-word","2000-3500","P0","Published","200"
"Workflow","convert debit-note pdf to word","","Transactional","Office","MOFU","Low","Medium","/guides/convert-debit-note-pdf-to-word","/pdf/pdftodoc","/guides/pdf-to-word","2000-3500","P0","Published","201"
"Workflow","convert delivery-note pdf to word","","Transactional","Office","MOFU","Low","Medium","/guides/convert-delivery-note-pdf-to-word","/pdf/pdftodoc","/guides/pdf-to-word","2000-3500","P0","Published","202"
"Workflow","convert insurance-claim pdf to word","","Transactional","Office","MOFU","Low","Medium","/guides/pdf-to-word-invoice","/pdf/pdftodoc","/guides/pdf-to-word","2000-3500","P0","Merged","203"
"Workflow","convert invoice pdf to word","","Transactional","Office","MOFU","Low","Medium","/guides/pdf-to-word-invoice","/pdf/pdftodoc","/guides/pdf-to-word","2000-3500","P0","Merged","204"
"Workflow","convert lease-agreement pdf to word","","Transactional","Office","MOFU","Low","Medium","/guides/convert-lease-agreement-pdf-to-word","/pdf/pdftodoc","/guides/pdf-to-word","2000-3500","P0","Published","205"
"Workflow","convert medical-record-admin pdf to word","","Transactional","Office","MOFU","Low","Medium","/guides/pdf-to-word","/pdf/pdftodoc","/guides/pdf-to-word","2000-3500","P0","Merged","206"
"Workflow","convert nda pdf to word","","Transactional","Office","MOFU","Low","Medium","/guides/convert-nda-pdf-to-word","/pdf/pdftodoc","/guides/pdf-to-word","2000-3500","P0","Published","207"
"Workflow","convert proforma-invoice pdf to word","","Transactional","Office","MOFU","Low","Medium","/guides/convert-proforma-invoice-pdf-to-word","/pdf/pdftodoc","/guides/pdf-to-word","2000-3500","P0","Published","208"
"Workflow","convert purchase-order pdf to word","","Transactional","Office","MOFU","Low","Medium","/guides/convert-purchase-order-pdf-to-word","/pdf/pdftodoc","/guides/pdf-to-word","2000-3500","P0","Published","209"
"Workflow","convert quotation pdf to word","","Transactional","Office","MOFU","Low","Medium","/guides/convert-quotation-pdf-to-word","/pdf/pdftodoc","/guides/pdf-to-word","2000-3500","P0","Published","210"
"Workflow","convert receipt pdf to word","","Transactional","Office","MOFU","Low","Medium","/guides/convert-receipt-pdf-to-word","/pdf/pdftodoc","/guides/pdf-to-word","2000-3500","P0","Published","211"
"Workflow","convert resume pdf to word","","Transactional","Office","MOFU","Low","Medium","/guides/pdf-to-word-resume","/pdf/pdftodoc","/guides/pdf-to-word","2000-3500","P0","Merged","212"
"Workflow","convert sow pdf to word","","Transactional","Office","MOFU","Low","Medium","/guides/convert-sow-pdf-to-word","/pdf/pdftodoc","/guides/pdf-to-word","2000-3500","P0","Published","213"
"Workflow","convert tax-return pdf to word","","Transactional","Office","MOFU","Low","Medium","/guides/convert-tax-return-pdf-to-word","/pdf/pdftodoc","/guides/pdf-to-word","2000-3500","P0","Published","214"
"Workflow","convert transcript pdf to word","","Transactional","Office","MOFU","Low","Medium","/guides/convert-transcript-pdf-to-word","/pdf/pdftodoc","/guides/pdf-to-word","2000-3500","P0","Published","215"
"Workflow","how do i convert pdf to word","tutorial; step by step","Informational","Beginners","TOFU","Low","Medium","/guides/pdf-to-word","/pdf/pdftodoc","/guides/pdf-to-word; /pdf-to-word/how-to-convert-pdf-to-word","3000-5000","P0","Merged","216"
"Compare","best free pdf tools 2026","roundup","Commercial","SMB","MOFU","Medium","High","/guides/best-free-pdf-tools-2026","/compare","/guides/choose-pdf-tool; /home/security","2500-4000","P1","Published","217"
"Compare","best pdf tools 2024","free pdf tools 2024","Commercial","Tool shoppers","BOFU","Medium","High","/guides/best-free-pdf-tools-2026","/compare","/guides/choose-pdf-tool","2500-4000","P1","Merged","218"
"Compare","best pdf tools 2025","free pdf tools 2025","Commercial","Tool shoppers","BOFU","Medium","High","/guides/best-free-pdf-tools-2026","/compare","/guides/choose-pdf-tool","2500-4000","P1","Merged","219"
"Compare","best pdf tools 2026","free pdf tools 2026","Commercial","Tool shoppers","BOFU","Medium","High","/guides/best-free-pdf-tools-2026","/compare","/guides/choose-pdf-tool","2500-4000","P1","Merged","220"
"Compare","best pdf tools 2027","free pdf tools 2027","Commercial","Tool shoppers","BOFU","Medium","High","/guides/best-free-pdf-tools-2026","/compare","/guides/choose-pdf-tool","2500-4000","P1","Merged","221"
"Compare","pdf tool security comparison","privacy","Commercial","SMB","MOFU","Medium","High","/guides/pdf-tool-security-comparison","/compare","/guides/choose-pdf-tool; /home/security","2500-4000","P1","Published","222"
"Compare","pdf tools for small business","buyer guide","Commercial","SMB","MOFU","Medium","High","/guides/pdf-tools-small-business","/compare","/guides/choose-pdf-tool; /home/security","2500-4000","P1","Published","223"
"Convert","excel to pdf","spreadsheet export","Transactional","Office; dev","BOFU","Medium","High","/guides/excel-to-pdf","/pdf/exceltopdf","/guides/pdf-tools; /pdf/exceltopdf","2000-3500","P1","Published","224"
"Convert","extract images from pdf","embedded photos","Transactional","Office; dev","BOFU","Medium","High","/guides/extract-images-from-pdf","/pdf/extractimages","/guides/pdf-tools; /pdf/extractimages","2000-3500","P1","Published","225"
"Convert","html to pdf","web page export","Transactional","Office; dev","BOFU","Medium","High","/guides/html-to-pdf","/pdf/htmltopdf","/guides/pdf-tools; /pdf/htmltopdf","2000-3500","P1","Published","226"
"Convert","images to pdf","jpg png combine","Transactional","Office; dev","BOFU","Medium","High","/guides/images-to-pdf","/pdf/convertimages","/guides/pdf-tools; /pdf/convertimages","2000-3500","P1","Published","227"
"Convert","pdf to excel","table extraction","Transactional","Office; dev","BOFU","Medium","High","/guides/pdf-to-excel","/pdf/pdftoexcel","/guides/pdf-tools; /pdf/pdftoexcel","2000-3500","P1","Published","228"
"Convert","pdf to jpg","image export","Transactional","Office; dev","BOFU","Medium","High","/guides/pdf-to-images","/pdf/pdftoimages","/guides/pdf-tools; /pdf/pdftoimages","2000-3500","P1","Merged","229"
"Convert","pdf to markdown","docs for git","Transactional","Office; dev","BOFU","Medium","High","/guides/pdf-to-markdown","/pdf/pdftomarkdown","/guides/pdf-tools; /pdf/pdftomarkdown","2000-3500","P1","Published","230"
"Convert","pdf to png","page export","Transactional","Office; dev","BOFU","Medium","High","/guides/pdf-to-images","/pdf/pdftoimages","/guides/pdf-tools; /pdf/pdftoimages","2000-3500","P1","Merged","231"
"Convert","pdf to powerpoint","slides import","Transactional","Office; dev","BOFU","Medium","High","/guides/pdf-to-powerpoint","/pdf/pdftoppt","/guides/pdf-tools; /pdf/pdftoppt","2000-3500","P1","Published","232"
"Convert","powerpoint to pdf","slides export","Transactional","Office; dev","BOFU","Medium","High","/guides/powerpoint-to-pdf","/pdf/ppttopdf","/guides/pdf-tools; /pdf/ppttopdf","2000-3500","P1","Published","233"
"Convert","text to pdf","notes archive","Transactional","Office; dev","BOFU","Medium","High","/guides/text-to-pdf","/pdf/texttopdf","/guides/pdf-tools; /pdf/texttopdf","2000-3500","P1","Published","234"
"Convert","word to pdf","docx print ready","Transactional","Office; dev","BOFU","Medium","High","/guides/word-to-pdf","/pdf/doctopdf","/guides/pdf-tools; /pdf/doctopdf","2000-3500","P1","Published","235"
"Edit PDF","add image to pdf","logo stamp","Transactional","Office workers","MOFU","Medium","High","/guides/add-image-to-pdf","/pdf/editpdf","/guides/edit-pdf; /edit-pdf/edit-pdf-online","2000-3500","P1","Published","236"
"Edit PDF","add page numbers pdf","footer","Transactional","Office workers","MOFU","Medium","High","/guides/add-page-numbers","/pdf/editpdf","/guides/edit-pdf; /edit-pdf/edit-pdf-online","2000-3500","P1","Published","237"
"Edit PDF","add signature to pdf","typed sign","Transactional","Office workers","MOFU","Medium","High","/edit-pdf/edit-pdf-add-signature","/pdf/editpdf","/guides/edit-pdf; /edit-pdf/edit-pdf-online","2000-3500","P1","Published","238"
"Edit PDF","add text to pdf","annotation","Transactional","Office workers","MOFU","Medium","High","/edit-pdf/edit-pdf-add-text","/pdf/editpdf","/guides/edit-pdf; /edit-pdf/edit-pdf-online","2000-3500","P1","Published","239"
"Edit PDF","edit pdf forms","fillable","Transactional","Office workers","MOFU","Medium","High","/guides/edit-pdf-forms","/pdf/editpdf","/guides/edit-pdf; /edit-pdf/edit-pdf-online","2000-3500","P1","Published","240"
"Edit PDF","edit pdf mistakes compliance","errors","Transactional","Office workers","MOFU","Medium","High","/blog/pdf-editing-mistakes","/pdf/editpdf","/guides/edit-pdf; /edit-pdf/edit-pdf-online","2000-3500","P1","Published","241"
"Edit PDF","edit pdf online free","browser editor","Transactional","Office workers","MOFU","Medium","High","/edit-pdf/edit-pdf-free","/pdf/editpdf","/guides/edit-pdf; /edit-pdf/edit-pdf-online","2000-3500","P1","Published","242"
"Edit PDF","edit pdf without acrobat","alternative","Transactional","Office workers","MOFU","Medium","High","/guides/edit-pdf-without-acrobat","/pdf/editpdf","/guides/edit-pdf; /edit-pdf/edit-pdf-online","2000-3500","P1","Published","243"
"Edit PDF","edit scanned pdf","ocr first","Transactional","Office workers","MOFU","Medium","High","/guides/edit-scanned-pdf","/pdf/editpdf","/guides/edit-pdf; /edit-pdf/edit-pdf-online","2000-3500","P1","Published","244"
"Edit PDF","rotate pdf pages","orientation","Transactional","Office workers","MOFU","Medium","High","/guides/rotate-pdf","/pdf/editpdf","/guides/edit-pdf; /edit-pdf/edit-pdf-online","2000-3500","P1","Published","245"
"Invoice","invoice without signup","anonymous","Transactional","Indian SMB; accountants","MOFU","Medium","High","/invoice/free-invoice-no-signup","/invoice/create","/gst-invoice-checker; /research/freelancer-invoicing-statistics","2000-3500","P1","Published","246"
"Merge PDF","combine pdf before compress","workflow","Transactional","General","MOFU","Medium","High","/guides/combine-then-compress-pdf","/pdf/merge","/guides/merge-pdf; /guides/split-pdf; /pdf/compress","2000-3500","P1","Published","247"
"Merge PDF","extract single page from pdf","one page","Transactional","General","MOFU","Medium","High","/guides/extract-single-page-pdf","/pdf/merge","/guides/merge-pdf; /guides/split-pdf; /pdf/compress","2000-3500","P1","Published","248"
"Merge PDF","organize pdf pages","rearrange","Transactional","General","MOFU","Medium","High","/guides/organize-pdf-pages","/pdf/merge","/guides/merge-pdf; /guides/split-pdf; /pdf/compress","2000-3500","P1","Published","249"
"PDF to Text","extract text from pdf without adobe","free alternative","Commercial","Students; researchers; office","MOFU","Medium","High","/guides/extract-text-without-adobe","/pdf/pdftotext","/pdf/ocrpdf; /guides/ocr-pdf; /guides/pdf-txt-guide","2500-4000","P1","Published","250"
"PDF to Text","tesseract vs online ocr","comparison","Commercial","Students; researchers; office","MOFU","Medium","High","/guides/tesseract-vs-online-ocr","/pdf/pdftotext","/pdf/ocrpdf; /guides/ocr-pdf; /guides/pdf-txt-guide","2500-4000","P1","Published","251"
"Research","pdf tool market comparison","vendor matrix","Commercial","Journalists; IT; SMB","TOFU","Low","High","/research/pdf-tool-market-comparison","/resources","/resources; /pdf-size-checker","2500-4000","P1","Published","252"
"Split PDF","split pdf by page range","extract pages","Transactional","General","MOFU","Medium","High","/guides/split-pdf-page-range","/pdf/split","/guides/merge-pdf; /guides/split-pdf; /pdf/compress","2000-3500","P1","Published","253"
"Split PDF","split pdf by size","chunk large pdf","Transactional","General","MOFU","Medium","High","/guides/split-pdf-by-size","/pdf/split","/guides/merge-pdf; /guides/split-pdf; /pdf/compress","2000-3500","P1","Published","254"
"Split PDF","split pdf for email","attachment limits","Transactional","General","MOFU","Medium","High","/guides/split-pdf-for-email","/pdf/split","/guides/merge-pdf; /guides/split-pdf; /pdf/compress","2000-3500","P1","Published","255"
"Advanced PDF","bulk pdf processing smb","operations","Advanced","Developers; legal; IT","MOFU","Low","Low","/guides/pdf-tools","/guides/pdf-tools","/research/pdf-compression-benchmark","2000-3500","P2","Merged","256"
"Advanced PDF","ghostscript parameters guide","technical","Advanced","Developers; legal; IT","MOFU","Low","Low","/guides/choose-pdf-compression-level","/guides/pdf-tools","/research/pdf-compression-benchmark","2000-3500","P2","Merged","257"
"Advanced PDF","pdf a b testing compression","quality metrics","Advanced","Developers; legal; IT","MOFU","Low","Low","/research/pdf-compression-benchmark","/guides/pdf-tools","/research/pdf-compression-benchmark","2000-3500","P2","Merged","258"
"Advanced PDF","pdf accessibility wcag audit","compliance","Advanced","Developers; legal; IT","MOFU","Low","Low","/guides/pdf-to-text-accessibility","/guides/pdf-tools","/research/pdf-compression-benchmark","2000-3500","P2","Merged","259"
"Advanced PDF","pdf api vs browser tools","architecture","Advanced","Developers; legal; IT","MOFU","Low","Low","/blog/html-to-pdf-developers","/guides/pdf-tools","/research/pdf-compression-benchmark","2000-3500","P2","Merged","260"
"Advanced PDF","pdf archival pdf a","long term","Advanced","Developers; legal; IT","MOFU","Low","Low","/guides/pdf-tools","/guides/pdf-tools","/research/pdf-compression-benchmark","2000-3500","P2","Merged","261"
"Advanced PDF","pdf automation workflow","scripting","Advanced","Developers; legal; IT","MOFU","Low","Low","/guides/pdf-to-text-python-workflow","/guides/pdf-tools","/research/pdf-compression-benchmark","2000-3500","P2","Merged","262"
"Advanced PDF","pdf e-discovery preparation","legal tech","Advanced","Developers; legal; IT","MOFU","Low","Low","/guides/ocr-pdf-ediscovery","/guides/pdf-tools","/research/pdf-compression-benchmark","2000-3500","P2","Merged","263"
"Advanced PDF","pdf table extraction limits","pdf to excel","Advanced","Developers; legal; IT","MOFU","Low","Low","/guides/pdf-to-excel","/guides/pdf-tools","/research/pdf-compression-benchmark","2000-3500","P2","Merged","264"
"Advanced PDF","pdf text extraction encoding","unicode","Advanced","Developers; legal; IT","MOFU","Low","Low","/guides/pdf-to-text-multilingual","/guides/pdf-tools","/research/pdf-compression-benchmark","2000-3500","P2","Merged","265"
"Best-of","best browser pdf tools for accountants","top browser pdf tools accountants; accountants pdf tools","Commercial","accountants","MOFU","Medium","Medium","/compare","/compare","/guides/choose-pdf-tool; /guides/pdf-tools","2500-4000","P2","Deferred","266"
"Best-of","best browser pdf tools for archivists","top browser pdf tools archivists; archivists pdf tools","Commercial","archivists","MOFU","Medium","Medium","/compare","/compare","/guides/choose-pdf-tool; /guides/pdf-tools","2500-4000","P2","Deferred","267"
"Best-of","best browser pdf tools for bookkeepers","top browser pdf tools bookkeepers; bookkeepers pdf tools","Commercial","bookkeepers","MOFU","Medium","Medium","/compare","/compare","/guides/choose-pdf-tool; /guides/pdf-tools","2500-4000","P2","Deferred","268"
"Best-of","best browser pdf tools for construction managers","top browser pdf tools construction managers; construction managers pdf tools","Commercial","construction managers","MOFU","Medium","Medium","/compare","/compare","/guides/choose-pdf-tool; /guides/pdf-tools","2500-4000","P2","Deferred","269"
"Best-of","best browser pdf tools for consultants","top browser pdf tools consultants; consultants pdf tools","Commercial","consultants","MOFU","Medium","Medium","/compare","/compare","/guides/choose-pdf-tool; /guides/pdf-tools","2500-4000","P2","Deferred","270"
"Best-of","best browser pdf tools for designers","top browser pdf tools designers; designers pdf tools","Commercial","designers","MOFU","Medium","Medium","/compare","/compare","/guides/choose-pdf-tool; /guides/pdf-tools","2500-4000","P2","Deferred","271"
"Best-of","best browser pdf tools for developers","top browser pdf tools developers; developers pdf tools","Commercial","developers","MOFU","Medium","Medium","/compare","/compare","/guides/choose-pdf-tool; /guides/pdf-tools","2500-4000","P2","Deferred","272"
"Best-of","best browser pdf tools for ecommerce sellers","top browser pdf tools ecommerce sellers; ecommerce sellers pdf tools","Commercial","ecommerce sellers","MOFU","Medium","Medium","/compare","/compare","/guides/choose-pdf-tool; /guides/pdf-tools","2500-4000","P2","Deferred","273"
"Best-of","best browser pdf tools for event planners","top browser pdf tools event planners; event planners pdf tools","Commercial","event planners","MOFU","Medium","Medium","/compare","/compare","/guides/choose-pdf-tool; /guides/pdf-tools","2500-4000","P2","Deferred","274"
"Best-of","best browser pdf tools for freelancers","top browser pdf tools freelancers; freelancers pdf tools","Commercial","freelancers","MOFU","Medium","Medium","/compare","/compare","/guides/choose-pdf-tool; /guides/pdf-tools","2500-4000","P2","Deferred","275"
"Best-of","best browser pdf tools for government contractors","top browser pdf tools government contractors; government contractors pdf tools","Commercial","government contractors","MOFU","Medium","Medium","/compare","/compare","/guides/choose-pdf-tool; /guides/pdf-tools","2500-4000","P2","Deferred","276"
"Best-of","best browser pdf tools for healthcare administrators","top browser pdf tools healthcare administrators; healthcare administrators pdf tools","Commercial","healthcare administrators","MOFU","Medium","Medium","/compare","/compare","/guides/choose-pdf-tool; /guides/pdf-tools","2500-4000","P2","Deferred","277"
"Best-of","best browser pdf tools for hr teams","top browser pdf tools hr teams; hr teams pdf tools","Commercial","hr teams","MOFU","Medium","Medium","/compare","/compare","/guides/choose-pdf-tool; /guides/pdf-tools","2500-4000","P2","Deferred","278"
"Best-of","best browser pdf tools for insurance agents","top browser pdf tools insurance agents; insurance agents pdf tools","Commercial","insurance agents","MOFU","Medium","Medium","/compare","/compare","/guides/choose-pdf-tool; /guides/pdf-tools","2500-4000","P2","Deferred","279"
"Best-of","best browser pdf tools for journalists","top browser pdf tools journalists; journalists pdf tools","Commercial","journalists","MOFU","Medium","Medium","/compare","/compare","/guides/choose-pdf-tool; /guides/pdf-tools","2500-4000","P2","Deferred","280"
"Best-of","best browser pdf tools for lawyers","top browser pdf tools lawyers; lawyers pdf tools","Commercial","lawyers","MOFU","Medium","Medium","/compare","/compare","/guides/choose-pdf-tool; /guides/pdf-tools","2500-4000","P2","Deferred","281"
"Best-of","best browser pdf tools for librarians","top browser pdf tools librarians; librarians pdf tools","Commercial","librarians","MOFU","Medium","Medium","/compare","/compare","/guides/choose-pdf-tool; /guides/pdf-tools","2500-4000","P2","Deferred","282"
"Best-of","best browser pdf tools for marketers","top browser pdf tools marketers; marketers pdf tools","Commercial","marketers","MOFU","Medium","Medium","/compare","/compare","/guides/choose-pdf-tool; /guides/pdf-tools","2500-4000","P2","Deferred","283"
"Best-of","best browser pdf tools for nonprofits","top browser pdf tools nonprofits; nonprofits pdf tools","Commercial","nonprofits","MOFU","Medium","Medium","/compare","/compare","/guides/choose-pdf-tool; /guides/pdf-tools","2500-4000","P2","Deferred","284"
"Best-of","best browser pdf tools for paralegals","top browser pdf tools paralegals; paralegals pdf tools","Commercial","paralegals","MOFU","Medium","Medium","/compare","/compare","/guides/choose-pdf-tool; /guides/pdf-tools","2500-4000","P2","Deferred","285"
"Best-of","best browser pdf tools for photographers","top browser pdf tools photographers; photographers pdf tools","Commercial","photographers","MOFU","Medium","Medium","/compare","/compare","/guides/choose-pdf-tool; /guides/pdf-tools","2500-4000","P2","Deferred","286"
"Best-of","best browser pdf tools for real estate agents","top browser pdf tools real estate agents; real estate agents pdf tools","Commercial","real estate agents","MOFU","Medium","Medium","/compare","/compare","/guides/choose-pdf-tool; /guides/pdf-tools","2500-4000","P2","Deferred","287"
"Best-of","best browser pdf tools for recruiters","top browser pdf tools recruiters; recruiters pdf tools","Commercial","recruiters","MOFU","Medium","Medium","/compare","/compare","/guides/choose-pdf-tool; /guides/pdf-tools","2500-4000","P2","Deferred","288"
"Best-of","best browser pdf tools for remote teams","top browser pdf tools remote teams; remote teams pdf tools","Commercial","remote teams","MOFU","Medium","Medium","/compare","/compare","/guides/choose-pdf-tool; /guides/pdf-tools","2500-4000","P2","Deferred","289"
"Best-of","best browser pdf tools for researchers","top browser pdf tools researchers; researchers pdf tools","Commercial","researchers","MOFU","Medium","Medium","/compare","/compare","/guides/choose-pdf-tool; /guides/pdf-tools","2500-4000","P2","Deferred","290"
"Best-of","best browser pdf tools for small business","top browser pdf tools small business; small business pdf tools","Commercial","small business","MOFU","Medium","Medium","/compare","/compare","/guides/choose-pdf-tool; /guides/pdf-tools","2500-4000","P2","Deferred","291"
"Best-of","best browser pdf tools for startups","top browser pdf tools startups; startups pdf tools","Commercial","startups","MOFU","Medium","Medium","/compare","/compare","/guides/choose-pdf-tool; /guides/pdf-tools","2500-4000","P2","Deferred","292"
"Best-of","best browser pdf tools for students","top browser pdf tools students; students pdf tools","Commercial","students","MOFU","Medium","Medium","/compare","/compare","/guides/choose-pdf-tool; /guides/pdf-tools","2500-4000","P2","Deferred","293"
"Best-of","best browser pdf tools for tax preparers","top browser pdf tools tax preparers; tax preparers pdf tools","Commercial","tax preparers","MOFU","Medium","Medium","/compare","/compare","/guides/choose-pdf-tool; /guides/pdf-tools","2500-4000","P2","Deferred","294"
"Best-of","best browser pdf tools for teachers","top browser pdf tools teachers; teachers pdf tools","Commercial","teachers","MOFU","Medium","Medium","/compare","/compare","/guides/choose-pdf-tool; /guides/pdf-tools","2500-4000","P2","Deferred","295"
"Best-of","best free pdf tools for accountants","top free pdf tools accountants; accountants pdf tools","Commercial","accountants","MOFU","Medium","Medium","/guides/best-free-pdf-tools-2026","/compare","/guides/choose-pdf-tool; /guides/pdf-tools","2500-4000","P2","Merged","296"
"Best-of","best free pdf tools for archivists","top free pdf tools archivists; archivists pdf tools","Commercial","archivists","MOFU","Medium","Medium","/guides/best-free-pdf-tools-2026","/compare","/guides/choose-pdf-tool; /guides/pdf-tools","2500-4000","P2","Merged","297"
"Best-of","best free pdf tools for bookkeepers","top free pdf tools bookkeepers; bookkeepers pdf tools","Commercial","bookkeepers","MOFU","Medium","Medium","/guides/best-free-pdf-tools-2026","/compare","/guides/choose-pdf-tool; /guides/pdf-tools","2500-4000","P2","Merged","298"
"Best-of","best free pdf tools for construction managers","top free pdf tools construction managers; construction managers pdf tools","Commercial","construction managers","MOFU","Medium","Medium","/guides/best-free-pdf-tools-2026","/compare","/guides/choose-pdf-tool; /guides/pdf-tools","2500-4000","P2","Merged","299"
"Best-of","best free pdf tools for consultants","top free pdf tools consultants; consultants pdf tools","Commercial","consultants","MOFU","Medium","Medium","/guides/best-free-pdf-tools-2026","/compare","/guides/choose-pdf-tool; /guides/pdf-tools","2500-4000","P2","Merged","300"
"Best-of","best free pdf tools for designers","top free pdf tools designers; designers pdf tools","Commercial","designers","MOFU","Medium","Medium","/guides/best-free-pdf-tools-2026","/compare","/guides/choose-pdf-tool; /guides/pdf-tools","2500-4000","P2","Merged","301"
"Best-of","best free pdf tools for developers","top free pdf tools developers; developers pdf tools","Commercial","developers","MOFU","Medium","Medium","/guides/best-free-pdf-tools-2026","/compare","/guides/choose-pdf-tool; /guides/pdf-tools","2500-4000","P2","Merged","302"
"Best-of","best free pdf tools for ecommerce sellers","top free pdf tools ecommerce sellers; ecommerce sellers pdf tools","Commercial","ecommerce sellers","MOFU","Medium","Medium","/guides/best-free-pdf-tools-2026","/compare","/guides/choose-pdf-tool; /guides/pdf-tools","2500-4000","P2","Merged","303"
"Best-of","best free pdf tools for event planners","top free pdf tools event planners; event planners pdf tools","Commercial","event planners","MOFU","Medium","Medium","/guides/best-free-pdf-tools-2026","/compare","/guides/choose-pdf-tool; /guides/pdf-tools","2500-4000","P2","Merged","304"
"Best-of","best free pdf tools for freelancers","top free pdf tools freelancers; freelancers pdf tools","Commercial","freelancers","MOFU","Medium","Medium","/guides/best-free-pdf-tools-2026","/compare","/guides/choose-pdf-tool; /guides/pdf-tools","2500-4000","P2","Merged","305"
"Best-of","best free pdf tools for government contractors","top free pdf tools government contractors; government contractors pdf tools","Commercial","government contractors","MOFU","Medium","Medium","/guides/best-free-pdf-tools-2026","/compare","/guides/choose-pdf-tool; /guides/pdf-tools","2500-4000","P2","Merged","306"
"Best-of","best free pdf tools for healthcare administrators","top free pdf tools healthcare administrators; healthcare administrators pdf tools","Commercial","healthcare administrators","MOFU","Medium","Medium","/guides/best-free-pdf-tools-2026","/compare","/guides/choose-pdf-tool; /guides/pdf-tools","2500-4000","P2","Merged","307"
"Best-of","best free pdf tools for hr teams","top free pdf tools hr teams; hr teams pdf tools","Commercial","hr teams","MOFU","Medium","Medium","/guides/best-free-pdf-tools-2026","/compare","/guides/choose-pdf-tool; /guides/pdf-tools","2500-4000","P2","Merged","308"
"Best-of","best free pdf tools for insurance agents","top free pdf tools insurance agents; insurance agents pdf tools","Commercial","insurance agents","MOFU","Medium","Medium","/guides/best-free-pdf-tools-2026","/compare","/guides/choose-pdf-tool; /guides/pdf-tools","2500-4000","P2","Merged","309"
"Best-of","best free pdf tools for journalists","top free pdf tools journalists; journalists pdf tools","Commercial","journalists","MOFU","Medium","Medium","/guides/best-free-pdf-tools-2026","/compare","/guides/choose-pdf-tool; /guides/pdf-tools","2500-4000","P2","Merged","310"
"Best-of","best free pdf tools for lawyers","top free pdf tools lawyers; lawyers pdf tools","Commercial","lawyers","MOFU","Medium","Medium","/guides/best-free-pdf-tools-2026","/compare","/guides/choose-pdf-tool; /guides/pdf-tools","2500-4000","P2","Merged","311"
"Best-of","best free pdf tools for librarians","top free pdf tools librarians; librarians pdf tools","Commercial","librarians","MOFU","Medium","Medium","/guides/best-free-pdf-tools-2026","/compare","/guides/choose-pdf-tool; /guides/pdf-tools","2500-4000","P2","Merged","312"
"Best-of","best free pdf tools for marketers","top free pdf tools marketers; marketers pdf tools","Commercial","marketers","MOFU","Medium","Medium","/guides/best-free-pdf-tools-2026","/compare","/guides/choose-pdf-tool; /guides/pdf-tools","2500-4000","P2","Merged","313"
"Best-of","best free pdf tools for nonprofits","top free pdf tools nonprofits; nonprofits pdf tools","Commercial","nonprofits","MOFU","Medium","Medium","/guides/best-free-pdf-tools-2026","/compare","/guides/choose-pdf-tool; /guides/pdf-tools","2500-4000","P2","Merged","314"
"Best-of","best free pdf tools for paralegals","top free pdf tools paralegals; paralegals pdf tools","Commercial","paralegals","MOFU","Medium","Medium","/guides/best-free-pdf-tools-2026","/compare","/guides/choose-pdf-tool; /guides/pdf-tools","2500-4000","P2","Merged","315"
"Best-of","best free pdf tools for photographers","top free pdf tools photographers; photographers pdf tools","Commercial","photographers","MOFU","Medium","Medium","/guides/best-free-pdf-tools-2026","/compare","/guides/choose-pdf-tool; /guides/pdf-tools","2500-4000","P2","Merged","316"
"Best-of","best free pdf tools for real estate agents","top free pdf tools real estate agents; real estate agents pdf tools","Commercial","real estate agents","MOFU","Medium","Medium","/guides/best-free-pdf-tools-2026","/compare","/guides/choose-pdf-tool; /guides/pdf-tools","2500-4000","P2","Merged","317"
"Best-of","best free pdf tools for recruiters","top free pdf tools recruiters; recruiters pdf tools","Commercial","recruiters","MOFU","Medium","Medium","/guides/best-free-pdf-tools-2026","/compare","/guides/choose-pdf-tool; /guides/pdf-tools","2500-4000","P2","Merged","318"
"Best-of","best free pdf tools for remote teams","top free pdf tools remote teams; remote teams pdf tools","Commercial","remote teams","MOFU","Medium","Medium","/guides/best-free-pdf-tools-2026","/compare","/guides/choose-pdf-tool; /guides/pdf-tools","2500-4000","P2","Merged","319"
"Best-of","best free pdf tools for researchers","top free pdf tools researchers; researchers pdf tools","Commercial","researchers","MOFU","Medium","Medium","/guides/best-free-pdf-tools-2026","/compare","/guides/choose-pdf-tool; /guides/pdf-tools","2500-4000","P2","Merged","320"
"Best-of","best free pdf tools for small business","top free pdf tools small business; small business pdf tools","Commercial","small business","MOFU","Medium","Medium","/guides/best-free-pdf-tools-2026","/compare","/guides/choose-pdf-tool; /guides/pdf-tools","2500-4000","P2","Merged","321"
"Best-of","best free pdf tools for startups","top free pdf tools startups; startups pdf tools","Commercial","startups","MOFU","Medium","Medium","/guides/best-free-pdf-tools-2026","/compare","/guides/choose-pdf-tool; /guides/pdf-tools","2500-4000","P2","Merged","322"
"Best-of","best free pdf tools for students","top free pdf tools students; students pdf tools","Commercial","students","MOFU","Medium","Medium","/guides/best-free-pdf-tools-2026","/compare","/guides/choose-pdf-tool; /guides/pdf-tools","2500-4000","P2","Merged","323"
"Best-of","best free pdf tools for tax preparers","top free pdf tools tax preparers; tax preparers pdf tools","Commercial","tax preparers","MOFU","Medium","Medium","/guides/best-free-pdf-tools-2026","/compare","/guides/choose-pdf-tool; /guides/pdf-tools","2500-4000","P2","Merged","324"
"Best-of","best free pdf tools for teachers","top free pdf tools teachers; teachers pdf tools","Commercial","teachers","MOFU","Medium","Medium","/guides/best-free-pdf-tools-2026","/compare","/guides/choose-pdf-tool; /guides/pdf-tools","2500-4000","P2","Merged","325"
"Best-of","best payslip generators for accountants","top payslip generators accountants; accountants pdf tools","Commercial","accountants","MOFU","Medium","Medium","/compare","/compare","/guides/choose-pdf-tool; /guides/pdf-tools","2500-4000","P2","Deferred","326"
"Best-of","best payslip generators for archivists","top payslip generators archivists; archivists pdf tools","Commercial","archivists","MOFU","Medium","Medium","/compare","/compare","/guides/choose-pdf-tool; /guides/pdf-tools","2500-4000","P2","Deferred","327"
"Best-of","best payslip generators for bookkeepers","top payslip generators bookkeepers; bookkeepers pdf tools","Commercial","bookkeepers","MOFU","Medium","Medium","/compare","/compare","/guides/choose-pdf-tool; /guides/pdf-tools","2500-4000","P2","Deferred","328"
"Best-of","best payslip generators for construction managers","top payslip generators construction managers; construction managers pdf tools","Commercial","construction managers","MOFU","Medium","Medium","/compare","/compare","/guides/choose-pdf-tool; /guides/pdf-tools","2500-4000","P2","Deferred","329"
"Best-of","best payslip generators for consultants","top payslip generators consultants; consultants pdf tools","Commercial","consultants","MOFU","Medium","Medium","/compare","/compare","/guides/choose-pdf-tool; /guides/pdf-tools","2500-4000","P2","Deferred","330"
"Best-of","best payslip generators for designers","top payslip generators designers; designers pdf tools","Commercial","designers","MOFU","Medium","Medium","/compare","/compare","/guides/choose-pdf-tool; /guides/pdf-tools","2500-4000","P2","Deferred","331"
"Best-of","best payslip generators for developers","top payslip generators developers; developers pdf tools","Commercial","developers","MOFU","Medium","Medium","/compare","/compare","/guides/choose-pdf-tool; /guides/pdf-tools","2500-4000","P2","Deferred","332"
"Best-of","best payslip generators for ecommerce sellers","top payslip generators ecommerce sellers; ecommerce sellers pdf tools","Commercial","ecommerce sellers","MOFU","Medium","Medium","/compare","/compare","/guides/choose-pdf-tool; /guides/pdf-tools","2500-4000","P2","Deferred","333"
"Best-of","best payslip generators for event planners","top payslip generators event planners; event planners pdf tools","Commercial","event planners","MOFU","Medium","Medium","/compare","/compare","/guides/choose-pdf-tool; /guides/pdf-tools","2500-4000","P2","Deferred","334"
"Best-of","best payslip generators for freelancers","top payslip generators freelancers; freelancers pdf tools","Commercial","freelancers","MOFU","Medium","Medium","/compare","/compare","/guides/choose-pdf-tool; /guides/pdf-tools","2500-4000","P2","Deferred","335"
"Best-of","best payslip generators for government contractors","top payslip generators government contractors; government contractors pdf tools","Commercial","government contractors","MOFU","Medium","Medium","/compare","/compare","/guides/choose-pdf-tool; /guides/pdf-tools","2500-4000","P2","Deferred","336"
"Best-of","best payslip generators for healthcare administrators","top payslip generators healthcare administrators; healthcare administrators pdf tools","Commercial","healthcare administrators","MOFU","Medium","Medium","/compare","/compare","/guides/choose-pdf-tool; /guides/pdf-tools","2500-4000","P2","Deferred","337"
"Best-of","best payslip generators for hr teams","top payslip generators hr teams; hr teams pdf tools","Commercial","hr teams","MOFU","Medium","Medium","/compare","/compare","/guides/choose-pdf-tool; /guides/pdf-tools","2500-4000","P2","Deferred","338"
"Best-of","best payslip generators for insurance agents","top payslip generators insurance agents; insurance agents pdf tools","Commercial","insurance agents","MOFU","Medium","Medium","/compare","/compare","/guides/choose-pdf-tool; /guides/pdf-tools","2500-4000","P2","Deferred","339"
"Best-of","best payslip generators for journalists","top payslip generators journalists; journalists pdf tools","Commercial","journalists","MOFU","Medium","Medium","/compare","/compare","/guides/choose-pdf-tool; /guides/pdf-tools","2500-4000","P2","Deferred","340"
"Best-of","best payslip generators for lawyers","top payslip generators lawyers; lawyers pdf tools","Commercial","lawyers","MOFU","Medium","Medium","/compare","/compare","/guides/choose-pdf-tool; /guides/pdf-tools","2500-4000","P2","Deferred","341"
"Best-of","best payslip generators for librarians","top payslip generators librarians; librarians pdf tools","Commercial","librarians","MOFU","Medium","Medium","/compare","/compare","/guides/choose-pdf-tool; /guides/pdf-tools","2500-4000","P2","Deferred","342"
"Best-of","best payslip generators for marketers","top payslip generators marketers; marketers pdf tools","Commercial","marketers","MOFU","Medium","Medium","/compare","/compare","/guides/choose-pdf-tool; /guides/pdf-tools","2500-4000","P2","Deferred","343"
"Best-of","best payslip generators for nonprofits","top payslip generators nonprofits; nonprofits pdf tools","Commercial","nonprofits","MOFU","Medium","Medium","/compare","/compare","/guides/choose-pdf-tool; /guides/pdf-tools","2500-4000","P2","Deferred","344"
"Best-of","best payslip generators for paralegals","top payslip generators paralegals; paralegals pdf tools","Commercial","paralegals","MOFU","Medium","Medium","/compare","/compare","/guides/choose-pdf-tool; /guides/pdf-tools","2500-4000","P2","Deferred","345"
"Best-of","best payslip generators for photographers","top payslip generators photographers; photographers pdf tools","Commercial","photographers","MOFU","Medium","Medium","/compare","/compare","/guides/choose-pdf-tool; /guides/pdf-tools","2500-4000","P2","Deferred","346"
"Best-of","best payslip generators for real estate agents","top payslip generators real estate agents; real estate agents pdf tools","Commercial","real estate agents","MOFU","Medium","Medium","/compare","/compare","/guides/choose-pdf-tool; /guides/pdf-tools","2500-4000","P2","Deferred","347"
"Best-of","best payslip generators for recruiters","top payslip generators recruiters; recruiters pdf tools","Commercial","recruiters","MOFU","Medium","Medium","/compare","/compare","/guides/choose-pdf-tool; /guides/pdf-tools","2500-4000","P2","Deferred","348"
"Best-of","best payslip generators for remote teams","top payslip generators remote teams; remote teams pdf tools","Commercial","remote teams","MOFU","Medium","Medium","/compare","/compare","/guides/choose-pdf-tool; /guides/pdf-tools","2500-4000","P2","Deferred","349"
"Best-of","best payslip generators for researchers","top payslip generators researchers; researchers pdf tools","Commercial","researchers","MOFU","Medium","Medium","/compare","/compare","/guides/choose-pdf-tool; /guides/pdf-tools","2500-4000","P2","Deferred","350"
"Best-of","best payslip generators for small business","top payslip generators small business; small business pdf tools","Commercial","small business","MOFU","Medium","Medium","/compare","/compare","/guides/choose-pdf-tool; /guides/pdf-tools","2500-4000","P2","Deferred","351"
"Best-of","best payslip generators for startups","top payslip generators startups; startups pdf tools","Commercial","startups","MOFU","Medium","Medium","/compare","/compare","/guides/choose-pdf-tool; /guides/pdf-tools","2500-4000","P2","Deferred","352"
"Best-of","best payslip generators for students","top payslip generators students; students pdf tools","Commercial","students","MOFU","Medium","Medium","/compare","/compare","/guides/choose-pdf-tool; /guides/pdf-tools","2500-4000","P2","Deferred","353"
"Best-of","best payslip generators for tax preparers","top payslip generators tax preparers; tax preparers pdf tools","Commercial","tax preparers","MOFU","Medium","Medium","/compare","/compare","/guides/choose-pdf-tool; /guides/pdf-tools","2500-4000","P2","Deferred","354"
"Best-of","best payslip generators for teachers","top payslip generators teachers; teachers pdf tools","Commercial","teachers","MOFU","Medium","Medium","/compare","/compare","/guides/choose-pdf-tool; /guides/pdf-tools","2500-4000","P2","Deferred","355"
"Best-of","best pdf compressors for accountants","top pdf compressors accountants; accountants pdf tools","Commercial","accountants","MOFU","Medium","Medium","/guides/compress-pdf-guide","/compare","/guides/choose-pdf-tool; /guides/pdf-tools","2500-4000","P2","Merged","356"
"Best-of","best pdf compressors for archivists","top pdf compressors archivists; archivists pdf tools","Commercial","archivists","MOFU","Medium","Medium","/guides/compress-pdf-guide","/compare","/guides/choose-pdf-tool; /guides/pdf-tools","2500-4000","P2","Merged","357"
"Best-of","best pdf compressors for bookkeepers","top pdf compressors bookkeepers; bookkeepers pdf tools","Commercial","bookkeepers","MOFU","Medium","Medium","/guides/compress-pdf-guide","/compare","/guides/choose-pdf-tool; /guides/pdf-tools","2500-4000","P2","Merged","358"
"Best-of","best pdf compressors for construction managers","top pdf compressors construction managers; construction managers pdf tools","Commercial","construction managers","MOFU","Medium","Medium","/guides/compress-pdf-guide","/compare","/guides/choose-pdf-tool; /guides/pdf-tools","2500-4000","P2","Merged","359"
"Best-of","best pdf compressors for consultants","top pdf compressors consultants; consultants pdf tools","Commercial","consultants","MOFU","Medium","Medium","/guides/compress-pdf-guide","/compare","/guides/choose-pdf-tool; /guides/pdf-tools","2500-4000","P2","Merged","360"
"Best-of","best pdf compressors for designers","top pdf compressors designers; designers pdf tools","Commercial","designers","MOFU","Medium","Medium","/guides/compress-pdf-guide","/compare","/guides/choose-pdf-tool; /guides/pdf-tools","2500-4000","P2","Merged","361"
"Best-of","best pdf compressors for developers","top pdf compressors developers; developers pdf tools","Commercial","developers","MOFU","Medium","Medium","/guides/compress-pdf-guide","/compare","/guides/choose-pdf-tool; /guides/pdf-tools","2500-4000","P2","Merged","362"
"Best-of","best pdf compressors for ecommerce sellers","top pdf compressors ecommerce sellers; ecommerce sellers pdf tools","Commercial","ecommerce sellers","MOFU","Medium","Medium","/guides/compress-pdf-guide","/compare","/guides/choose-pdf-tool; /guides/pdf-tools","2500-4000","P2","Merged","363"
"Best-of","best pdf compressors for event planners","top pdf compressors event planners; event planners pdf tools","Commercial","event planners","MOFU","Medium","Medium","/guides/compress-pdf-guide","/compare","/guides/choose-pdf-tool; /guides/pdf-tools","2500-4000","P2","Merged","364"
"Best-of","best pdf compressors for freelancers","top pdf compressors freelancers; freelancers pdf tools","Commercial","freelancers","MOFU","Medium","Medium","/guides/compress-pdf-guide","/compare","/guides/choose-pdf-tool; /guides/pdf-tools","2500-4000","P2","Merged","365"
"Best-of","best pdf compressors for government contractors","top pdf compressors government contractors; government contractors pdf tools","Commercial","government contractors","MOFU","Medium","Medium","/guides/compress-pdf-guide","/compare","/guides/choose-pdf-tool; /guides/pdf-tools","2500-4000","P2","Merged","366"
"Best-of","best pdf compressors for healthcare administrators","top pdf compressors healthcare administrators; healthcare administrators pdf tools","Commercial","healthcare administrators","MOFU","Medium","Medium","/guides/compress-pdf-guide","/compare","/guides/choose-pdf-tool; /guides/pdf-tools","2500-4000","P2","Merged","367"
"Best-of","best pdf compressors for hr teams","top pdf compressors hr teams; hr teams pdf tools","Commercial","hr teams","MOFU","Medium","Medium","/guides/compress-pdf-guide","/compare","/guides/choose-pdf-tool; /guides/pdf-tools","2500-4000","P2","Merged","368"
"Best-of","best pdf compressors for insurance agents","top pdf compressors insurance agents; insurance agents pdf tools","Commercial","insurance agents","MOFU","Medium","Medium","/guides/compress-pdf-guide","/compare","/guides/choose-pdf-tool; /guides/pdf-tools","2500-4000","P2","Merged","369"
"Best-of","best pdf compressors for journalists","top pdf compressors journalists; journalists pdf tools","Commercial","journalists","MOFU","Medium","Medium","/guides/compress-pdf-guide","/compare","/guides/choose-pdf-tool; /guides/pdf-tools","2500-4000","P2","Merged","370"
"Best-of","best pdf compressors for lawyers","top pdf compressors lawyers; lawyers pdf tools","Commercial","lawyers","MOFU","Medium","Medium","/guides/compress-pdf-guide","/compare","/guides/choose-pdf-tool; /guides/pdf-tools","2500-4000","P2","Merged","371"
"Best-of","best pdf compressors for librarians","top pdf compressors librarians; librarians pdf tools","Commercial","librarians","MOFU","Medium","Medium","/guides/compress-pdf-guide","/compare","/guides/choose-pdf-tool; /guides/pdf-tools","2500-4000","P2","Merged","372"
"Best-of","best pdf compressors for marketers","top pdf compressors marketers; marketers pdf tools","Commercial","marketers","MOFU","Medium","Medium","/guides/compress-pdf-guide","/compare","/guides/choose-pdf-tool; /guides/pdf-tools","2500-4000","P2","Merged","373"
"Best-of","best pdf compressors for nonprofits","top pdf compressors nonprofits; nonprofits pdf tools","Commercial","nonprofits","MOFU","Medium","Medium","/guides/compress-pdf-guide","/compare","/guides/choose-pdf-tool; /guides/pdf-tools","2500-4000","P2","Merged","374"
"Best-of","best pdf compressors for paralegals","top pdf compressors paralegals; paralegals pdf tools","Commercial","paralegals","MOFU","Medium","Medium","/guides/compress-pdf-guide","/compare","/guides/choose-pdf-tool; /guides/pdf-tools","2500-4000","P2","Merged","375"
"Best-of","best pdf compressors for photographers","top pdf compressors photographers; photographers pdf tools","Commercial","photographers","MOFU","Medium","Medium","/guides/compress-pdf-guide","/compare","/guides/choose-pdf-tool; /guides/pdf-tools","2500-4000","P2","Merged","376"
"Best-of","best pdf compressors for real estate agents","top pdf compressors real estate agents; real estate agents pdf tools","Commercial","real estate agents","MOFU","Medium","Medium","/guides/compress-pdf-guide","/compare","/guides/choose-pdf-tool; /guides/pdf-tools","2500-4000","P2","Merged","377"
"Best-of","best pdf compressors for recruiters","top pdf compressors recruiters; recruiters pdf tools","Commercial","recruiters","MOFU","Medium","Medium","/guides/compress-pdf-guide","/compare","/guides/choose-pdf-tool; /guides/pdf-tools","2500-4000","P2","Merged","378"
"Best-of","best pdf compressors for remote teams","top pdf compressors remote teams; remote teams pdf tools","Commercial","remote teams","MOFU","Medium","Medium","/guides/compress-pdf-guide","/compare","/guides/choose-pdf-tool; /guides/pdf-tools","2500-4000","P2","Merged","379"
"Best-of","best pdf compressors for researchers","top pdf compressors researchers; researchers pdf tools","Commercial","researchers","MOFU","Medium","Medium","/guides/compress-pdf-guide","/compare","/guides/choose-pdf-tool; /guides/pdf-tools","2500-4000","P2","Merged","380"
"Best-of","best pdf compressors for small business","top pdf compressors small business; small business pdf tools","Commercial","small business","MOFU","Medium","Medium","/guides/compress-pdf-guide","/compare","/guides/choose-pdf-tool; /guides/pdf-tools","2500-4000","P2","Merged","381"
"Best-of","best pdf compressors for startups","top pdf compressors startups; startups pdf tools","Commercial","startups","MOFU","Medium","Medium","/guides/compress-pdf-guide","/compare","/guides/choose-pdf-tool; /guides/pdf-tools","2500-4000","P2","Merged","382"
"Best-of","best pdf compressors for students","top pdf compressors students; students pdf tools","Commercial","students","MOFU","Medium","Medium","/guides/compress-pdf-guide","/compare","/guides/choose-pdf-tool; /guides/pdf-tools","2500-4000","P2","Merged","383"
"Best-of","best pdf compressors for tax preparers","top pdf compressors tax preparers; tax preparers pdf tools","Commercial","tax preparers","MOFU","Medium","Medium","/guides/compress-pdf-guide","/compare","/guides/choose-pdf-tool; /guides/pdf-tools","2500-4000","P2","Merged","384"
"Best-of","best pdf compressors for teachers","top pdf compressors teachers; teachers pdf tools","Commercial","teachers","MOFU","Medium","Medium","/guides/compress-pdf-guide","/compare","/guides/choose-pdf-tool; /guides/pdf-tools","2500-4000","P2","Merged","385"
"Best-of","best pdf converters for accountants","top pdf converters accountants; accountants pdf tools","Commercial","accountants","MOFU","Medium","Medium","/guides/pdf-tools","/compare","/guides/choose-pdf-tool; /guides/pdf-tools","2500-4000","P2","Merged","386"
"Best-of","best pdf converters for archivists","top pdf converters archivists; archivists pdf tools","Commercial","archivists","MOFU","Medium","Medium","/guides/pdf-tools","/compare","/guides/choose-pdf-tool; /guides/pdf-tools","2500-4000","P2","Merged","387"
"Best-of","best pdf converters for bookkeepers","top pdf converters bookkeepers; bookkeepers pdf tools","Commercial","bookkeepers","MOFU","Medium","Medium","/guides/pdf-tools","/compare","/guides/choose-pdf-tool; /guides/pdf-tools","2500-4000","P2","Merged","388"
"Best-of","best pdf converters for construction managers","top pdf converters construction managers; construction managers pdf tools","Commercial","construction managers","MOFU","Medium","Medium","/guides/pdf-tools","/compare","/guides/choose-pdf-tool; /guides/pdf-tools","2500-4000","P2","Merged","389"
"Best-of","best pdf converters for consultants","top pdf converters consultants; consultants pdf tools","Commercial","consultants","MOFU","Medium","Medium","/guides/pdf-tools","/compare","/guides/choose-pdf-tool; /guides/pdf-tools","2500-4000","P2","Merged","390"
"Best-of","best pdf converters for designers","top pdf converters designers; designers pdf tools","Commercial","designers","MOFU","Medium","Medium","/guides/pdf-tools","/compare","/guides/choose-pdf-tool; /guides/pdf-tools","2500-4000","P2","Merged","391"
"Best-of","best pdf converters for developers","top pdf converters developers; developers pdf tools","Commercial","developers","MOFU","Medium","Medium","/guides/pdf-tools","/compare","/guides/choose-pdf-tool; /guides/pdf-tools","2500-4000","P2","Merged","392"
"Best-of","best pdf converters for ecommerce sellers","top pdf converters ecommerce sellers; ecommerce sellers pdf tools","Commercial","ecommerce sellers","MOFU","Medium","Medium","/guides/pdf-tools","/compare","/guides/choose-pdf-tool; /guides/pdf-tools","2500-4000","P2","Merged","393"
"Best-of","best pdf converters for event planners","top pdf converters event planners; event planners pdf tools","Commercial","event planners","MOFU","Medium","Medium","/guides/pdf-tools","/compare","/guides/choose-pdf-tool; /guides/pdf-tools","2500-4000","P2","Merged","394"
"Best-of","best pdf converters for freelancers","top pdf converters freelancers; freelancers pdf tools","Commercial","freelancers","MOFU","Medium","Medium","/guides/pdf-tools","/compare","/guides/choose-pdf-tool; /guides/pdf-tools","2500-4000","P2","Merged","395"
"Best-of","best pdf converters for government contractors","top pdf converters government contractors; government contractors pdf tools","Commercial","government contractors","MOFU","Medium","Medium","/guides/pdf-tools","/compare","/guides/choose-pdf-tool; /guides/pdf-tools","2500-4000","P2","Merged","396"
"Best-of","best pdf converters for healthcare administrators","top pdf converters healthcare administrators; healthcare administrators pdf tools","Commercial","healthcare administrators","MOFU","Medium","Medium","/guides/pdf-tools","/compare","/guides/choose-pdf-tool; /guides/pdf-tools","2500-4000","P2","Merged","397"
"Best-of","best pdf converters for hr teams","top pdf converters hr teams; hr teams pdf tools","Commercial","hr teams","MOFU","Medium","Medium","/guides/pdf-tools","/compare","/guides/choose-pdf-tool; /guides/pdf-tools","2500-4000","P2","Merged","398"
"Best-of","best pdf converters for insurance agents","top pdf converters insurance agents; insurance agents pdf tools","Commercial","insurance agents","MOFU","Medium","Medium","/guides/pdf-tools","/compare","/guides/choose-pdf-tool; /guides/pdf-tools","2500-4000","P2","Merged","399"
"Best-of","best pdf converters for journalists","top pdf converters journalists; journalists pdf tools","Commercial","journalists","MOFU","Medium","Medium","/guides/pdf-tools","/compare","/guides/choose-pdf-tool; /guides/pdf-tools","2500-4000","P2","Merged","400"
"Best-of","best pdf converters for lawyers","top pdf converters lawyers; lawyers pdf tools","Commercial","lawyers","MOFU","Medium","Medium","/guides/pdf-tools","/compare","/guides/choose-pdf-tool; /guides/pdf-tools","2500-4000","P2","Merged","401"
"Best-of","best pdf converters for librarians","top pdf converters librarians; librarians pdf tools","Commercial","librarians","MOFU","Medium","Medium","/guides/pdf-tools","/compare","/guides/choose-pdf-tool; /guides/pdf-tools","2500-4000","P2","Merged","402"
"Best-of","best pdf converters for marketers","top pdf converters marketers; marketers pdf tools","Commercial","marketers","MOFU","Medium","Medium","/guides/pdf-tools","/compare","/guides/choose-pdf-tool; /guides/pdf-tools","2500-4000","P2","Merged","403"
"Best-of","best pdf converters for nonprofits","top pdf converters nonprofits; nonprofits pdf tools","Commercial","nonprofits","MOFU","Medium","Medium","/guides/pdf-tools","/compare","/guides/choose-pdf-tool; /guides/pdf-tools","2500-4000","P2","Merged","404"
"Best-of","best pdf converters for paralegals","top pdf converters paralegals; paralegals pdf tools","Commercial","paralegals","MOFU","Medium","Medium","/guides/pdf-tools","/compare","/guides/choose-pdf-tool; /guides/pdf-tools","2500-4000","P2","Merged","405"
"Best-of","best pdf converters for photographers","top pdf converters photographers; photographers pdf tools","Commercial","photographers","MOFU","Medium","Medium","/guides/pdf-tools","/compare","/guides/choose-pdf-tool; /guides/pdf-tools","2500-4000","P2","Merged","406"
"Best-of","best pdf converters for real estate agents","top pdf converters real estate agents; real estate agents pdf tools","Commercial","real estate agents","MOFU","Medium","Medium","/guides/pdf-tools","/compare","/guides/choose-pdf-tool; /guides/pdf-tools","2500-4000","P2","Merged","407"
"Best-of","best pdf converters for recruiters","top pdf converters recruiters; recruiters pdf tools","Commercial","recruiters","MOFU","Medium","Medium","/guides/pdf-tools","/compare","/guides/choose-pdf-tool; /guides/pdf-tools","2500-4000","P2","Merged","408"
"Best-of","best pdf converters for remote teams","top pdf converters remote teams; remote teams pdf tools","Commercial","remote teams","MOFU","Medium","Medium","/guides/pdf-tools","/compare","/guides/choose-pdf-tool; /guides/pdf-tools","2500-4000","P2","Merged","409"
"Best-of","best pdf converters for researchers","top pdf converters researchers; researchers pdf tools","Commercial","researchers","MOFU","Medium","Medium","/guides/pdf-tools","/compare","/guides/choose-pdf-tool; /guides/pdf-tools","2500-4000","P2","Merged","410"
"Best-of","best pdf converters for small business","top pdf converters small business; small business pdf tools","Commercial","small business","MOFU","Medium","Medium","/guides/pdf-tools","/compare","/guides/choose-pdf-tool; /guides/pdf-tools","2500-4000","P2","Merged","411"
"Best-of","best pdf converters for startups","top pdf converters startups; startups pdf tools","Commercial","startups","MOFU","Medium","Medium","/guides/pdf-tools","/compare","/guides/choose-pdf-tool; /guides/pdf-tools","2500-4000","P2","Merged","412"
"Best-of","best pdf converters for students","top pdf converters students; students pdf tools","Commercial","students","MOFU","Medium","Medium","/guides/pdf-tools","/compare","/guides/choose-pdf-tool; /guides/pdf-tools","2500-4000","P2","Merged","413"
"Best-of","best pdf converters for tax preparers","top pdf converters tax preparers; tax preparers pdf tools","Commercial","tax preparers","MOFU","Medium","Medium","/guides/pdf-tools","/compare","/guides/choose-pdf-tool; /guides/pdf-tools","2500-4000","P2","Merged","414"
"Best-of","best pdf converters for teachers","top pdf converters teachers; teachers pdf tools","Commercial","teachers","MOFU","Medium","Medium","/guides/pdf-tools","/compare","/guides/choose-pdf-tool; /guides/pdf-tools","2500-4000","P2","Merged","415"
"Best-of","best pdf editors for accountants","top pdf editors accountants; accountants pdf tools","Commercial","accountants","MOFU","Medium","Medium","/guides/edit-pdf","/compare","/guides/choose-pdf-tool; /guides/pdf-tools","2500-4000","P2","Merged","416"
"Best-of","best pdf editors for archivists","top pdf editors archivists; archivists pdf tools","Commercial","archivists","MOFU","Medium","Medium","/guides/edit-pdf","/compare","/guides/choose-pdf-tool; /guides/pdf-tools","2500-4000","P2","Merged","417"
"Best-of","best pdf editors for bookkeepers","top pdf editors bookkeepers; bookkeepers pdf tools","Commercial","bookkeepers","MOFU","Medium","Medium","/guides/edit-pdf","/compare","/guides/choose-pdf-tool; /guides/pdf-tools","2500-4000","P2","Merged","418"
"Best-of","best pdf editors for construction managers","top pdf editors construction managers; construction managers pdf tools","Commercial","construction managers","MOFU","Medium","Medium","/guides/edit-pdf","/compare","/guides/choose-pdf-tool; /guides/pdf-tools","2500-4000","P2","Merged","419"
"Best-of","best pdf editors for consultants","top pdf editors consultants; consultants pdf tools","Commercial","consultants","MOFU","Medium","Medium","/guides/edit-pdf","/compare","/guides/choose-pdf-tool; /guides/pdf-tools","2500-4000","P2","Merged","420"
"Best-of","best pdf editors for designers","top pdf editors designers; designers pdf tools","Commercial","designers","MOFU","Medium","Medium","/guides/edit-pdf","/compare","/guides/choose-pdf-tool; /guides/pdf-tools","2500-4000","P2","Merged","421"
"Best-of","best pdf editors for developers","top pdf editors developers; developers pdf tools","Commercial","developers","MOFU","Medium","Medium","/guides/edit-pdf","/compare","/guides/choose-pdf-tool; /guides/pdf-tools","2500-4000","P2","Merged","422"
"Best-of","best pdf editors for ecommerce sellers","top pdf editors ecommerce sellers; ecommerce sellers pdf tools","Commercial","ecommerce sellers","MOFU","Medium","Medium","/guides/edit-pdf","/compare","/guides/choose-pdf-tool; /guides/pdf-tools","2500-4000","P2","Merged","423"
"Best-of","best pdf editors for event planners","top pdf editors event planners; event planners pdf tools","Commercial","event planners","MOFU","Medium","Medium","/guides/edit-pdf","/compare","/guides/choose-pdf-tool; /guides/pdf-tools","2500-4000","P2","Merged","424"
"Best-of","best pdf editors for freelancers","top pdf editors freelancers; freelancers pdf tools","Commercial","freelancers","MOFU","Medium","Medium","/guides/edit-pdf","/compare","/guides/choose-pdf-tool; /guides/pdf-tools","2500-4000","P2","Merged","425"
"Best-of","best pdf editors for government contractors","top pdf editors government contractors; government contractors pdf tools","Commercial","government contractors","MOFU","Medium","Medium","/guides/edit-pdf","/compare","/guides/choose-pdf-tool; /guides/pdf-tools","2500-4000","P2","Merged","426"
"Best-of","best pdf editors for healthcare administrators","top pdf editors healthcare administrators; healthcare administrators pdf tools","Commercial","healthcare administrators","MOFU","Medium","Medium","/guides/edit-pdf","/compare","/guides/choose-pdf-tool; /guides/pdf-tools","2500-4000","P2","Merged","427"
"Best-of","best pdf editors for hr teams","top pdf editors hr teams; hr teams pdf tools","Commercial","hr teams","MOFU","Medium","Medium","/guides/edit-pdf","/compare","/guides/choose-pdf-tool; /guides/pdf-tools","2500-4000","P2","Merged","428"
"Best-of","best pdf editors for insurance agents","top pdf editors insurance agents; insurance agents pdf tools","Commercial","insurance agents","MOFU","Medium","Medium","/guides/edit-pdf","/compare","/guides/choose-pdf-tool; /guides/pdf-tools","2500-4000","P2","Merged","429"
"Best-of","best pdf editors for journalists","top pdf editors journalists; journalists pdf tools","Commercial","journalists","MOFU","Medium","Medium","/guides/edit-pdf","/compare","/guides/choose-pdf-tool; /guides/pdf-tools","2500-4000","P2","Merged","430"
"Best-of","best pdf editors for lawyers","top pdf editors lawyers; lawyers pdf tools","Commercial","lawyers","MOFU","Medium","Medium","/guides/edit-pdf","/compare","/guides/choose-pdf-tool; /guides/pdf-tools","2500-4000","P2","Merged","431"
"Best-of","best pdf editors for librarians","top pdf editors librarians; librarians pdf tools","Commercial","librarians","MOFU","Medium","Medium","/guides/edit-pdf","/compare","/guides/choose-pdf-tool; /guides/pdf-tools","2500-4000","P2","Merged","432"
"Best-of","best pdf editors for marketers","top pdf editors marketers; marketers pdf tools","Commercial","marketers","MOFU","Medium","Medium","/guides/edit-pdf","/compare","/guides/choose-pdf-tool; /guides/pdf-tools","2500-4000","P2","Merged","433"
"Best-of","best pdf editors for nonprofits","top pdf editors nonprofits; nonprofits pdf tools","Commercial","nonprofits","MOFU","Medium","Medium","/guides/edit-pdf","/compare","/guides/choose-pdf-tool; /guides/pdf-tools","2500-4000","P2","Merged","434"
"Best-of","best pdf editors for paralegals","top pdf editors paralegals; paralegals pdf tools","Commercial","paralegals","MOFU","Medium","Medium","/guides/edit-pdf","/compare","/guides/choose-pdf-tool; /guides/pdf-tools","2500-4000","P2","Merged","435"
"Best-of","best pdf editors for photographers","top pdf editors photographers; photographers pdf tools","Commercial","photographers","MOFU","Medium","Medium","/guides/edit-pdf","/compare","/guides/choose-pdf-tool; /guides/pdf-tools","2500-4000","P2","Merged","436"
"Best-of","best pdf editors for real estate agents","top pdf editors real estate agents; real estate agents pdf tools","Commercial","real estate agents","MOFU","Medium","Medium","/guides/edit-pdf","/compare","/guides/choose-pdf-tool; /guides/pdf-tools","2500-4000","P2","Merged","437"
"Best-of","best pdf editors for recruiters","top pdf editors recruiters; recruiters pdf tools","Commercial","recruiters","MOFU","Medium","Medium","/guides/edit-pdf","/compare","/guides/choose-pdf-tool; /guides/pdf-tools","2500-4000","P2","Merged","438"
"Best-of","best pdf editors for remote teams","top pdf editors remote teams; remote teams pdf tools","Commercial","remote teams","MOFU","Medium","Medium","/guides/edit-pdf","/compare","/guides/choose-pdf-tool; /guides/pdf-tools","2500-4000","P2","Merged","439"
"Best-of","best pdf editors for researchers","top pdf editors researchers; researchers pdf tools","Commercial","researchers","MOFU","Medium","Medium","/guides/edit-pdf","/compare","/guides/choose-pdf-tool; /guides/pdf-tools","2500-4000","P2","Merged","440"
"Best-of","best pdf editors for small business","top pdf editors small business; small business pdf tools","Commercial","small business","MOFU","Medium","Medium","/guides/edit-pdf","/compare","/guides/choose-pdf-tool; /guides/pdf-tools","2500-4000","P2","Merged","441"
"Best-of","best pdf editors for startups","top pdf editors startups; startups pdf tools","Commercial","startups","MOFU","Medium","Medium","/guides/edit-pdf","/compare","/guides/choose-pdf-tool; /guides/pdf-tools","2500-4000","P2","Merged","442"
"Best-of","best pdf editors for students","top pdf editors students; students pdf tools","Commercial","students","MOFU","Medium","Medium","/guides/edit-pdf","/compare","/guides/choose-pdf-tool; /guides/pdf-tools","2500-4000","P2","Merged","443"
"Best-of","best pdf editors for tax preparers","top pdf editors tax preparers; tax preparers pdf tools","Commercial","tax preparers","MOFU","Medium","Medium","/guides/edit-pdf","/compare","/guides/choose-pdf-tool; /guides/pdf-tools","2500-4000","P2","Merged","444"
"Best-of","best pdf editors for teachers","top pdf editors teachers; teachers pdf tools","Commercial","teachers","MOFU","Medium","Medium","/guides/edit-pdf","/compare","/guides/choose-pdf-tool; /guides/pdf-tools","2500-4000","P2","Merged","445"
"Best-of","best pdf mergers for accountants","top pdf mergers accountants; accountants pdf tools","Commercial","accountants","MOFU","Medium","Medium","/guides/merge-pdf","/compare","/guides/choose-pdf-tool; /guides/pdf-tools","2500-4000","P2","Merged","446"
"Best-of","best pdf mergers for archivists","top pdf mergers archivists; archivists pdf tools","Commercial","archivists","MOFU","Medium","Medium","/guides/merge-pdf","/compare","/guides/choose-pdf-tool; /guides/pdf-tools","2500-4000","P2","Merged","447"
"Best-of","best pdf mergers for bookkeepers","top pdf mergers bookkeepers; bookkeepers pdf tools","Commercial","bookkeepers","MOFU","Medium","Medium","/guides/merge-pdf","/compare","/guides/choose-pdf-tool; /guides/pdf-tools","2500-4000","P2","Merged","448"
"Best-of","best pdf mergers for construction managers","top pdf mergers construction managers; construction managers pdf tools","Commercial","construction managers","MOFU","Medium","Medium","/guides/merge-pdf","/compare","/guides/choose-pdf-tool; /guides/pdf-tools","2500-4000","P2","Merged","449"
"Best-of","best pdf mergers for consultants","top pdf mergers consultants; consultants pdf tools","Commercial","consultants","MOFU","Medium","Medium","/guides/merge-pdf","/compare","/guides/choose-pdf-tool; /guides/pdf-tools","2500-4000","P2","Merged","450"
"Best-of","best pdf mergers for designers","top pdf mergers designers; designers pdf tools","Commercial","designers","MOFU","Medium","Medium","/guides/merge-pdf","/compare","/guides/choose-pdf-tool; /guides/pdf-tools","2500-4000","P2","Merged","451"
"Best-of","best pdf mergers for developers","top pdf mergers developers; developers pdf tools","Commercial","developers","MOFU","Medium","Medium","/guides/merge-pdf","/compare","/guides/choose-pdf-tool; /guides/pdf-tools","2500-4000","P2","Merged","452"
"Best-of","best pdf mergers for ecommerce sellers","top pdf mergers ecommerce sellers; ecommerce sellers pdf tools","Commercial","ecommerce sellers","MOFU","Medium","Medium","/guides/merge-pdf","/compare","/guides/choose-pdf-tool; /guides/pdf-tools","2500-4000","P2","Merged","453"
"Best-of","best pdf mergers for event planners","top pdf mergers event planners; event planners pdf tools","Commercial","event planners","MOFU","Medium","Medium","/guides/merge-pdf","/compare","/guides/choose-pdf-tool; /guides/pdf-tools","2500-4000","P2","Merged","454"
"Best-of","best pdf mergers for freelancers","top pdf mergers freelancers; freelancers pdf tools","Commercial","freelancers","MOFU","Medium","Medium","/guides/merge-pdf","/compare","/guides/choose-pdf-tool; /guides/pdf-tools","2500-4000","P2","Merged","455"
"Best-of","best pdf mergers for government contractors","top pdf mergers government contractors; government contractors pdf tools","Commercial","government contractors","MOFU","Medium","Medium","/guides/merge-pdf","/compare","/guides/choose-pdf-tool; /guides/pdf-tools","2500-4000","P2","Merged","456"
"Best-of","best pdf mergers for healthcare administrators","top pdf mergers healthcare administrators; healthcare administrators pdf tools","Commercial","healthcare administrators","MOFU","Medium","Medium","/guides/merge-pdf","/compare","/guides/choose-pdf-tool; /guides/pdf-tools","2500-4000","P2","Merged","457"
"Best-of","best pdf mergers for hr teams","top pdf mergers hr teams; hr teams pdf tools","Commercial","hr teams","MOFU","Medium","Medium","/guides/merge-pdf","/compare","/guides/choose-pdf-tool; /guides/pdf-tools","2500-4000","P2","Merged","458"
"Best-of","best pdf mergers for insurance agents","top pdf mergers insurance agents; insurance agents pdf tools","Commercial","insurance agents","MOFU","Medium","Medium","/guides/merge-pdf","/compare","/guides/choose-pdf-tool; /guides/pdf-tools","2500-4000","P2","Merged","459"
"Best-of","best pdf mergers for journalists","top pdf mergers journalists; journalists pdf tools","Commercial","journalists","MOFU","Medium","Medium","/guides/merge-pdf","/compare","/guides/choose-pdf-tool; /guides/pdf-tools","2500-4000","P2","Merged","460"
"Best-of","best pdf mergers for lawyers","top pdf mergers lawyers; lawyers pdf tools","Commercial","lawyers","MOFU","Medium","Medium","/guides/merge-pdf","/compare","/guides/choose-pdf-tool; /guides/pdf-tools","2500-4000","P2","Merged","461"
"Best-of","best pdf mergers for librarians","top pdf mergers librarians; librarians pdf tools","Commercial","librarians","MOFU","Medium","Medium","/guides/merge-pdf","/compare","/guides/choose-pdf-tool; /guides/pdf-tools","2500-4000","P2","Merged","462"
"Best-of","best pdf mergers for marketers","top pdf mergers marketers; marketers pdf tools","Commercial","marketers","MOFU","Medium","Medium","/guides/merge-pdf","/compare","/guides/choose-pdf-tool; /guides/pdf-tools","2500-4000","P2","Merged","463"
"Best-of","best pdf mergers for nonprofits","top pdf mergers nonprofits; nonprofits pdf tools","Commercial","nonprofits","MOFU","Medium","Medium","/guides/merge-pdf","/compare","/guides/choose-pdf-tool; /guides/pdf-tools","2500-4000","P2","Merged","464"
"Best-of","best pdf mergers for paralegals","top pdf mergers paralegals; paralegals pdf tools","Commercial","paralegals","MOFU","Medium","Medium","/guides/merge-pdf","/compare","/guides/choose-pdf-tool; /guides/pdf-tools","2500-4000","P2","Merged","465"
"Best-of","best pdf mergers for photographers","top pdf mergers photographers; photographers pdf tools","Commercial","photographers","MOFU","Medium","Medium","/guides/merge-pdf","/compare","/guides/choose-pdf-tool; /guides/pdf-tools","2500-4000","P2","Merged","466"
"Best-of","best pdf mergers for real estate agents","top pdf mergers real estate agents; real estate agents pdf tools","Commercial","real estate agents","MOFU","Medium","Medium","/guides/merge-pdf","/compare","/guides/choose-pdf-tool; /guides/pdf-tools","2500-4000","P2","Merged","467"
"Best-of","best pdf mergers for recruiters","top pdf mergers recruiters; recruiters pdf tools","Commercial","recruiters","MOFU","Medium","Medium","/guides/merge-pdf","/compare","/guides/choose-pdf-tool; /guides/pdf-tools","2500-4000","P2","Merged","468"
"Best-of","best pdf mergers for remote teams","top pdf mergers remote teams; remote teams pdf tools","Commercial","remote teams","MOFU","Medium","Medium","/guides/merge-pdf","/compare","/guides/choose-pdf-tool; /guides/pdf-tools","2500-4000","P2","Merged","469"
"Best-of","best pdf mergers for researchers","top pdf mergers researchers; researchers pdf tools","Commercial","researchers","MOFU","Medium","Medium","/guides/merge-pdf","/compare","/guides/choose-pdf-tool; /guides/pdf-tools","2500-4000","P2","Merged","470"
"Best-of","best pdf mergers for small business","top pdf mergers small business; small business pdf tools","Commercial","small business","MOFU","Medium","Medium","/guides/merge-pdf","/compare","/guides/choose-pdf-tool; /guides/pdf-tools","2500-4000","P2","Merged","471"
"Best-of","best pdf mergers for startups","top pdf mergers startups; startups pdf tools","Commercial","startups","MOFU","Medium","Medium","/guides/merge-pdf","/compare","/guides/choose-pdf-tool; /guides/pdf-tools","2500-4000","P2","Merged","472"
"Best-of","best pdf mergers for students","top pdf mergers students; students pdf tools","Commercial","students","MOFU","Medium","Medium","/guides/merge-pdf","/compare","/guides/choose-pdf-tool; /guides/pdf-tools","2500-4000","P2","Merged","473"
"Best-of","best pdf mergers for tax preparers","top pdf mergers tax preparers; tax preparers pdf tools","Commercial","tax preparers","MOFU","Medium","Medium","/guides/merge-pdf","/compare","/guides/choose-pdf-tool; /guides/pdf-tools","2500-4000","P2","Merged","474"
"Best-of","best pdf mergers for teachers","top pdf mergers teachers; teachers pdf tools","Commercial","teachers","MOFU","Medium","Medium","/guides/merge-pdf","/compare","/guides/choose-pdf-tool; /guides/pdf-tools","2500-4000","P2","Merged","475"
"Best-of","best pdf ocr tools for accountants","top pdf ocr tools accountants; accountants pdf tools","Commercial","accountants","MOFU","Medium","Medium","/guides/pdf-txt-guide","/compare","/guides/choose-pdf-tool; /guides/pdf-tools","2500-4000","P2","Merged","476"
"Best-of","best pdf ocr tools for archivists","top pdf ocr tools archivists; archivists pdf tools","Commercial","archivists","MOFU","Medium","Medium","/guides/pdf-txt-guide","/compare","/guides/choose-pdf-tool; /guides/pdf-tools","2500-4000","P2","Merged","477"
"Best-of","best pdf ocr tools for bookkeepers","top pdf ocr tools bookkeepers; bookkeepers pdf tools","Commercial","bookkeepers","MOFU","Medium","Medium","/guides/pdf-txt-guide","/compare","/guides/choose-pdf-tool; /guides/pdf-tools","2500-4000","P2","Merged","478"
"Best-of","best pdf ocr tools for construction managers","top pdf ocr tools construction managers; construction managers pdf tools","Commercial","construction managers","MOFU","Medium","Medium","/guides/pdf-txt-guide","/compare","/guides/choose-pdf-tool; /guides/pdf-tools","2500-4000","P2","Merged","479"
"Best-of","best pdf ocr tools for consultants","top pdf ocr tools consultants; consultants pdf tools","Commercial","consultants","MOFU","Medium","Medium","/guides/pdf-txt-guide","/compare","/guides/choose-pdf-tool; /guides/pdf-tools","2500-4000","P2","Merged","480"
"Best-of","best pdf ocr tools for designers","top pdf ocr tools designers; designers pdf tools","Commercial","designers","MOFU","Medium","Medium","/guides/pdf-txt-guide","/compare","/guides/choose-pdf-tool; /guides/pdf-tools","2500-4000","P2","Merged","481"
"Best-of","best pdf ocr tools for developers","top pdf ocr tools developers; developers pdf tools","Commercial","developers","MOFU","Medium","Medium","/guides/pdf-txt-guide","/compare","/guides/choose-pdf-tool; /guides/pdf-tools","2500-4000","P2","Merged","482"
"Best-of","best pdf ocr tools for ecommerce sellers","top pdf ocr tools ecommerce sellers; ecommerce sellers pdf tools","Commercial","ecommerce sellers","MOFU","Medium","Medium","/guides/pdf-txt-guide","/compare","/guides/choose-pdf-tool; /guides/pdf-tools","2500-4000","P2","Merged","483"
"Best-of","best pdf ocr tools for event planners","top pdf ocr tools event planners; event planners pdf tools","Commercial","event planners","MOFU","Medium","Medium","/guides/pdf-txt-guide","/compare","/guides/choose-pdf-tool; /guides/pdf-tools","2500-4000","P2","Merged","484"
"Best-of","best pdf ocr tools for freelancers","top pdf ocr tools freelancers; freelancers pdf tools","Commercial","freelancers","MOFU","Medium","Medium","/guides/pdf-txt-guide","/compare","/guides/choose-pdf-tool; /guides/pdf-tools","2500-4000","P2","Merged","485"
"Best-of","best pdf ocr tools for government contractors","top pdf ocr tools government contractors; government contractors pdf tools","Commercial","government contractors","MOFU","Medium","Medium","/guides/pdf-txt-guide","/compare","/guides/choose-pdf-tool; /guides/pdf-tools","2500-4000","P2","Merged","486"
"Best-of","best pdf ocr tools for healthcare administrators","top pdf ocr tools healthcare administrators; healthcare administrators pdf tools","Commercial","healthcare administrators","MOFU","Medium","Medium","/guides/pdf-txt-guide","/compare","/guides/choose-pdf-tool; /guides/pdf-tools","2500-4000","P2","Merged","487"
"Best-of","best pdf ocr tools for hr teams","top pdf ocr tools hr teams; hr teams pdf tools","Commercial","hr teams","MOFU","Medium","Medium","/guides/pdf-txt-guide","/compare","/guides/choose-pdf-tool; /guides/pdf-tools","2500-4000","P2","Merged","488"
"Best-of","best pdf ocr tools for insurance agents","top pdf ocr tools insurance agents; insurance agents pdf tools","Commercial","insurance agents","MOFU","Medium","Medium","/guides/pdf-txt-guide","/compare","/guides/choose-pdf-tool; /guides/pdf-tools","2500-4000","P2","Merged","489"
"Best-of","best pdf ocr tools for journalists","top pdf ocr tools journalists; journalists pdf tools","Commercial","journalists","MOFU","Medium","Medium","/guides/pdf-txt-guide","/compare","/guides/choose-pdf-tool; /guides/pdf-tools","2500-4000","P2","Merged","490"
"Best-of","best pdf ocr tools for lawyers","top pdf ocr tools lawyers; lawyers pdf tools","Commercial","lawyers","MOFU","Medium","Medium","/guides/pdf-txt-guide","/compare","/guides/choose-pdf-tool; /guides/pdf-tools","2500-4000","P2","Merged","491"
"Best-of","best pdf ocr tools for librarians","top pdf ocr tools librarians; librarians pdf tools","Commercial","librarians","MOFU","Medium","Medium","/guides/pdf-txt-guide","/compare","/guides/choose-pdf-tool; /guides/pdf-tools","2500-4000","P2","Merged","492"
"Best-of","best pdf ocr tools for marketers","top pdf ocr tools marketers; marketers pdf tools","Commercial","marketers","MOFU","Medium","Medium","/guides/pdf-txt-guide","/compare","/guides/choose-pdf-tool; /guides/pdf-tools","2500-4000","P2","Merged","493"
"Best-of","best pdf ocr tools for nonprofits","top pdf ocr tools nonprofits; nonprofits pdf tools","Commercial","nonprofits","MOFU","Medium","Medium","/guides/pdf-txt-guide","/compare","/guides/choose-pdf-tool; /guides/pdf-tools","2500-4000","P2","Merged","494"
"Best-of","best pdf ocr tools for paralegals","top pdf ocr tools paralegals; paralegals pdf tools","Commercial","paralegals","MOFU","Medium","Medium","/guides/pdf-txt-guide","/compare","/guides/choose-pdf-tool; /guides/pdf-tools","2500-4000","P2","Merged","495"
"Best-of","best pdf ocr tools for photographers","top pdf ocr tools photographers; photographers pdf tools","Commercial","photographers","MOFU","Medium","Medium","/guides/pdf-txt-guide","/compare","/guides/choose-pdf-tool; /guides/pdf-tools","2500-4000","P2","Merged","496"
"Best-of","best pdf ocr tools for real estate agents","top pdf ocr tools real estate agents; real estate agents pdf tools","Commercial","real estate agents","MOFU","Medium","Medium","/guides/pdf-txt-guide","/compare","/guides/choose-pdf-tool; /guides/pdf-tools","2500-4000","P2","Merged","497"
"Best-of","best pdf ocr tools for recruiters","top pdf ocr tools recruiters; recruiters pdf tools","Commercial","recruiters","MOFU","Medium","Medium","/guides/pdf-txt-guide","/compare","/guides/choose-pdf-tool; /guides/pdf-tools","2500-4000","P2","Merged","498"
"Best-of","best pdf ocr tools for remote teams","top pdf ocr tools remote teams; remote teams pdf tools","Commercial","remote teams","MOFU","Medium","Medium","/guides/pdf-txt-guide","/compare","/guides/choose-pdf-tool; /guides/pdf-tools","2500-4000","P2","Merged","499"
"Best-of","best pdf ocr tools for researchers","top pdf ocr tools researchers; researchers pdf tools","Commercial","researchers","MOFU","Medium","Medium","/guides/pdf-txt-guide","/compare","/guides/choose-pdf-tool; /guides/pdf-tools","2500-4000","P2","Merged","500"
"Best-of","best pdf ocr tools for small business","top pdf ocr tools small business; small business pdf tools","Commercial","small business","MOFU","Medium","Medium","/guides/pdf-txt-guide","/compare","/guides/choose-pdf-tool; /guides/pdf-tools","2500-4000","P2","Merged","501"
"Best-of","best pdf ocr tools for startups","top pdf ocr tools startups; startups pdf tools","Commercial","startups","MOFU","Medium","Medium","/guides/pdf-txt-guide","/compare","/guides/choose-pdf-tool; /guides/pdf-tools","2500-4000","P2","Merged","502"
"Best-of","best pdf ocr tools for students","top pdf ocr tools students; students pdf tools","Commercial","students","MOFU","Medium","Medium","/guides/pdf-txt-guide","/compare","/guides/choose-pdf-tool; /guides/pdf-tools","2500-4000","P2","Merged","503"
"Best-of","best pdf ocr tools for tax preparers","top pdf ocr tools tax preparers; tax preparers pdf tools","Commercial","tax preparers","MOFU","Medium","Medium","/guides/pdf-txt-guide","/compare","/guides/choose-pdf-tool; /guides/pdf-tools","2500-4000","P2","Merged","504"
"Best-of","best pdf ocr tools for teachers","top pdf ocr tools teachers; teachers pdf tools","Commercial","teachers","MOFU","Medium","Medium","/guides/pdf-txt-guide","/compare","/guides/choose-pdf-tool; /guides/pdf-tools","2500-4000","P2","Merged","505"
"Best-of","best secure pdf tools for accountants","top secure pdf tools accountants; accountants pdf tools","Commercial","accountants","MOFU","Medium","Medium","/guides/pdf-tool-security-comparison","/compare","/guides/choose-pdf-tool; /guides/pdf-tools","2500-4000","P2","Merged","506"
"Best-of","best secure pdf tools for archivists","top secure pdf tools archivists; archivists pdf tools","Commercial","archivists","MOFU","Medium","Medium","/guides/pdf-tool-security-comparison","/compare","/guides/choose-pdf-tool; /guides/pdf-tools","2500-4000","P2","Merged","507"
"Best-of","best secure pdf tools for bookkeepers","top secure pdf tools bookkeepers; bookkeepers pdf tools","Commercial","bookkeepers","MOFU","Medium","Medium","/guides/pdf-tool-security-comparison","/compare","/guides/choose-pdf-tool; /guides/pdf-tools","2500-4000","P2","Merged","508"
"Best-of","best secure pdf tools for construction managers","top secure pdf tools construction managers; construction managers pdf tools","Commercial","construction managers","MOFU","Medium","Medium","/guides/pdf-tool-security-comparison","/compare","/guides/choose-pdf-tool; /guides/pdf-tools","2500-4000","P2","Merged","509"
"Best-of","best secure pdf tools for consultants","top secure pdf tools consultants; consultants pdf tools","Commercial","consultants","MOFU","Medium","Medium","/guides/pdf-tool-security-comparison","/compare","/guides/choose-pdf-tool; /guides/pdf-tools","2500-4000","P2","Merged","510"
"Best-of","best secure pdf tools for designers","top secure pdf tools designers; designers pdf tools","Commercial","designers","MOFU","Medium","Medium","/guides/pdf-tool-security-comparison","/compare","/guides/choose-pdf-tool; /guides/pdf-tools","2500-4000","P2","Merged","511"
"Best-of","best secure pdf tools for developers","top secure pdf tools developers; developers pdf tools","Commercial","developers","MOFU","Medium","Medium","/guides/pdf-tool-security-comparison","/compare","/guides/choose-pdf-tool; /guides/pdf-tools","2500-4000","P2","Merged","512"
"Best-of","best secure pdf tools for ecommerce sellers","top secure pdf tools ecommerce sellers; ecommerce sellers pdf tools","Commercial","ecommerce sellers","MOFU","Medium","Medium","/guides/pdf-tool-security-comparison","/compare","/guides/choose-pdf-tool; /guides/pdf-tools","2500-4000","P2","Merged","513"
"Best-of","best secure pdf tools for event planners","top secure pdf tools event planners; event planners pdf tools","Commercial","event planners","MOFU","Medium","Medium","/guides/pdf-tool-security-comparison","/compare","/guides/choose-pdf-tool; /guides/pdf-tools","2500-4000","P2","Merged","514"
"Best-of","best secure pdf tools for freelancers","top secure pdf tools freelancers; freelancers pdf tools","Commercial","freelancers","MOFU","Medium","Medium","/guides/pdf-tool-security-comparison","/compare","/guides/choose-pdf-tool; /guides/pdf-tools","2500-4000","P2","Merged","515"
"Best-of","best secure pdf tools for government contractors","top secure pdf tools government contractors; government contractors pdf tools","Commercial","government contractors","MOFU","Medium","Medium","/guides/pdf-tool-security-comparison","/compare","/guides/choose-pdf-tool; /guides/pdf-tools","2500-4000","P2","Merged","516"
"Best-of","best secure pdf tools for healthcare administrators","top secure pdf tools healthcare administrators; healthcare administrators pdf tools","Commercial","healthcare administrators","MOFU","Medium","Medium","/guides/pdf-tool-security-comparison","/compare","/guides/choose-pdf-tool; /guides/pdf-tools","2500-4000","P2","Merged","517"
"Best-of","best secure pdf tools for hr teams","top secure pdf tools hr teams; hr teams pdf tools","Commercial","hr teams","MOFU","Medium","Medium","/guides/pdf-tool-security-comparison","/compare","/guides/choose-pdf-tool; /guides/pdf-tools","2500-4000","P2","Merged","518"
"Best-of","best secure pdf tools for insurance agents","top secure pdf tools insurance agents; insurance agents pdf tools","Commercial","insurance agents","MOFU","Medium","Medium","/guides/pdf-tool-security-comparison","/compare","/guides/choose-pdf-tool; /guides/pdf-tools","2500-4000","P2","Merged","519"
"Best-of","best secure pdf tools for journalists","top secure pdf tools journalists; journalists pdf tools","Commercial","journalists","MOFU","Medium","Medium","/guides/pdf-tool-security-comparison","/compare","/guides/choose-pdf-tool; /guides/pdf-tools","2500-4000","P2","Merged","520"
"Best-of","best secure pdf tools for lawyers","top secure pdf tools lawyers; lawyers pdf tools","Commercial","lawyers","MOFU","Medium","Medium","/guides/pdf-tool-security-comparison","/compare","/guides/choose-pdf-tool; /guides/pdf-tools","2500-4000","P2","Merged","521"
"Best-of","best secure pdf tools for librarians","top secure pdf tools librarians; librarians pdf tools","Commercial","librarians","MOFU","Medium","Medium","/guides/pdf-tool-security-comparison","/compare","/guides/choose-pdf-tool; /guides/pdf-tools","2500-4000","P2","Merged","522"
"Best-of","best secure pdf tools for marketers","top secure pdf tools marketers; marketers pdf tools","Commercial","marketers","MOFU","Medium","Medium","/guides/pdf-tool-security-comparison","/compare","/guides/choose-pdf-tool; /guides/pdf-tools","2500-4000","P2","Merged","523"
"Best-of","best secure pdf tools for nonprofits","top secure pdf tools nonprofits; nonprofits pdf tools","Commercial","nonprofits","MOFU","Medium","Medium","/guides/pdf-tool-security-comparison","/compare","/guides/choose-pdf-tool; /guides/pdf-tools","2500-4000","P2","Merged","524"
"Best-of","best secure pdf tools for paralegals","top secure pdf tools paralegals; paralegals pdf tools","Commercial","paralegals","MOFU","Medium","Medium","/guides/pdf-tool-security-comparison","/compare","/guides/choose-pdf-tool; /guides/pdf-tools","2500-4000","P2","Merged","525"
"Best-of","best secure pdf tools for photographers","top secure pdf tools photographers; photographers pdf tools","Commercial","photographers","MOFU","Medium","Medium","/guides/pdf-tool-security-comparison","/compare","/guides/choose-pdf-tool; /guides/pdf-tools","2500-4000","P2","Merged","526"
"Best-of","best secure pdf tools for real estate agents","top secure pdf tools real estate agents; real estate agents pdf tools","Commercial","real estate agents","MOFU","Medium","Medium","/guides/pdf-tool-security-comparison","/compare","/guides/choose-pdf-tool; /guides/pdf-tools","2500-4000","P2","Merged","527"
"Best-of","best secure pdf tools for recruiters","top secure pdf tools recruiters; recruiters pdf tools","Commercial","recruiters","MOFU","Medium","Medium","/guides/pdf-tool-security-comparison","/compare","/guides/choose-pdf-tool; /guides/pdf-tools","2500-4000","P2","Merged","528"
"Best-of","best secure pdf tools for remote teams","top secure pdf tools remote teams; remote teams pdf tools","Commercial","remote teams","MOFU","Medium","Medium","/guides/pdf-tool-security-comparison","/compare","/guides/choose-pdf-tool; /guides/pdf-tools","2500-4000","P2","Merged","529"
"Best-of","best secure pdf tools for researchers","top secure pdf tools researchers; researchers pdf tools","Commercial","researchers","MOFU","Medium","Medium","/guides/pdf-tool-security-comparison","/compare","/guides/choose-pdf-tool; /guides/pdf-tools","2500-4000","P2","Merged","530"
"Best-of","best secure pdf tools for small business","top secure pdf tools small business; small business pdf tools","Commercial","small business","MOFU","Medium","Medium","/guides/pdf-tool-security-comparison","/compare","/guides/choose-pdf-tool; /guides/pdf-tools","2500-4000","P2","Merged","531"
"Best-of","best secure pdf tools for startups","top secure pdf tools startups; startups pdf tools","Commercial","startups","MOFU","Medium","Medium","/guides/pdf-tool-security-comparison","/compare","/guides/choose-pdf-tool; /guides/pdf-tools","2500-4000","P2","Merged","532"
"Best-of","best secure pdf tools for students","top secure pdf tools students; students pdf tools","Commercial","students","MOFU","Medium","Medium","/guides/pdf-tool-security-comparison","/compare","/guides/choose-pdf-tool; /guides/pdf-tools","2500-4000","P2","Merged","533"
"Best-of","best secure pdf tools for tax preparers","top secure pdf tools tax preparers; tax preparers pdf tools","Commercial","tax preparers","MOFU","Medium","Medium","/guides/pdf-tool-security-comparison","/compare","/guides/choose-pdf-tool; /guides/pdf-tools","2500-4000","P2","Merged","534"
"Best-of","best secure pdf tools for teachers","top secure pdf tools teachers; teachers pdf tools","Commercial","teachers","MOFU","Medium","Medium","/guides/pdf-tool-security-comparison","/compare","/guides/choose-pdf-tool; /guides/pdf-tools","2500-4000","P2","Merged","535"
"Checklists","pdf accessibility checklist","a11y","Informational","Professionals","MOFU","Low","Medium","/guides/pdf-tools","/guides/pdf-tools","/guides/pdf-tools","3000-5000","P2","Merged","536"
"Checklists","pdf court filing checklist","legal","Informational","Professionals","MOFU","Low","Medium","/guides/merge-pdf-court-filing","/guides/merge-pdf-court-filing","/guides/merge-pdf-court-filing","3000-5000","P2","Merged","537"
"Checklists","pdf email attachment checklist","before send","Informational","Professionals","MOFU","Low","Medium","/guides/pdf-email-attachment-checklist","/guides/pdf-tools","/guides/secure-pdf-workflow","3000-5000","P2","Published","538"
"Checklists","pdf invoice audit checklist","finance","Informational","Professionals","MOFU","Low","Medium","/guides/invoice-generator-guide","/guides/invoice-generator-guide","/guides/invoice-generator-guide","3000-5000","P2","Merged","539"
"Checklists","pdf month-end close checklist","accountants","Informational","Professionals","MOFU","Low","Medium","/guides/merge-pdf-accountants","/guides/merge-pdf-accountants","/guides/merge-pdf-accountants","3000-5000","P2","Merged","540"
"Checklists","pdf onboarding document checklist","hr","Informational","Professionals","MOFU","Low","Medium","/guides/compress-pdf-hr","/guides/compress-pdf-hr","/guides/compress-pdf-hr","3000-5000","P2","Merged","541"
"Checklists","pdf research paper checklist","students","Informational","Professionals","MOFU","Low","Medium","/guides/merge-pdf-students","/guides/merge-pdf-students","/guides/merge-pdf-students","3000-5000","P2","Merged","542"
"Checklists","pdf security audit checklist","it","Informational","Professionals","MOFU","Low","Medium","/guides/pdf-tool-security-comparison","/guides/pdf-tool-security-comparison","/guides/pdf-tool-security-comparison","3000-5000","P2","Merged","543"
"Checklists","pdf tender submission checklist","procurement","Informational","Professionals","MOFU","Low","Medium","/guides/compress-pdf-guide","/guides/compress-pdf-guide","/guides/compress-pdf-guide","3000-5000","P2","Merged","544"
"Checklists","pdf visa application checklist","documents","Informational","Professionals","MOFU","Low","Medium","/guides/compress-pdf-for-visa-application","/guides/compress-pdf-for-visa-application","/guides/compress-pdf-for-visa-application","3000-5000","P2","Merged","545"
"Compare","browser pdf tools vs desktop","privacy","Informational","SMB","MOFU","Medium","High","/guides/browser-vs-desktop-pdf-tools","/compare","/guides/choose-pdf-tool; /home/security","3000-5000","P2","Published","546"
"Compare","ratpdf vs adobe acrobat","adobe acrobat review; best pdf tool","Commercial","Tool shoppers","BOFU","High","Medium","/guides/ratpdf-vs-adobe-acrobat","/compare","/compare/adobe-acrobat-alternative","2500-4000","P2","Merged","547"
"Compare","ratpdf vs foxit","foxit review; best pdf tool","Commercial","Tool shoppers","BOFU","High","Medium","/guides/ratpdf-vs-foxit","/compare","/compare/foxit-alternative","2500-4000","P2","Merged","548"
"Compare","ratpdf vs ilovepdf","ilovepdf review; best pdf tool","Commercial","Tool shoppers","BOFU","High","Medium","/guides/ratpdf-vs-ilovepdf","/compare","/compare/ilovepdf-alternative","2500-4000","P2","Merged","549"
"Compare","ratpdf vs pdf candy","pdf candy review; best pdf tool","Commercial","Tool shoppers","BOFU","High","Medium","/guides/ratpdf-vs-pdf-candy","/compare","/compare/pdf-candy-alternative","2500-4000","P2","Merged","550"
"Compare","ratpdf vs pdf24","pdf24 review; best pdf tool","Commercial","Tool shoppers","BOFU","High","Medium","/guides/ratpdf-vs-pdf24","/compare","/compare/pdf24-alternative","2500-4000","P2","Merged","551"
"Compare","ratpdf vs pdfelement","pdfelement review; best pdf tool","Commercial","Tool shoppers","BOFU","High","Medium","/guides/ratpdf-vs-pdfelement","/compare","/compare/pdfelement-alternative","2500-4000","P2","Merged","552"
"Compare","ratpdf vs sejda","sejda review; best pdf tool","Commercial","Tool shoppers","BOFU","High","Medium","/guides/ratpdf-vs-sejda","/compare","/compare/sejda-alternative","2500-4000","P2","Merged","553"
"Compare","ratpdf vs smallpdf","smallpdf review; best pdf tool","Commercial","Tool shoppers","BOFU","High","Medium","/guides/ratpdf-vs-smallpdf","/compare","/compare/smallpdf-alternative","2500-4000","P2","Merged","554"
"Compare","ratpdf vs sodapdf","sodapdf review; best pdf tool","Commercial","Tool shoppers","BOFU","High","Medium","/guides/ratpdf-vs-sodapdf","/compare","/compare/sodapdf-alternative","2500-4000","P2","Merged","555"
"Compare","ratpdf vs wondershare","wondershare review; best pdf tool","Commercial","Tool shoppers","BOFU","High","Medium","/guides/ratpdf-vs-wondershare","/compare","/compare/wondershare-alternative","2500-4000","P2","Merged","556"
"Comparison","a4 pdf vs letter pdf","difference; which to use","Commercial","Decision makers","MOFU","Low","Medium","/guides/pdf-tools","/compare","/guides/pdf-tools","2500-4000","P2","Merged","557"
"Comparison","browser pdf tool vs desktop pdf","difference; which to use","Commercial","Decision makers","MOFU","Low","Medium","/guides/browser-vs-desktop-pdf-tools","/compare","/guides/browser-vs-desktop-pdf-tools","2500-4000","P2","Merged","558"
"Comparison","bulk invoice vs single invoice","difference; which to use","Commercial","Decision makers","MOFU","Low","Medium","/invoice/bulk","/compare","/invoice/bulk","2500-4000","P2","Merged","559"
"Comparison","bulk payslip vs single payslip","difference; which to use","Commercial","Decision makers","MOFU","Low","Medium","/guides/payslip-generator-guide","/compare","/guides/payslip-generator-guide","2500-4000","P2","Merged","560"
"Comparison","compress vs split","difference; which to use","Commercial","Decision makers","MOFU","Low","Medium","/guides/compress-vs-split","/compare","/guides/choose-pdf-tool","2500-4000","P2","Published","561"
"Comparison","flatten vs compress","difference; which to use","Commercial","Decision makers","MOFU","Low","Medium","/guides/compress-pdf-guide","/compare","/guides/compress-pdf-guide","2500-4000","P2","Merged","562"
"Comparison","form pdf vs flat pdf","difference; which to use","Commercial","Decision makers","MOFU","Low","Medium","/guides/flatten-pdf","/compare","/guides/flatten-pdf","2500-4000","P2","Merged","563"
"Comparison","free pdf tool vs paid pdf","difference; which to use","Commercial","Decision makers","MOFU","Low","Medium","/guides/choose-pdf-tool","/compare","/guides/choose-pdf-tool","2500-4000","P2","Merged","564"
"Comparison","ghostscript vs adobe compress","difference; which to use","Commercial","Decision makers","MOFU","Low","Medium","/guides/compress-pdf-guide","/compare","/guides/compress-pdf-guide","2500-4000","P2","Merged","565"
"Comparison","gst invoice vs vat invoice","difference; which to use","Commercial","Decision makers","MOFU","Low","Medium","/guides/invoice-generator-guide","/compare","/guides/invoice-generator-guide","2500-4000","P2","Merged","566"
"Comparison","html to pdf vs print to pdf","difference; which to use","Commercial","Decision makers","MOFU","Low","Medium","/guides/html-to-pdf","/compare","/guides/html-to-pdf","2500-4000","P2","Merged","567"
"Comparison","image pdf vs text pdf","difference; which to use","Commercial","Decision makers","MOFU","Low","Medium","/guides/pdf-txt-guide","/compare","/guides/pdf-txt-guide","2500-4000","P2","Merged","568"
"Comparison","invoice template vs invoice software","difference; which to use","Commercial","Decision makers","MOFU","Low","Medium","/guides/invoice-generator-guide","/compare","/guides/invoice-generator-guide","2500-4000","P2","Merged","569"
"Comparison","json formatter vs json linter","difference; which to use","Commercial","Decision makers","MOFU","Low","Medium","/guides/json-formatter-guide","/compare","/guides/json-formatter-guide","2500-4000","P2","Merged","570"
"Comparison","jwt decode vs jwt verify","difference; which to use","Commercial","Decision makers","MOFU","Low","Medium","/guides/jwt-decoder-guide","/compare","/guides/jwt-decoder-guide","2500-4000","P2","Merged","571"
"Comparison","merge vs compress","difference; which to use","Commercial","Decision makers","MOFU","Low","Medium","/guides/merge-vs-compress","/compare","/guides/choose-pdf-tool","2500-4000","P2","Published","572"
"Comparison","online pdf vs offline pdf","difference; which to use","Commercial","Decision makers","MOFU","Low","Medium","/guides/browser-vs-desktop-pdf-tools","/compare","/guides/browser-vs-desktop-pdf-tools","2500-4000","P2","Merged","573"
"Comparison","page numbers vs footer watermark","difference; which to use","Commercial","Decision makers","MOFU","Low","Medium","/guides/add-page-numbers","/compare","/guides/add-page-numbers","2500-4000","P2","Merged","574"
"Comparison","pdf metadata vs pdf content","difference; which to use","Commercial","Decision makers","MOFU","Low","Medium","/guides/pdf-metadata-remove","/compare","/guides/pdf-metadata-remove","2500-4000","P2","Merged","575"
"Comparison","pdf to excel vs manual entry","difference; which to use","Commercial","Decision makers","MOFU","Low","Medium","/guides/pdf-to-excel","/compare","/guides/pdf-to-excel","2500-4000","P2","Merged","576"
"Comparison","pdf to ppt vs screenshot slides","difference; which to use","Commercial","Decision makers","MOFU","Low","Medium","/guides/pdf-to-powerpoint","/compare","/guides/pdf-to-powerpoint","2500-4000","P2","Merged","577"
"Comparison","pdf vs docx","difference; which to use","Commercial","Decision makers","MOFU","Low","Medium","/guides/pdf-to-word","/compare","/guides/pdf-to-word","2500-4000","P2","Merged","578"
"Comparison","pdf vs html","difference; which to use","Commercial","Decision makers","MOFU","Low","Medium","/guides/html-to-pdf","/compare","/guides/html-to-pdf","2500-4000","P2","Merged","579"
"Comparison","pdf vs jpg","difference; which to use","Commercial","Decision makers","MOFU","Low","Medium","/guides/pdf-to-images","/compare","/guides/pdf-to-images","2500-4000","P2","Merged","580"
"Comparison","pdf vs markdown","difference; which to use","Commercial","Decision makers","MOFU","Low","Medium","/guides/pdf-to-markdown","/compare","/guides/pdf-to-markdown","2500-4000","P2","Merged","581"
"Comparison","pdf vs png","difference; which to use","Commercial","Decision makers","MOFU","Low","Medium","/guides/pdf-to-images","/compare","/guides/pdf-to-images","2500-4000","P2","Merged","582"
"Comparison","pdf/a vs regular pdf","difference; which to use","Commercial","Decision makers","MOFU","Low","Medium","/guides/pdf-tools","/compare","/guides/pdf-tools","2500-4000","P2","Merged","583"
"Comparison","portfolio pdf vs merged pdf","difference; which to use","Commercial","Decision makers","MOFU","Low","Medium","/guides/merge-pdf","/compare","/guides/merge-pdf","2500-4000","P2","Merged","584"
"Comparison","ratpdf vs adobe online","difference; which to use","Commercial","Decision makers","MOFU","Low","Medium","/compare/adobe-acrobat-alternative","/compare","/compare/adobe-acrobat-alternative","2500-4000","P2","Merged","585"
"Comparison","redaction vs password","difference; which to use","Commercial","Decision makers","MOFU","Low","Medium","/guides/watermark-vs-password-pdf","/compare","/guides/watermark-vs-password-pdf","2500-4000","P2","Merged","586"
"Comparison","rent receipt vs lease agreement","difference; which to use","Commercial","Decision makers","MOFU","Low","Medium","/guides/rent-receipt-generator","/compare","/guides/rent-receipt-generator","2500-4000","P2","Merged","587"
"Comparison","scanned pdf vs digital pdf","difference; which to use","Commercial","Decision makers","MOFU","Low","Medium","/guides/ocr-scanned-pdf-workflow","/compare","/guides/ocr-scanned-pdf-workflow","2500-4000","P2","Merged","588"
"Comparison","sign pdf vs encrypt pdf","difference; which to use","Commercial","Decision makers","MOFU","Low","Medium","/guides/watermark-vs-password-pdf","/compare","/guides/watermark-vs-password-pdf","2500-4000","P2","Merged","589"
"Comparison","single page pdf vs multi page pdf","difference; which to use","Commercial","Decision makers","MOFU","Low","Medium","/guides/split-pdf","/compare","/guides/split-pdf","2500-4000","P2","Merged","590"
"Comparison","tesseract vs adobe ocr","difference; which to use","Commercial","Decision makers","MOFU","Low","Medium","/guides/tesseract-vs-online-ocr","/compare","/guides/tesseract-vs-online-ocr","2500-4000","P2","Merged","591"
"Comparison","typed signature vs digital certificate","difference; which to use","Commercial","Decision makers","MOFU","Low","Medium","/guides/sign-pdf-legally","/compare","/guides/sign-pdf-legally","2500-4000","P2","Merged","592"
"Comparison","unlock pdf vs remove password","difference; which to use","Commercial","Decision makers","MOFU","Low","Medium","/guides/unlock-pdf","/compare","/guides/unlock-pdf","2500-4000","P2","Merged","593"
"Comparison","watermark vs password","difference; which to use","Commercial","Decision makers","MOFU","Low","Medium","/guides/watermark-vs-password-pdf","/compare","/guides/watermark-vs-password-pdf","2500-4000","P2","Merged","594"
"Comparison","word counter vs character counter","difference; which to use","Commercial","Decision makers","MOFU","Low","Medium","/guides/word-counter-guide","/compare","/guides/word-counter-guide","2500-4000","P2","Merged","595"
"Compliance","ato invoice requirements australia","au tax","Compliance","Finance; legal; admin","MOFU","Medium","Medium","/guides/ato-invoice-requirements","/invoice/create","/guides/invoice-generator-australia; /gst-invoice-checker","2000-3500","P2","Published","596"
"Compliance","cra invoice requirements canada","ca tax","Compliance","Finance; legal; admin","MOFU","Medium","Medium","/guides/cra-invoice-requirements","/invoice/create","/guides/invoice-generator-canada; /gst-invoice-checker","2000-3500","P2","Published","597"
"Compliance","e-invoicing india pdf","peppol","Compliance","Finance; legal; admin","MOFU","Medium","Medium","/guides/e-invoicing-india-pdf","/invoice/bulk","/guides/gst-invoice-format-india; /gst-invoice-checker","2000-3500","P2","Published","598"
"Compliance","gdpr pdf redaction requirements","privacy","Compliance","Finance; legal; admin","MOFU","Medium","Medium","/guides/gdpr-pdf-redaction","/pdf-redaction","/guides/pdf-redaction-permanent; /guides/hipaa-pdf-handling","2000-3500","P2","Published","599"
"Compliance","hipaa pdf handling admin","healthcare admin","Compliance","Finance; legal; admin","MOFU","Medium","Medium","/guides/hipaa-pdf-handling","/pdf/compress","/guides/gdpr-pdf-redaction; /guides/compress-pdf-healthcare-admin","2000-3500","P2","Published","600"
"Compliance","hmrc invoice requirements uk","uk tax","Compliance","Finance; legal; admin","MOFU","Medium","Medium","/guides/hmrc-invoice-requirements","/invoice/create","/guides/invoice-generator-uk; /guides/vat-invoice-eu-requirements","2000-3500","P2","Published","601"
"Compliance","india gst invoice mandatory fields 2026","gst","Compliance","Finance; legal; admin","MOFU","Medium","Medium","/guides/gst-invoice-format-india","/invoice/create","/guides/gst-invoice-format-india; /gst-invoice-checker","2000-3500","P2","Merged","602"
"Compliance","irs tax document pdf format","usa tax","Compliance","Finance; legal; admin","MOFU","Medium","Medium","/guides/irs-tax-pdf-format","/invoice/create","/guides/invoice-generator-usa; /research/document-retention-periods","2000-3500","P2","Published","603"
"Compliance","section 508 pdf accessibility","gov","Compliance","Finance; legal; admin","MOFU","Medium","Medium","/guides/section-508-pdf","/pdf/pdftotext","/guides/wcag-22-pdf; /guides/ocr-pdf","2000-3500","P2","Published","604"
"Compliance","sox document retention pdf","finance","Compliance","Finance; legal; admin","MOFU","Medium","Medium","/guides/sox-pdf-retention","/pdf/compress","/research/document-retention-periods; /guides/compress-pdf-guide","2000-3500","P2","Published","605"
"Compliance","vat invoice eu requirements","vat","Compliance","Finance; legal; admin","MOFU","Medium","Medium","/guides/vat-invoice-eu-requirements","/invoice/create","/guides/invoice-generator-france; /guides/invoice-generator-germany","2000-3500","P2","Published","606"
"Compliance","wcag 2.2 pdf requirements","accessibility","Compliance","Finance; legal; admin","MOFU","Medium","Medium","/guides/wcag-22-pdf","/pdf/pdftotext","/guides/section-508-pdf; /guides/ocr-pdf","2000-3500","P2","Published","607"
"Compress PDF","compress aadhaar pdf","","Transactional","SMB; professionals","MOFU","Medium","Medium","/compress-aadhar-pdf","/pdf/compress","/compress-pdf; /guides/compress-pdf-uidai","2000-3500","P2","Published","608"
"Compress PDF","compress bank statement pdf","","Industry","SMB; professionals","MOFU","Medium","Medium","/guides/compress-bank-statement-pdf","/pdf/compress","/compress-pdf; /guides/pdf-to-text-bank-statements","2000-3500","P2","Published","609"
"Compress PDF","compress gst invoice pdf","","Industry","SMB; professionals","MOFU","Medium","Medium","/guides/compress-gst-invoice-pdf","/pdf/compress","/guides/gst-invoice-format-india; /guides/compress-pdf-gst-portal","2000-3500","P2","Published","610"
"Compress PDF","compress pan card pdf","","Transactional","SMB; professionals","MOFU","Medium","Medium","/guides/compress-pan-card-pdf","/pdf/compress","/compress-aadhar-pdf; /guides/compress-pdf-uidai","2000-3500","P2","Published","611"
"Compress PDF","compress scanned pdf vs digital pdf","","Informational","SMB; professionals","MOFU","Medium","Medium","/guides/compress-scanned-vs-digital-pdf","/pdf/compress","/guides/ghostscript-pdf-compression; /guides/why-is-pdf-file-so-large","3000-5000","P2","Published","612"
"Compress PDF","ghostscript pdf compression explained","","Informational","SMB; professionals","MOFU","Medium","Medium","/guides/ghostscript-pdf-compression","/pdf/compress","/guides/compress-pdf-guide; /research/pdf-compression-benchmark","3000-5000","P2","Published","613"
"Compress PDF","how do i compress a pdf","tutorial; step by step","Informational","Beginners","TOFU","Low","Medium","/guides/compress-pdf-guide","/pdf/compress","/guides/compress-pdf-guide","3000-5000","P2","Merged","614"
"Compress PDF","how do i email a large pdf","tutorial; step by step","Informational","Beginners","TOFU","Low","Medium","/guides/compress-pdf-email-limits","/pdf/compress","/guides/compress-pdf-for-email","3000-5000","P2","Merged","615"
"Compress PDF","how do i fix pdf too large","tutorial; step by step","Informational","Beginners","TOFU","Low","Medium","/guides/why-is-pdf-file-so-large","/pdf/compress","/guides/compress-pdf-guide; /guides/split-pdf-for-email","3000-5000","P2","Merged","616"
"Compress PDF","how do i reduce pdf file size","tutorial; step by step","Informational","Beginners","TOFU","Low","Medium","/guides/compress-pdf-guide","/pdf/compress","/guides/compress-pdf-guide","3000-5000","P2","Merged","617"
"Compress PDF","pdf compression for accountants","","Industry","SMB; professionals","MOFU","Medium","Medium","/guides/compress-pdf-accountants","/pdf/compress","/pdf-tools-for-accountants; /guides/compress-bank-statement-pdf","2000-3500","P2","Published","618"
"Compress PDF","pdf compression for lawyers","","Industry","SMB; professionals","MOFU","Medium","Medium","/guides/compress-pdf-lawyers","/pdf/compress","/pdf-tools-for-lawyers; /guides/compress-pdf-efiling","2000-3500","P2","Published","619"
"Compress PDF","why is my pdf so large","","Problem-solving","SMB; professionals","MOFU","Medium","Medium","/guides/why-is-pdf-file-so-large","/pdf/compress","/guides/compress-scanned-vs-digital-pdf; /guides/compress-pdf-made-it-larger","2000-3500","P2","Published","620"
"Convert","how to excel to pdf without adobe","free excel to pdf","Commercial","Cost-conscious","MOFU","Medium","Medium","/guides/excel-to-pdf-without-adobe","/pdf/exceltopdf","/guides/excel-to-pdf; /compare","2500-4000","P2","Published","621"
"Convert","how to extract images from pdf without adobe","free extract images from pdf","Commercial","Cost-conscious","MOFU","Medium","Medium","/guides/extract-images-from-pdf-without-adobe","/pdf/extractimages","/guides/extract-images-from-pdf; /compare","2500-4000","P2","Published","622"
"Convert","how to html to pdf without adobe","free html to pdf","Commercial","Cost-conscious","MOFU","Medium","Medium","/guides/html-to-pdf-without-adobe","/pdf/htmltopdf","/guides/html-to-pdf; /compare","2500-4000","P2","Published","623"
"Convert","how to images to pdf without adobe","free images to pdf","Commercial","Cost-conscious","MOFU","Medium","Medium","/guides/images-to-pdf-without-adobe","/pdf/convertimages","/guides/images-to-pdf; /compare","2500-4000","P2","Published","624"
"Convert","how to pdf to excel without adobe","free pdf to excel","Commercial","Cost-conscious","MOFU","Medium","Medium","/guides/pdf-to-excel-without-adobe","/pdf/pdftoexcel","/guides/pdf-to-excel; /compare","2500-4000","P2","Published","625"
"Convert","how to pdf to jpg without adobe","free pdf to jpg","Commercial","Cost-conscious","MOFU","Medium","Medium","/guides/pdf-to-jpg-without-adobe","/pdf/pdftoimages","/guides/pdf-to-images; /compare","2500-4000","P2","Published","626"
"Convert","how to pdf to markdown without adobe","free pdf to markdown","Commercial","Cost-conscious","MOFU","Medium","Medium","/guides/pdf-to-markdown-without-adobe","/pdf/pdftomarkdown","/guides/pdf-to-markdown; /compare","2500-4000","P2","Published","627"
"Convert","how to pdf to png without adobe","free pdf to png","Commercial","Cost-conscious","MOFU","Medium","Medium","/guides/pdf-to-png-without-adobe","/pdf/pdftoimages","/guides/pdf-to-images; /compare","2500-4000","P2","Published","628"
"Convert","how to pdf to powerpoint without adobe","free pdf to powerpoint","Commercial","Cost-conscious","MOFU","Medium","Medium","/guides/pdf-to-powerpoint-without-adobe","/pdf/pdftoppt","/guides/pdf-to-powerpoint; /compare","2500-4000","P2","Published","629"
"Convert","how to powerpoint to pdf without adobe","free powerpoint to pdf","Commercial","Cost-conscious","MOFU","Medium","Medium","/guides/powerpoint-to-pdf-without-adobe","/pdf/ppttopdf","/guides/powerpoint-to-pdf; /compare","2500-4000","P2","Published","630"
"Convert","how to text to pdf without adobe","free text to pdf","Commercial","Cost-conscious","MOFU","Medium","Medium","/guides/text-to-pdf-without-adobe","/pdf/texttopdf","/guides/text-to-pdf; /compare","2500-4000","P2","Published","631"
"Convert","how to word to pdf without adobe","free word to pdf","Commercial","Cost-conscious","MOFU","Medium","Medium","/guides/word-to-pdf-without-adobe","/pdf/doctopdf","/guides/word-to-pdf; /compare","2500-4000","P2","Published","632"
"Developer","dns lookup tool","mx a records","Transactional","Developers","MOFU","Low","Medium","/guides/dns-lookup-guide","/tools/dnslookup","/guides/developer-tools; /tools/developer","2000-3500","P2","Published","633"
"Developer","how do i decode jwt token","tutorial; step by step","Informational","Beginners","TOFU","Low","Medium","/guides/jwt-decoder-guide","/pdf/jwtdecoder","/guides/jwt-decoder-guide; /blog/jwt-decoder-oauth-integration","3000-5000","P2","Merged","634"
"Developer","how do i format json online","tutorial; step by step","Informational","Beginners","TOFU","Low","Medium","/guides/json-formatter-guide","/pdf/jsonformatter","/guides/json-formatter-guide; /blog/json-formatter-api-debugging","3000-5000","P2","Merged","635"
"Developer","html formatter","beautify html","Transactional","Developers","MOFU","Low","Medium","/guides/html-formatter-guide","/pdf/htmlformatter","/guides/developer-tools; /tools/developer","2000-3500","P2","Published","636"
"Developer","image to base64","data uri","Transactional","Developers","MOFU","Low","Medium","/guides/img-to-base64-guide","/pdf/imgtobase64","/guides/developer-tools; /tools/developer","2000-3500","P2","Published","637"
"Developer","json api debugging workflow","webhooks","Transactional","Developers","MOFU","Low","Medium","/blog/json-formatter-api-debugging","/pdf/jsonformatter","/guides/json-formatter-guide; /tools/developer","2000-3500","P2","Published","638"
"Developer","json formatter online","pretty print json","Transactional","Developers","MOFU","Low","Medium","/guides/json-formatter-guide","/pdf/jsonformatter","/guides/developer-tools; /tools/developer","2000-3500","P2","Published","639"
"Developer","jwt decoder","inspect token claims","Transactional","Developers","MOFU","Low","Medium","/guides/jwt-decoder-guide","/pdf/jwtdecoder","/guides/developer-tools; /tools/developer","2000-3500","P2","Published","640"
"Developer","jwt oauth debugging","sso claims","Transactional","Developers","MOFU","Low","Medium","/blog/jwt-decoder-oauth-integration","/pdf/jwtdecoder","/guides/jwt-decoder-guide; /tools/developer","2000-3500","P2","Published","641"
"Developer","text diff online","compare text","Transactional","Developers","MOFU","Low","Medium","/guides/text-comparer-guide","/text-comparer","/guides/developer-tools; /tools/developer","2000-3500","P2","Published","642"
"Developer","url encoder decoder","query strings","Transactional","Developers","MOFU","Low","Medium","/guides/url-encoder-guide","/url-encoder","/guides/developer-tools; /tools/developer","2000-3500","P2","Published","643"
"Glossary","what is 128-bit encryption","128-bit encryption definition; 128-bit encryption meaning","Informational","Beginners; students","TOFU","Low","Low","/guides/glossary-128-bit-encryption","/guides/pdf-tools","/guides/pdf-tools","3000-5000","P2","Published","644"
"Glossary","what is 256-bit aes encryption","256-bit aes encryption definition; 256-bit aes encryption meaning","Informational","Beginners; students","TOFU","Low","Low","/guides/glossary-256-bit-aes-encryption","/guides/pdf-tools","/guides/pdf-tools","3000-5000","P2","Published","645"
"Glossary","what is accessibility","accessibility definition; accessibility meaning","Informational","Beginners; students","TOFU","Low","Low","/guides/glossary-accessibility","/guides/pdf-tools","/guides/pdf-tools","3000-5000","P2","Published","646"
"Glossary","what is acroform","acroform definition; acroform meaning","Informational","Beginners; students","TOFU","Low","Low","/guides/glossary-acroform","/guides/pdf-tools","/guides/pdf-tools","3000-5000","P2","Published","647"
"Glossary","what is alt text","alt text definition; alt text meaning","Informational","Beginners; students","TOFU","Low","Low","/guides/glossary-alt-text","/guides/pdf-tools","/guides/pdf-tools","3000-5000","P2","Published","648"
"Glossary","what is annotation","annotation definition; annotation meaning","Informational","Beginners; students","TOFU","Low","Low","/guides/glossary-annotation","/guides/pdf-tools","/guides/pdf-tools","3000-5000","P2","Published","649"
"Glossary","what is attachments","attachments definition; attachments meaning","Informational","Beginners; students","TOFU","Low","Low","/guides/glossary-attachments","/guides/pdf-tools","/guides/pdf-tools","3000-5000","P2","Published","650"
"Glossary","what is batch processing","batch processing definition; batch processing meaning","Informational","Beginners; students","TOFU","Low","Low","/guides/glossary-batch-processing","/guides/pdf-tools","/guides/pdf-tools","3000-5000","P2","Published","651"
"Glossary","what is bleed box","bleed box definition; bleed box meaning","Informational","Beginners; students","TOFU","Low","Low","/guides/glossary-bleed-box","/guides/pdf-tools","/guides/pdf-tools","3000-5000","P2","Published","652"
"Glossary","what is blob storage","blob storage definition; blob storage meaning","Informational","Beginners; students","TOFU","Low","Low","/guides/glossary-blob-storage","/guides/pdf-tools","/guides/pdf-tools","3000-5000","P2","Published","653"
"Glossary","what is bookmark","bookmark definition; bookmark meaning","Informational","Beginners; students","TOFU","Low","Low","/guides/glossary-bookmark","/guides/pdf-tools","/guides/pdf-tools","3000-5000","P2","Published","654"
"Glossary","what is browser-based processing","browser-based processing definition; browser-based processing meaning","Informational","Beginners; students","TOFU","Low","Low","/guides/glossary-browser-based-processing","/guides/pdf-tools","/guides/pdf-tools","3000-5000","P2","Published","655"
"Glossary","what is calc export","calc export definition; calc export meaning","Informational","Beginners; students","TOFU","Low","Low","/guides/glossary-calc-export","/guides/pdf-tools","/guides/pdf-tools","3000-5000","P2","Published","656"
"Glossary","what is certificate signature","certificate signature definition; certificate signature meaning","Informational","Beginners; students","TOFU","Low","Low","/guides/glossary-certificate-signature","/guides/pdf-tools","/guides/pdf-tools","3000-5000","P2","Published","657"
"Glossary","what is certificate-based signature","certificate-based signature definition; certificate-based signature meaning","Informational","Beginners; students","TOFU","Low","Low","/guides/glossary-certificate-based-signature","/guides/pdf-tools","/guides/pdf-tools","3000-5000","P2","Published","658"
"Glossary","what is cgst","cgst definition; cgst meaning","Informational","Beginners; students","TOFU","Low","Low","/guides/glossary-cgst","/guides/pdf-tools","/guides/pdf-tools","3000-5000","P2","Published","659"
"Glossary","what is cid font","cid font definition; cid font meaning","Informational","Beginners; students","TOFU","Low","Low","/guides/glossary-cid-font","/guides/pdf-tools","/guides/pdf-tools","3000-5000","P2","Published","660"
"Glossary","what is client-side pdf","client-side pdf definition; client-side pdf meaning","Informational","Beginners; students","TOFU","Low","Low","/guides/glossary-client-side-pdf","/guides/pdf-tools","/guides/pdf-tools","3000-5000","P2","Published","661"
"Glossary","what is cmap","cmap definition; cmap meaning","Informational","Beginners; students","TOFU","Low","Low","/guides/glossary-cmap","/guides/pdf-tools","/guides/pdf-tools","3000-5000","P2","Published","662"
"Glossary","what is cmyk","cmyk definition; cmyk meaning","Informational","Beginners; students","TOFU","Low","Low","/guides/glossary-cmyk","/guides/pdf-tools","/guides/pdf-tools","3000-5000","P2","Published","663"
"Glossary","what is color profile","color profile definition; color profile meaning","Informational","Beginners; students","TOFU","Low","Low","/guides/glossary-color-profile","/guides/pdf-tools","/guides/pdf-tools","3000-5000","P2","Published","664"
"Glossary","what is composite font","composite font definition; composite font meaning","Informational","Beginners; students","TOFU","Low","Low","/guides/glossary-composite-font","/guides/pdf-tools","/guides/pdf-tools","3000-5000","P2","Published","665"
"Glossary","what is compression","compression definition; compression meaning","Informational","Beginners; students","TOFU","Low","Low","/guides/glossary-compression","/guides/pdf-tools","/guides/pdf-tools","3000-5000","P2","Published","666"
"Glossary","what is credit note","credit note definition; credit note meaning","Informational","Beginners; students","TOFU","Low","Low","/guides/glossary-credit-note","/guides/pdf-tools","/guides/pdf-tools","3000-5000","P2","Published","667"
"Glossary","what is crop box","crop box definition; crop box meaning","Informational","Beginners; students","TOFU","Low","Low","/guides/glossary-crop-box","/guides/pdf-tools","/guides/pdf-tools","3000-5000","P2","Published","668"
"Glossary","what is cross reference table","cross reference table definition; cross reference table meaning","Informational","Beginners; students","TOFU","Low","Low","/guides/glossary-cross-reference-table","/guides/pdf-tools","/guides/pdf-tools","3000-5000","P2","Published","669"
"Glossary","what is debit note","debit note definition; debit note meaning","Informational","Beginners; students","TOFU","Low","Low","/guides/glossary-debit-note","/guides/pdf-tools","/guides/pdf-tools","3000-5000","P2","Published","670"
"Glossary","what is digital signature","digital signature definition; digital signature meaning","Informational","Beginners; students","TOFU","Low","Low","/guides/glossary-digital-signature","/guides/pdf-tools","/guides/pdf-tools","3000-5000","P2","Published","671"
"Glossary","what is digital signature invoice","digital signature invoice definition; digital signature invoice meaning","Informational","Beginners; students","TOFU","Low","Low","/guides/glossary-digital-signature-invoice","/guides/pdf-tools","/guides/pdf-tools","3000-5000","P2","Published","672"
"Glossary","what is downsampling","downsampling definition; downsampling meaning","Informational","Beginners; students","TOFU","Low","Low","/guides/glossary-downsampling","/guides/pdf-tools","/guides/pdf-tools","3000-5000","P2","Published","673"
"Glossary","what is dpi","dpi definition; dpi meaning","Informational","Beginners; students","TOFU","Low","Low","/guides/glossary-dpi","/guides/pdf-tools","/guides/pdf-tools","3000-5000","P2","Published","674"
"Glossary","what is e-invoice","e-invoice definition; e-invoice meaning","Informational","Beginners; students","TOFU","Low","Low","/guides/glossary-e-invoice","/guides/pdf-tools","/guides/pdf-tools","3000-5000","P2","Published","675"
"Glossary","what is embedded files","embedded files definition; embedded files meaning","Informational","Beginners; students","TOFU","Low","Low","/guides/glossary-embedded-files","/guides/pdf-tools","/guides/pdf-tools","3000-5000","P2","Published","676"
"Glossary","what is encoding","encoding definition; encoding meaning","Informational","Beginners; students","TOFU","Low","Low","/guides/glossary-encoding","/guides/pdf-tools","/guides/pdf-tools","3000-5000","P2","Published","677"
"Glossary","what is extract","extract definition; extract meaning","Informational","Beginners; students","TOFU","Low","Low","/guides/glossary-extract","/guides/pdf-tools","/guides/pdf-tools","3000-5000","P2","Published","678"
"Glossary","what is factur-x","factur-x definition; factur-x meaning","Informational","Beginners; students","TOFU","Low","Low","/guides/glossary-factur-x","/guides/pdf-tools","/guides/pdf-tools","3000-5000","P2","Published","679"
"Glossary","what is fast web view","fast web view definition; fast web view meaning","Informational","Beginners; students","TOFU","Low","Low","/guides/glossary-fast-web-view","/guides/pdf-tools","/guides/pdf-tools","3000-5000","P2","Published","680"
"Glossary","what is flate compression","flate compression definition; flate compression meaning","Informational","Beginners; students","TOFU","Low","Low","/guides/glossary-flate-compression","/guides/pdf-tools","/guides/pdf-tools","3000-5000","P2","Published","681"
"Glossary","what is flattened pdf","flattened pdf definition; flattened pdf meaning","Informational","Beginners; students","TOFU","Low","Low","/guides/glossary-flattened-pdf","/guides/pdf-tools","/guides/pdf-tools","3000-5000","P2","Published","682"
"Glossary","what is font embedding","font embedding definition; font embedding meaning","Informational","Beginners; students","TOFU","Low","Low","/guides/glossary-font-embedding","/guides/pdf-tools","/guides/pdf-tools","3000-5000","P2","Published","683"
"Glossary","what is form field","form field definition; form field meaning","Informational","Beginners; students","TOFU","Low","Low","/guides/glossary-form-field","/guides/pdf-tools","/guides/pdf-tools","3000-5000","P2","Published","684"
"Glossary","what is full embedding","full embedding definition; full embedding meaning","Informational","Beginners; students","TOFU","Low","Low","/guides/glossary-full-embedding","/guides/pdf-tools","/guides/pdf-tools","3000-5000","P2","Published","685"
"Glossary","what is ghostscript","ghostscript definition; ghostscript meaning","Informational","Beginners; students","TOFU","Low","Low","/guides/glossary-ghostscript","/guides/pdf-tools","/guides/pdf-tools","3000-5000","P2","Published","686"
"Glossary","what is grayscale","grayscale definition; grayscale meaning","Informational","Beginners; students","TOFU","Low","Low","/guides/glossary-grayscale","/guides/pdf-tools","/guides/pdf-tools","3000-5000","P2","Published","687"
"Glossary","what is gst invoice","gst invoice definition; gst invoice meaning","Informational","Beginners; students","TOFU","Low","Low","/guides/glossary-gst-invoice","/guides/pdf-tools","/guides/pdf-tools","3000-5000","P2","Published","688"
"Glossary","what is hra receipt","hra receipt definition; hra receipt meaning","Informational","Beginners; students","TOFU","Low","Low","/guides/glossary-hra-receipt","/guides/pdf-tools","/guides/pdf-tools","3000-5000","P2","Published","689"
"Glossary","what is hsn code","hsn code definition; hsn code meaning","Informational","Beginners; students","TOFU","Low","Low","/guides/glossary-hsn-code","/guides/pdf-tools","/guides/pdf-tools","3000-5000","P2","Published","690"
"Glossary","what is html to pdf converter","html to pdf converter definition; html to pdf converter meaning","Informational","Beginners; students","TOFU","Low","Low","/guides/glossary-html-to-pdf-converter","/guides/pdf-tools","/guides/pdf-tools","3000-5000","P2","Published","691"
"Glossary","what is hyperlink","hyperlink definition; hyperlink meaning","Informational","Beginners; students","TOFU","Low","Low","/guides/glossary-hyperlink","/guides/pdf-tools","/guides/pdf-tools","3000-5000","P2","Published","692"
"Glossary","what is identity-h","identity-h definition; identity-h meaning","Informational","Beginners; students","TOFU","Low","Low","/guides/glossary-identity-h","/guides/pdf-tools","/guides/pdf-tools","3000-5000","P2","Published","693"
"Glossary","what is igst","igst definition; igst meaning","Informational","Beginners; students","TOFU","Low","Low","/guides/glossary-igst","/guides/pdf-tools","/guides/pdf-tools","3000-5000","P2","Published","694"
"Glossary","what is impress export","impress export definition; impress export meaning","Informational","Beginners; students","TOFU","Low","Low","/guides/glossary-impress-export","/guides/pdf-tools","/guides/pdf-tools","3000-5000","P2","Published","695"
"Glossary","what is incremental update","incremental update definition; incremental update meaning","Informational","Beginners; students","TOFU","Low","Low","/guides/glossary-incremental-update","/guides/pdf-tools","/guides/pdf-tools","3000-5000","P2","Published","696"
"Glossary","what is irn","irn definition; irn meaning","Informational","Beginners; students","TOFU","Low","Low","/guides/glossary-irn","/guides/pdf-tools","/guides/pdf-tools","3000-5000","P2","Published","697"
"Glossary","what is iso 32000","iso 32000 definition; iso 32000 meaning","Informational","Beginners; students","TOFU","Low","Low","/guides/glossary-iso-32000","/guides/pdf-tools","/guides/pdf-tools","3000-5000","P2","Published","698"
"Glossary","what is itext","itext definition; itext meaning","Informational","Beginners; students","TOFU","Low","Low","/guides/glossary-itext","/guides/pdf-tools","/guides/pdf-tools","3000-5000","P2","Published","699"
"Glossary","what is javascript in pdf","javascript in pdf definition; javascript in pdf meaning","Informational","Beginners; students","TOFU","Low","Low","/guides/glossary-javascript-in-pdf","/guides/pdf-tools","/guides/pdf-tools","3000-5000","P2","Published","700"
"Glossary","what is jbig2","jbig2 definition; jbig2 meaning","Informational","Beginners; students","TOFU","Low","Low","/guides/glossary-jbig2","/guides/pdf-tools","/guides/pdf-tools","3000-5000","P2","Published","701"
"Glossary","what is job queue","job queue definition; job queue meaning","Informational","Beginners; students","TOFU","Low","Low","/guides/glossary-job-queue","/guides/pdf-tools","/guides/pdf-tools","3000-5000","P2","Published","702"
"Glossary","what is jpeg compression","jpeg compression definition; jpeg compression meaning","Informational","Beginners; students","TOFU","Low","Low","/guides/glossary-jpeg-compression","/guides/pdf-tools","/guides/pdf-tools","3000-5000","P2","Published","703"
"Glossary","what is layers","layers definition; layers meaning","Informational","Beginners; students","TOFU","Low","Low","/guides/glossary-layers","/guides/pdf-tools","/guides/pdf-tools","3000-5000","P2","Published","704"
"Glossary","what is libreoffice headless","libreoffice headless definition; libreoffice headless meaning","Informational","Beginners; students","TOFU","Low","Low","/guides/glossary-libreoffice-headless","/guides/pdf-tools","/guides/pdf-tools","3000-5000","P2","Published","705"
"Glossary","what is linearization","linearization definition; linearization meaning","Informational","Beginners; students","TOFU","Low","Low","/guides/glossary-linearization","/guides/pdf-tools","/guides/pdf-tools","3000-5000","P2","Published","706"
"Glossary","what is linearized","linearized definition; linearized meaning","Informational","Beginners; students","TOFU","Low","Low","/guides/glossary-linearized","/guides/pdf-tools","/guides/pdf-tools","3000-5000","P2","Published","707"
"Glossary","what is linearized pdf","linearized pdf definition; linearized pdf meaning","Informational","Beginners; students","TOFU","Low","Low","/guides/glossary-linearized-pdf","/guides/pdf-tools","/guides/pdf-tools","3000-5000","P2","Published","708"
"Glossary","what is lossless compression","lossless compression definition; lossless compression meaning","Informational","Beginners; students","TOFU","Low","Low","/guides/glossary-lossless-compression","/guides/pdf-tools","/guides/pdf-tools","3000-5000","P2","Published","709"
"Glossary","what is lossy compression","lossy compression definition; lossy compression meaning","Informational","Beginners; students","TOFU","Low","Low","/guides/glossary-lossy-compression","/guides/pdf-tools","/guides/pdf-tools","3000-5000","P2","Published","710"
"Glossary","what is marked content","marked content definition; marked content meaning","Informational","Beginners; students","TOFU","Low","Low","/guides/glossary-marked-content","/guides/pdf-tools","/guides/pdf-tools","3000-5000","P2","Published","711"
"Glossary","what is media box","media box definition; media box meaning","Informational","Beginners; students","TOFU","Low","Low","/guides/glossary-media-box","/guides/pdf-tools","/guides/pdf-tools","3000-5000","P2","Published","712"
"Glossary","what is merge","merge definition; merge meaning","Informational","Beginners; students","TOFU","Low","Low","/guides/glossary-merge","/guides/pdf-tools","/guides/pdf-tools","3000-5000","P2","Published","713"
"Glossary","what is metadata","metadata definition; metadata meaning","Informational","Beginners; students","TOFU","Low","Low","/guides/glossary-metadata","/guides/pdf-tools","/guides/pdf-tools","3000-5000","P2","Published","714"
"Glossary","what is monochrome","monochrome definition; monochrome meaning","Informational","Beginners; students","TOFU","Low","Low","/guides/glossary-monochrome","/guides/pdf-tools","/guides/pdf-tools","3000-5000","P2","Published","715"
"Glossary","what is mrc compression","mrc compression definition; mrc compression meaning","Informational","Beginners; students","TOFU","Low","Low","/guides/glossary-mrc-compression","/guides/pdf-tools","/guides/pdf-tools","3000-5000","P2","Published","716"
"Glossary","what is object stream","object stream definition; object stream meaning","Informational","Beginners; students","TOFU","Low","Low","/guides/glossary-object-stream","/guides/pdf-tools","/guides/pdf-tools","3000-5000","P2","Published","717"
"Glossary","what is ocr","ocr definition; ocr meaning","Informational","Beginners; students","TOFU","Low","Low","/guides/glossary-ocr","/guides/pdf-tools","/guides/pdf-tools","3000-5000","P2","Published","718"
"Glossary","what is opentype","opentype definition; opentype meaning","Informational","Beginners; students","TOFU","Low","Low","/guides/glossary-opentype","/guides/pdf-tools","/guides/pdf-tools","3000-5000","P2","Published","719"
"Glossary","what is optical character recognition","optical character recognition definition; optical character recognition meaning","Informational","Beginners; students","TOFU","Low","Low","/guides/glossary-optical-character-recognition","/guides/pdf-tools","/guides/pdf-tools","3000-5000","P2","Published","720"
"Glossary","what is optional content","optional content definition; optional content meaning","Informational","Beginners; students","TOFU","Low","Low","/guides/glossary-optional-content","/guides/pdf-tools","/guides/pdf-tools","3000-5000","P2","Published","721"
"Glossary","what is overprint","overprint definition; overprint meaning","Informational","Beginners; students","TOFU","Low","Low","/guides/glossary-overprint","/guides/pdf-tools","/guides/pdf-tools","3000-5000","P2","Published","722"
"Glossary","what is owner password","owner password definition; owner password meaning","Informational","Beginners; students","TOFU","Low","Low","/guides/glossary-owner-password","/guides/pdf-tools","/guides/pdf-tools","3000-5000","P2","Published","723"
"Glossary","what is page box","page box definition; page box meaning","Informational","Beginners; students","TOFU","Low","Low","/guides/glossary-page-box","/guides/pdf-tools","/guides/pdf-tools","3000-5000","P2","Published","724"
"Glossary","what is payslip","payslip definition; payslip meaning","Informational","Beginners; students","TOFU","Low","Low","/guides/glossary-payslip","/guides/pdf-tools","/guides/pdf-tools","3000-5000","P2","Published","725"
"Glossary","what is pdf","pdf definition; pdf meaning","Informational","Beginners; students","TOFU","Low","Low","/guides/glossary-pdf","/guides/pdf-tools","/guides/pdf-tools","3000-5000","P2","Published","726"
"Glossary","what is pdf 1.7","pdf 1.7 definition; pdf 1.7 meaning","Informational","Beginners; students","TOFU","Low","Low","/guides/glossary-pdf-17","/guides/pdf-tools","/guides/pdf-tools","3000-5000","P2","Published","727"
"Glossary","what is pdf 2.0","pdf 2.0 definition; pdf 2.0 meaning","Informational","Beginners; students","TOFU","Low","Low","/guides/glossary-pdf-20","/guides/pdf-tools","/guides/pdf-tools","3000-5000","P2","Published","728"
"Glossary","what is pdf package","pdf package definition; pdf package meaning","Informational","Beginners; students","TOFU","Low","Low","/guides/glossary-pdf-package","/guides/pdf-tools","/guides/pdf-tools","3000-5000","P2","Published","729"
"Glossary","what is pdf portfolio","pdf portfolio definition; pdf portfolio meaning","Informational","Beginners; students","TOFU","Low","Low","/guides/glossary-pdf-portfolio","/guides/pdf-tools","/guides/pdf-tools","3000-5000","P2","Published","730"
"Glossary","what is pdf vt","pdf vt definition; pdf vt meaning","Informational","Beginners; students","TOFU","Low","Low","/guides/glossary-pdf-vt","/guides/pdf-tools","/guides/pdf-tools","3000-5000","P2","Published","731"
"Glossary","what is pdf.js","pdf.js definition; pdf.js meaning","Informational","Beginners; students","TOFU","Low","Low","/guides/glossary-pdfjs","/guides/pdf-tools","/guides/pdf-tools","3000-5000","P2","Published","732"
"Glossary","what is pdf/a","pdf/a definition; pdf/a meaning","Informational","Beginners; students","TOFU","Low","Low","/guides/glossary-pdf-a","/guides/pdf-tools","/guides/pdf-tools","3000-5000","P2","Published","733"
"Glossary","what is pdf/ua","pdf/ua definition; pdf/ua meaning","Informational","Beginners; students","TOFU","Low","Low","/guides/glossary-pdf-ua","/guides/pdf-tools","/guides/pdf-tools","3000-5000","P2","Published","734"
"Glossary","what is pdf/ua-1","pdf/ua-1 definition; pdf/ua-1 meaning","Informational","Beginners; students","TOFU","Low","Low","/guides/glossary-pdf-ua-1","/guides/pdf-tools","/guides/pdf-tools","3000-5000","P2","Published","735"
"Glossary","what is pdf/ua-2","pdf/ua-2 definition; pdf/ua-2 meaning","Informational","Beginners; students","TOFU","Low","Low","/guides/glossary-pdf-ua-2","/guides/pdf-tools","/guides/pdf-tools","3000-5000","P2","Published","736"
"Glossary","what is pdf/x","pdf/x definition; pdf/x meaning","Informational","Beginners; students","TOFU","Low","Low","/guides/glossary-pdf-x","/guides/pdf-tools","/guides/pdf-tools","3000-5000","P2","Published","737"
"Glossary","what is pdf/x-1a","pdf/x-1a definition; pdf/x-1a meaning","Informational","Beginners; students","TOFU","Low","Low","/guides/glossary-pdf-x-1a","/guides/pdf-tools","/guides/pdf-tools","3000-5000","P2","Published","738"
"Glossary","what is pdf/x-3","pdf/x-3 definition; pdf/x-3 meaning","Informational","Beginners; students","TOFU","Low","Low","/guides/glossary-pdf-x-3","/guides/pdf-tools","/guides/pdf-tools","3000-5000","P2","Published","739"
"Glossary","what is pdf/x-4","pdf/x-4 definition; pdf/x-4 meaning","Informational","Beginners; students","TOFU","Low","Low","/guides/glossary-pdf-x-4","/guides/pdf-tools","/guides/pdf-tools","3000-5000","P2","Published","740"
"Glossary","what is pdf2docx","pdf2docx definition; pdf2docx meaning","Informational","Beginners; students","TOFU","Low","Low","/guides/glossary-pdf2docx","/guides/pdf-tools","/guides/pdf-tools","3000-5000","P2","Published","741"
"Glossary","what is pdf-lib","pdf-lib definition; pdf-lib meaning","Informational","Beginners; students","TOFU","Low","Low","/guides/glossary-pdf-lib","/guides/pdf-tools","/guides/pdf-tools","3000-5000","P2","Published","742"
"Glossary","what is pdfpig","pdfpig definition; pdfpig meaning","Informational","Beginners; students","TOFU","Low","Low","/guides/glossary-pdfpig","/guides/pdf-tools","/guides/pdf-tools","3000-5000","P2","Published","743"
"Glossary","what is peppol","peppol definition; peppol meaning","Informational","Beginners; students","TOFU","Low","Low","/guides/glossary-peppol","/guides/pdf-tools","/guides/pdf-tools","3000-5000","P2","Published","744"
"Glossary","what is portable document format","portable document format definition; portable document format meaning","Informational","Beginners; students","TOFU","Low","Low","/guides/glossary-portable-document-format","/guides/pdf-tools","/guides/pdf-tools","3000-5000","P2","Published","745"
"Glossary","what is portfolio","portfolio definition; portfolio meaning","Informational","Beginners; students","TOFU","Low","Low","/guides/glossary-portfolio","/guides/pdf-tools","/guides/pdf-tools","3000-5000","P2","Published","746"
"Glossary","what is preflight","preflight definition; preflight meaning","Informational","Beginners; students","TOFU","Low","Low","/guides/glossary-preflight","/guides/pdf-tools","/guides/pdf-tools","3000-5000","P2","Published","747"
"Glossary","what is proforma invoice","proforma invoice definition; proforma invoice meaning","Informational","Beginners; students","TOFU","Low","Low","/guides/glossary-proforma-invoice","/guides/pdf-tools","/guides/pdf-tools","3000-5000","P2","Published","748"
"Glossary","what is pymupdf","pymupdf definition; pymupdf meaning","Informational","Beginners; students","TOFU","Low","Low","/guides/glossary-pymupdf","/guides/pdf-tools","/guides/pdf-tools","3000-5000","P2","Published","749"
"Glossary","what is qr code invoice","qr code invoice definition; qr code invoice meaning","Informational","Beginners; students","TOFU","Low","Low","/guides/glossary-qr-code-invoice","/guides/pdf-tools","/guides/pdf-tools","3000-5000","P2","Published","750"
"Glossary","what is raster image","raster image definition; raster image meaning","Informational","Beginners; students","TOFU","Low","Low","/guides/glossary-raster-image","/guides/pdf-tools","/guides/pdf-tools","3000-5000","P2","Published","751"
"Glossary","what is reading order","reading order definition; reading order meaning","Informational","Beginners; students","TOFU","Low","Low","/guides/glossary-reading-order","/guides/pdf-tools","/guides/pdf-tools","3000-5000","P2","Published","752"
"Glossary","what is redaction","redaction definition; redaction meaning","Informational","Beginners; students","TOFU","Low","Low","/guides/glossary-redaction","/guides/pdf-tools","/guides/pdf-tools","3000-5000","P2","Published","753"
"Glossary","what is rent receipt","rent receipt definition; rent receipt meaning","Informational","Beginners; students","TOFU","Low","Low","/guides/glossary-rent-receipt","/guides/pdf-tools","/guides/pdf-tools","3000-5000","P2","Published","754"
"Glossary","what is rgb","rgb definition; rgb meaning","Informational","Beginners; students","TOFU","Low","Low","/guides/glossary-rgb","/guides/pdf-tools","/guides/pdf-tools","3000-5000","P2","Published","755"
"Glossary","what is sac code","sac code definition; sac code meaning","Informational","Beginners; students","TOFU","Low","Low","/guides/glossary-sac-code","/guides/pdf-tools","/guides/pdf-tools","3000-5000","P2","Published","756"
"Glossary","what is salary slip","salary slip definition; salary slip meaning","Informational","Beginners; students","TOFU","Low","Low","/guides/glossary-salary-slip","/guides/pdf-tools","/guides/pdf-tools","3000-5000","P2","Published","757"
"Glossary","what is screen reader","screen reader definition; screen reader meaning","Informational","Beginners; students","TOFU","Low","Low","/guides/glossary-screen-reader","/guides/pdf-tools","/guides/pdf-tools","3000-5000","P2","Published","758"
"Glossary","what is server-side pdf","server-side pdf definition; server-side pdf meaning","Informational","Beginners; students","TOFU","Low","Low","/guides/glossary-server-side-pdf","/guides/pdf-tools","/guides/pdf-tools","3000-5000","P2","Published","759"
"Glossary","what is sgst","sgst definition; sgst meaning","Informational","Beginners; students","TOFU","Low","Low","/guides/glossary-sgst","/guides/pdf-tools","/guides/pdf-tools","3000-5000","P2","Published","760"
"Glossary","what is split","split definition; split meaning","Informational","Beginners; students","TOFU","Low","Low","/guides/glossary-split","/guides/pdf-tools","/guides/pdf-tools","3000-5000","P2","Published","761"
"Glossary","what is structure tree","structure tree definition; structure tree meaning","Informational","Beginners; students","TOFU","Low","Low","/guides/glossary-structure-tree","/guides/pdf-tools","/guides/pdf-tools","3000-5000","P2","Published","762"
"Glossary","what is subsampling","subsampling definition; subsampling meaning","Informational","Beginners; students","TOFU","Low","Low","/guides/glossary-subsampling","/guides/pdf-tools","/guides/pdf-tools","3000-5000","P2","Published","763"
"Glossary","what is subset","subset definition; subset meaning","Informational","Beginners; students","TOFU","Low","Low","/guides/glossary-subset","/guides/pdf-tools","/guides/pdf-tools","3000-5000","P2","Published","764"
"Glossary","what is subset fonts","subset fonts definition; subset fonts meaning","Informational","Beginners; students","TOFU","Low","Low","/guides/glossary-subset-fonts","/guides/pdf-tools","/guides/pdf-tools","3000-5000","P2","Published","765"
"Glossary","what is tagged pdf","tagged pdf definition; tagged pdf meaning","Informational","Beginners; students","TOFU","Low","Low","/guides/glossary-tagged-pdf","/guides/pdf-tools","/guides/pdf-tools","3000-5000","P2","Published","766"
"Glossary","what is tax invoice","tax invoice definition; tax invoice meaning","Informational","Beginners; students","TOFU","Low","Low","/guides/glossary-tax-invoice","/guides/pdf-tools","/guides/pdf-tools","3000-5000","P2","Published","767"
"Glossary","what is tds","tds definition; tds meaning","Informational","Beginners; students","TOFU","Low","Low","/guides/glossary-tds","/guides/pdf-tools","/guides/pdf-tools","3000-5000","P2","Published","768"
"Glossary","what is tesseract","tesseract definition; tesseract meaning","Informational","Beginners; students","TOFU","Low","Low","/guides/glossary-tesseract","/guides/pdf-tools","/guides/pdf-tools","3000-5000","P2","Published","769"
"Glossary","what is toUnicode","toUnicode definition; toUnicode meaning","Informational","Beginners; students","TOFU","Low","Low","/guides/glossary-toUnicode","/guides/pdf-tools","/guides/pdf-tools","3000-5000","P2","Published","770"
"Glossary","what is transparency","transparency definition; transparency meaning","Informational","Beginners; students","TOFU","Low","Low","/guides/glossary-transparency","/guides/pdf-tools","/guides/pdf-tools","3000-5000","P2","Published","771"
"Glossary","what is trim box","trim box definition; trim box meaning","Informational","Beginners; students","TOFU","Low","Low","/guides/glossary-trim-box","/guides/pdf-tools","/guides/pdf-tools","3000-5000","P2","Published","772"
"Glossary","what is truetype","truetype definition; truetype meaning","Informational","Beginners; students","TOFU","Low","Low","/guides/glossary-truetype","/guides/pdf-tools","/guides/pdf-tools","3000-5000","P2","Published","773"
"Glossary","what is type0 font","type0 font definition; type0 font meaning","Informational","Beginners; students","TOFU","Low","Low","/guides/glossary-type0-font","/guides/pdf-tools","/guides/pdf-tools","3000-5000","P2","Published","774"
"Glossary","what is type1 font","type1 font definition; type1 font meaning","Informational","Beginners; students","TOFU","Low","Low","/guides/glossary-type1-font","/guides/pdf-tools","/guides/pdf-tools","3000-5000","P2","Published","775"
"Glossary","what is unicode mapping","unicode mapping definition; unicode mapping meaning","Informational","Beginners; students","TOFU","Low","Low","/guides/glossary-unicode-mapping","/guides/pdf-tools","/guides/pdf-tools","3000-5000","P2","Published","776"
"Glossary","what is user password","user password definition; user password meaning","Informational","Beginners; students","TOFU","Low","Low","/guides/glossary-user-password","/guides/pdf-tools","/guides/pdf-tools","3000-5000","P2","Published","777"
"Glossary","what is vector graphics","vector graphics definition; vector graphics meaning","Informational","Beginners; students","TOFU","Low","Low","/guides/glossary-vector-graphics","/guides/pdf-tools","/guides/pdf-tools","3000-5000","P2","Published","778"
"Glossary","what is wasm pdf","wasm pdf definition; wasm pdf meaning","Informational","Beginners; students","TOFU","Low","Low","/guides/glossary-wasm-pdf","/guides/pdf-tools","/guides/pdf-tools","3000-5000","P2","Published","779"
"Glossary","what is watermark","watermark definition; watermark meaning","Informational","Beginners; students","TOFU","Low","Low","/guides/glossary-watermark","/guides/pdf-tools","/guides/pdf-tools","3000-5000","P2","Published","780"
"Glossary","what is winansi","winansi definition; winansi meaning","Informational","Beginners; students","TOFU","Low","Low","/guides/glossary-winansi","/guides/pdf-tools","/guides/pdf-tools","3000-5000","P2","Published","781"
"Glossary","what is writer export","writer export definition; writer export meaning","Informational","Beginners; students","TOFU","Low","Low","/guides/glossary-writer-export","/guides/pdf-tools","/guides/pdf-tools","3000-5000","P2","Published","782"
"Glossary","what is xfa forms","xfa forms definition; xfa forms meaning","Informational","Beginners; students","TOFU","Low","Low","/guides/glossary-xfa-forms","/guides/pdf-tools","/guides/pdf-tools","3000-5000","P2","Published","783"
"Glossary","what is xmp metadata","xmp metadata definition; xmp metadata meaning","Informational","Beginners; students","TOFU","Low","Low","/guides/glossary-xmp-metadata","/guides/pdf-tools","/guides/pdf-tools","3000-5000","P2","Published","784"
"Glossary","what is zugferd","zugferd definition; zugferd meaning","Informational","Beginners; students","TOFU","Low","Low","/guides/glossary-zugferd","/guides/pdf-tools","/guides/pdf-tools","3000-5000","P2","Published","785"
"Industry","pdf tools for accountants","bank pdf excel gst","Commercial","accountants","MOFU","Medium","Medium","/pdf-tools-for-accountants","/guides/pdf-tools","/guides/pdf-tools; /resources","2500-4000","P2","Published","786"
"Industry","pdf tools for construction","site report pdf","Commercial","construction","MOFU","Medium","Medium","/guides/pdf-tools-construction","/guides/pdf-tools","/guides/pdf-tools; /resources","2500-4000","P2","Published","787"
"Industry","pdf tools for ecommerce","invoice product pdf","Commercial","ecommerce","MOFU","Medium","Medium","/guides/pdf-tools-ecommerce","/guides/pdf-tools","/guides/pdf-tools; /resources","2500-4000","P2","Published","788"
"Industry","pdf tools for freelancers","invoice compress sign","Commercial","freelancers","MOFU","Medium","Medium","/guides/pdf-tools-freelancers","/guides/pdf-tools","/guides/pdf-tools; /resources","2500-4000","P2","Published","789"
"Industry","pdf tools for government","form upload compress","Commercial","government","MOFU","Medium","Medium","/guides/pdf-tools-government-applicants","/guides/pdf-tools","/guides/pdf-tools; /resources","2500-4000","P2","Published","790"
"Industry","pdf tools for healthcare-admin","hipaa redact ocr","Commercial","healthcare-admin","MOFU","Medium","Medium","/guides/pdf-tools-healthcare-admin","/guides/pdf-tools","/guides/pdf-tools; /resources","2500-4000","P2","Published","791"
"Industry","pdf tools for hr","payslip redact policy","Commercial","hr","MOFU","Medium","Medium","/guides/pdf-tools-hr","/guides/pdf-tools","/guides/pdf-tools; /resources","2500-4000","P2","Published","792"
"Industry","pdf tools for insurance","claim pdf compress","Commercial","insurance","MOFU","Medium","Medium","/guides/pdf-tools-insurance","/guides/pdf-tools","/guides/pdf-tools; /resources","2500-4000","P2","Published","793"
"Industry","pdf tools for lawyers","merge redact compress e-filing","Commercial","lawyers","MOFU","Medium","Medium","/pdf-tools-for-lawyers","/guides/pdf-tools","/guides/pdf-tools; /resources","2500-4000","P2","Published","794"
"Industry","pdf tools for marketing-agencies","proposal pdf compress","Commercial","marketing-agencies","MOFU","Medium","Medium","/guides/pdf-tools-marketing-agencies","/guides/pdf-tools","/guides/pdf-tools; /resources","2500-4000","P2","Published","795"
"Industry","pdf tools for nonprofits","grant pdf workflow","Commercial","nonprofits","MOFU","Medium","Medium","/guides/pdf-tools-nonprofits","/guides/pdf-tools","/guides/pdf-tools; /resources","2500-4000","P2","Published","796"
"Industry","pdf tools for real-estate","lease contracts compress","Commercial","real-estate","MOFU","Medium","Medium","/guides/pdf-tools-real-estate","/guides/pdf-tools","/guides/pdf-tools; /resources","2500-4000","P2","Published","797"
"Industry","pdf tools for recruiters","resume pdf redact","Commercial","recruiters","MOFU","Medium","Medium","/guides/pdf-tools-recruiters","/guides/pdf-tools","/guides/pdf-tools; /resources","2500-4000","P2","Published","798"
"Industry","pdf tools for students","merge ocr readings","Commercial","students","MOFU","Medium","Medium","/pdf-tools-for-students","/guides/pdf-tools","/guides/pdf-tools; /resources","2500-4000","P2","Published","799"
"Industry","pdf tools for teachers","worksheet merge split","Commercial","teachers","MOFU","Medium","Medium","/guides/pdf-tools-teachers","/guides/pdf-tools","/guides/pdf-tools; /resources","2500-4000","P2","Published","800"
"Industry","pdf workflow accountants","document workflow accountants","Informational","accountants","TOFU","Low","Low","/guides/pdf-workflow-accountants","/guides/pdf-tools","/pdf-tools-for-accountants","3000-5000","P2","Published","801"
"Industry","pdf workflow construction","document workflow construction","Informational","construction","TOFU","Low","Low","/guides/pdf-workflow-construction","/guides/pdf-tools","/guides/pdf-tools-construction","3000-5000","P2","Published","802"
"Industry","pdf workflow ecommerce","document workflow ecommerce","Informational","ecommerce","TOFU","Low","Low","/guides/pdf-workflow-ecommerce","/guides/pdf-tools","/guides/pdf-tools-ecommerce","3000-5000","P2","Published","803"
"Industry","pdf workflow freelancers","document workflow freelancers","Informational","freelancers","TOFU","Low","Low","/guides/pdf-workflow-freelancers","/guides/pdf-tools","/guides/pdf-tools-freelancers","3000-5000","P2","Published","804"
"Industry","pdf workflow government","document workflow government","Informational","government","TOFU","Low","Low","/guides/pdf-workflow-government","/guides/pdf-tools","/guides/pdf-tools-government-applicants","3000-5000","P2","Published","805"
"Industry","pdf workflow healthcare-admin","document workflow healthcare-admin","Informational","healthcare-admin","TOFU","Low","Low","/guides/pdf-workflow-healthcare-admin","/guides/pdf-tools","/guides/pdf-tools-healthcare-admin","3000-5000","P2","Published","806"
"Industry","pdf workflow hr","document workflow hr","Informational","hr","TOFU","Low","Low","/guides/pdf-workflow-hr","/guides/pdf-tools","/guides/pdf-tools-hr","3000-5000","P2","Published","807"
"Industry","pdf workflow insurance","document workflow insurance","Informational","insurance","TOFU","Low","Low","/guides/pdf-workflow-insurance","/guides/pdf-tools","/guides/pdf-tools-insurance","3000-5000","P2","Published","808"
"Industry","pdf workflow lawyers","document workflow lawyers","Informational","lawyers","TOFU","Low","Low","/guides/pdf-workflow-lawyers","/guides/pdf-tools","/pdf-tools-for-lawyers","3000-5000","P2","Published","809"
"Industry","pdf workflow marketing-agencies","document workflow marketing-agencies","Informational","marketing-agencies","TOFU","Low","Low","/guides/pdf-workflow-marketing-agencies","/guides/pdf-tools","/guides/pdf-tools-marketing-agencies","3000-5000","P2","Published","810"
"Industry","pdf workflow nonprofits","document workflow nonprofits","Informational","nonprofits","TOFU","Low","Low","/guides/pdf-workflow-nonprofits","/guides/pdf-tools","/guides/pdf-tools-nonprofits","3000-5000","P2","Published","811"
"Industry","pdf workflow real-estate","document workflow real-estate","Informational","real-estate","TOFU","Low","Low","/guides/pdf-workflow-real-estate","/guides/pdf-tools","/guides/pdf-tools-real-estate","3000-5000","P2","Published","812"
"Industry","pdf workflow recruiters","document workflow recruiters","Informational","recruiters","TOFU","Low","Low","/guides/pdf-workflow-recruiters","/guides/pdf-tools","/guides/pdf-tools-recruiters","3000-5000","P2","Published","813"
"Industry","pdf workflow students","document workflow students","Informational","students","TOFU","Low","Low","/guides/pdf-workflow-students","/guides/pdf-tools","/pdf-tools-for-students","3000-5000","P2","Published","814"
"Industry","pdf workflow teachers","document workflow teachers","Informational","teachers","TOFU","Low","Low","/guides/pdf-workflow-teachers","/guides/pdf-tools","/guides/pdf-tools-teachers","3000-5000","P2","Published","815"
"Invoice","cgst sgst vs igst invoice","tax split","Compliance","Indian SMB; accountants","MOFU","Medium","High","/guides/cgst-sgst-igst-invoice","/invoice/create","/gst-invoice-checker; /research/freelancer-invoicing-statistics","2000-3500","P2","Published","816"
"Invoice","gst invoice format india","mandatory fields","Compliance","Indian SMB; accountants","MOFU","Medium","High","/guides/gst-invoice-format-india","/invoice/create","/gst-invoice-checker; /research/freelancer-invoicing-statistics","2000-3500","P2","Published","817"
"Invoice","gst invoice pdf checklist","ITC compliance","Compliance","Indian SMB; accountants","MOFU","Medium","High","/blog/gst-invoice-pdf-checklist","/invoice/create","/gst-invoice-checker; /research/freelancer-invoicing-statistics","2000-3500","P2","Published","818"
"Invoice","how do i create gst invoice pdf","tutorial; step by step","Informational","Beginners","TOFU","Low","Medium","/guides/how-to-create-gst-invoice-pdf","/guides/pdf-tools","/guides/pdf-tools","3000-5000","P2","Published","819"
"Invoice","how do i create proforma invoice","tutorial; step by step","Informational","Beginners","TOFU","Low","Medium","/guides/how-to-create-proforma-invoice","/guides/pdf-tools","/guides/pdf-tools","3000-5000","P2","Published","820"
"Invoice","how do i create rent receipt pdf","tutorial; step by step","Informational","Beginners","TOFU","Low","Medium","/guides/how-to-create-rent-receipt-pdf","/guides/pdf-tools","/guides/pdf-tools","3000-5000","P2","Published","821"
"Invoice","how do i export payslip pdf","tutorial; step by step","Informational","Beginners","TOFU","Low","Medium","/guides/how-to-export-payslip-pdf","/guides/pdf-tools","/guides/pdf-tools","3000-5000","P2","Published","822"
"Invoice","how do i generate invoice pdf free","tutorial; step by step","Informational","Beginners","TOFU","Low","Medium","/guides/how-to-generate-invoice-pdf-free","/guides/pdf-tools","/guides/pdf-tools","3000-5000","P2","Published","823"
"Invoice","hsn sac code invoice","India GST","Compliance","Indian SMB; accountants","MOFU","Medium","High","/guides/hsn-sac-invoice-guide","/invoice/create","/gst-invoice-checker; /research/freelancer-invoicing-statistics","2000-3500","P2","Published","824"
"Invoice","invoice retention period","archival","Compliance","Indian SMB; accountants","MOFU","Medium","High","/research/document-retention-periods","/invoice/create","/gst-invoice-checker; /research/freelancer-invoicing-statistics","2000-3500","P2","Published","825"
"Invoice","invoice template ad-agencies","invoice for ad-agencies; ad-agencies billing","Commercial","ad-agencies","MOFU","Low","Low","/guides/invoice-template-ad-agencies","/invoice/create","/guides/invoice-generator-guide","2500-4000","P2","Published","826"
"Invoice","invoice template amazon-sellers","invoice for amazon-sellers; amazon-sellers billing","Commercial","amazon-sellers","MOFU","Low","Low","/guides/invoice-template-amazon-sellers","/invoice/create","/guides/invoice-generator-guide","2500-4000","P2","Published","827"
"Invoice","invoice template architects","invoice for architects; architects billing","Commercial","architects","MOFU","Low","Low","/guides/invoice-template-architects","/invoice/create","/guides/invoice-generator-guide","2500-4000","P2","Published","828"
"Invoice","invoice template audit-firms","invoice for audit-firms; audit-firms billing","Commercial","audit-firms","MOFU","Low","Low","/guides/invoice-template-audit-firms","/invoice/create","/guides/invoice-generator-guide","2500-4000","P2","Published","829"
"Invoice","invoice template bakers","invoice for bakers; bakers billing","Commercial","bakers","MOFU","Low","Low","/guides/invoice-template-bakers","/invoice/create","/guides/invoice-generator-guide","2500-4000","P2","Published","830"
"Invoice","invoice template bnb-hosts","invoice for bnb-hosts; bnb-hosts billing","Commercial","bnb-hosts","MOFU","Low","Low","/guides/invoice-template-bnb-hosts","/invoice/create","/guides/invoice-generator-guide","2500-4000","P2","Published","831"
"Invoice","invoice template brand-strategists","invoice for brand-strategists; brand-strategists billing","Commercial","brand-strategists","MOFU","Low","Low","/guides/invoice-template-brand-strategists","/invoice/create","/guides/invoice-generator-guide","2500-4000","P2","Published","832"
"Invoice","invoice template cafes","invoice for cafes; cafes billing","Commercial","cafes","MOFU","Low","Low","/guides/invoice-template-cafes","/invoice/create","/guides/invoice-generator-guide","2500-4000","P2","Published","833"
"Invoice","invoice template ca-firms","invoice for ca-firms; ca-firms billing","Commercial","ca-firms","MOFU","Low","Low","/guides/invoice-template-ca-firms","/invoice/create","/guides/invoice-generator-guide","2500-4000","P2","Published","834"
"Invoice","invoice template carpenters","invoice for carpenters; carpenters billing","Commercial","carpenters","MOFU","Low","Low","/guides/invoice-template-carpenters","/invoice/create","/guides/invoice-generator-guide","2500-4000","P2","Published","835"
"Invoice","invoice template caterers","invoice for caterers; caterers billing","Commercial","caterers","MOFU","Low","Low","/guides/invoice-template-caterers","/invoice/create","/guides/invoice-generator-guide","2500-4000","P2","Published","836"
"Invoice","invoice template cleaning-services","invoice for cleaning-services; cleaning-services billing","Commercial","cleaning-services","MOFU","Low","Low","/guides/invoice-template-cleaning-services","/invoice/create","/guides/invoice-generator-guide","2500-4000","P2","Published","837"
"Invoice","invoice template cloud-consultants","invoice for cloud-consultants; cloud-consultants billing","Commercial","cloud-consultants","MOFU","Low","Low","/guides/invoice-template-cloud-consultants","/invoice/create","/guides/invoice-generator-guide","2500-4000","P2","Published","838"
"Invoice","invoice template copywriters","invoice for copywriters; copywriters billing","Commercial","copywriters","MOFU","Low","Low","/guides/invoice-template-copywriters","/invoice/create","/guides/invoice-generator-guide","2500-4000","P2","Published","839"
"Invoice","invoice template cybersecurity-consultants","invoice for cybersecurity-consultants; cybersecurity-consultants billing","Commercial","cybersecurity-consultants","MOFU","Low","Low","/guides/invoice-template-cybersecurity-consultants","/invoice/create","/guides/invoice-generator-guide","2500-4000","P2","Published","840"
"Invoice","invoice template dance-instructors","invoice for dance-instructors; dance-instructors billing","Commercial","dance-instructors","MOFU","Low","Low","/guides/invoice-template-dance-instructors","/invoice/create","/guides/invoice-generator-guide","2500-4000","P2","Published","841"
"Invoice","invoice template data-analysts","invoice for data-analysts; data-analysts billing","Commercial","data-analysts","MOFU","Low","Low","/guides/invoice-template-data-analysts","/invoice/create","/guides/invoice-generator-guide","2500-4000","P2","Published","842"
"Invoice","invoice template delivery-drivers","invoice for delivery-drivers; delivery-drivers billing","Commercial","delivery-drivers","MOFU","Low","Low","/guides/invoice-template-delivery-drivers","/invoice/create","/guides/invoice-generator-guide","2500-4000","P2","Published","843"
"Invoice","invoice template dentists","invoice for dentists; dentists billing","Commercial","dentists","MOFU","Low","Low","/guides/invoice-template-dentists","/invoice/create","/guides/invoice-generator-guide","2500-4000","P2","Published","844"
"Invoice","invoice template dog-walkers","invoice for dog-walkers; dog-walkers billing","Commercial","dog-walkers","MOFU","Low","Low","/guides/invoice-template-dog-walkers","/invoice/create","/guides/invoice-generator-guide","2500-4000","P2","Published","845"
"Invoice","invoice template etsy-sellers","invoice for etsy-sellers; etsy-sellers billing","Commercial","etsy-sellers","MOFU","Low","Low","/guides/invoice-template-etsy-sellers","/invoice/create","/guides/invoice-generator-guide","2500-4000","P2","Published","846"
"Invoice","invoice template event-planners","invoice for event-planners; event-planners billing","Commercial","event-planners","MOFU","Low","Low","/guides/invoice-template-event-planners","/invoice/create","/guides/invoice-generator-guide","2500-4000","P2","Published","847"
"Invoice","invoice template farmers-market-vendors","invoice for farmers-market-vendors; farmers-market-vendors billing","Commercial","farmers-market-vendors","MOFU","Low","Low","/guides/invoice-template-farmers-market-vendors","/invoice/create","/guides/invoice-generator-guide","2500-4000","P2","Published","848"
"Invoice","invoice template financial-advisors","invoice for financial-advisors; financial-advisors billing","Commercial","financial-advisors","MOFU","Low","Low","/guides/invoice-template-financial-advisors","/invoice/create","/guides/invoice-generator-guide","2500-4000","P2","Published","849"
"Invoice","invoice template florists","invoice for florists; florists billing","Commercial","florists","MOFU","Low","Low","/guides/invoice-template-florists","/invoice/create","/guides/invoice-generator-guide","2500-4000","P2","Published","850"
"Invoice","invoice template food-trucks","invoice for food-trucks; food-trucks billing","Commercial","food-trucks","MOFU","Low","Low","/guides/invoice-template-food-trucks","/invoice/create","/guides/invoice-generator-guide","2500-4000","P2","Published","851"
"Invoice","invoice template for accountants","invoice generator accountants; accountants invoice pdf","Commercial","accountants","MOFU","Low","Medium","/guides/invoice-for-accountants","/invoice/create","/invoice/create; /guides/invoice-generator-guide","2500-4000","P2","Published","852"
"Invoice","invoice template for bookkeepers","invoice generator bookkeepers; bookkeepers invoice pdf","Commercial","bookkeepers","MOFU","Low","Medium","/guides/invoice-for-bookkeepers","/invoice/create","/invoice/create; /guides/invoice-generator-guide","2500-4000","P2","Published","853"
"Invoice","invoice template for cleaning","invoice generator cleaning; cleaning invoice pdf","Commercial","cleaning","MOFU","Low","Medium","/guides/invoice-for-cleaning","/invoice/create","/invoice/create; /guides/invoice-generator-guide","2500-4000","P2","Published","854"
"Invoice","invoice template for coaches","invoice generator coaches; coaches invoice pdf","Commercial","coaches","MOFU","Low","Medium","/guides/invoice-for-coaches","/invoice/create","/invoice/create; /guides/invoice-generator-guide","2500-4000","P2","Published","855"
"Invoice","invoice template for consultants","invoice generator consultants; consultants invoice pdf","Commercial","consultants","MOFU","Low","Medium","/guides/invoice-for-consultants","/invoice/create","/invoice/create; /guides/invoice-generator-guide","2500-4000","P2","Published","856"
"Invoice","invoice template for contractors","invoice generator contractors; contractors invoice pdf","Commercial","contractors","MOFU","Low","Medium","/guides/invoice-for-contractors","/invoice/create","/invoice/create; /guides/invoice-generator-guide","2500-4000","P2","Published","857"
"Invoice","invoice template for designers","invoice generator designers; designers invoice pdf","Commercial","designers","MOFU","Low","Medium","/guides/invoice-for-designers","/invoice/create","/invoice/create; /guides/invoice-generator-guide","2500-4000","P2","Published","858"
"Invoice","invoice template for developers","invoice generator developers; developers invoice pdf","Commercial","developers","MOFU","Low","Medium","/guides/invoice-for-developers","/invoice/create","/invoice/create; /guides/invoice-generator-guide","2500-4000","P2","Published","859"
"Invoice","invoice template for electricians","invoice generator electricians; electricians invoice pdf","Commercial","electricians","MOFU","Low","Medium","/guides/invoice-for-electricians","/invoice/create","/invoice/create; /guides/invoice-generator-guide","2500-4000","P2","Published","860"
"Invoice","invoice template for freelancers","invoice generator freelancers; freelancers invoice pdf","Commercial","freelancers","MOFU","Low","Medium","/guides/invoice-for-freelancers","/invoice/create","/invoice/create; /guides/invoice-generator-guide","2500-4000","P2","Published","861"
"Invoice","invoice template for landscaping","invoice generator landscaping; landscaping invoice pdf","Commercial","landscaping","MOFU","Low","Medium","/guides/invoice-for-landscaping","/invoice/create","/invoice/create; /guides/invoice-generator-guide","2500-4000","P2","Published","862"
"Invoice","invoice template for photographers","invoice generator photographers; photographers invoice pdf","Commercial","photographers","MOFU","Low","Medium","/guides/invoice-for-photographers","/invoice/create","/invoice/create; /guides/invoice-generator-guide","2500-4000","P2","Published","863"
"Invoice","invoice template for plumbers","invoice generator plumbers; plumbers invoice pdf","Commercial","plumbers","MOFU","Low","Medium","/guides/invoice-for-plumbers","/invoice/create","/invoice/create; /guides/invoice-generator-guide","2500-4000","P2","Published","864"
"Invoice","invoice template for tutors","invoice generator tutors; tutors invoice pdf","Commercial","tutors","MOFU","Low","Medium","/guides/invoice-for-tutors","/invoice/create","/invoice/create; /guides/invoice-generator-guide","2500-4000","P2","Published","865"
"Invoice","invoice template game-developers","invoice for game-developers; game-developers billing","Commercial","game-developers","MOFU","Low","Low","/guides/invoice-template-game-developers","/invoice/create","/guides/invoice-generator-guide","2500-4000","P2","Published","866"
"Invoice","invoice template hotels","invoice for hotels; hotels billing","Commercial","hotels","MOFU","Low","Low","/guides/invoice-template-hotels","/invoice/create","/guides/invoice-generator-guide","2500-4000","P2","Published","867"
"Invoice","invoice template hvac-contractors","invoice for hvac-contractors; hvac-contractors billing","Commercial","hvac-contractors","MOFU","Low","Low","/guides/invoice-template-hvac-contractors","/invoice/create","/guides/invoice-generator-guide","2500-4000","P2","Published","868"
"Invoice","invoice template illustrators","invoice for illustrators; illustrators billing","Commercial","illustrators","MOFU","Low","Low","/guides/invoice-template-illustrators","/invoice/create","/guides/invoice-generator-guide","2500-4000","P2","Published","869"
"Invoice","invoice template insurance-agents","invoice for insurance-agents; insurance-agents billing","Commercial","insurance-agents","MOFU","Low","Low","/guides/invoice-template-insurance-agents","/invoice/create","/guides/invoice-generator-guide","2500-4000","P2","Published","870"
"Invoice","invoice template interior-designers","invoice for interior-designers; interior-designers billing","Commercial","interior-designers","MOFU","Low","Low","/guides/invoice-template-interior-designers","/invoice/create","/guides/invoice-generator-guide","2500-4000","P2","Published","871"
"Invoice","invoice template it-consultants","invoice for it-consultants; it-consultants billing","Commercial","it-consultants","MOFU","Low","Low","/guides/invoice-template-it-consultants","/invoice/create","/guides/invoice-generator-guide","2500-4000","P2","Published","872"
"Invoice","invoice template lawyers","invoice for lawyers; lawyers billing","Commercial","lawyers","MOFU","Low","Low","/guides/invoice-template-lawyers","/invoice/create","/guides/invoice-generator-guide","2500-4000","P2","Published","873"
"Invoice","invoice template massage-therapists","invoice for massage-therapists; massage-therapists billing","Commercial","massage-therapists","MOFU","Low","Low","/guides/invoice-template-massage-therapists","/invoice/create","/guides/invoice-generator-guide","2500-4000","P2","Published","874"
"Invoice","invoice template mechanics","invoice for mechanics; mechanics billing","Commercial","mechanics","MOFU","Low","Low","/guides/invoice-template-mechanics","/invoice/create","/guides/invoice-generator-guide","2500-4000","P2","Published","875"
"Invoice","invoice template mobile-app-developers","invoice for mobile-app-developers; mobile-app-developers billing","Commercial","mobile-app-developers","MOFU","Low","Low","/guides/invoice-template-mobile-app-developers","/invoice/create","/guides/invoice-generator-guide","2500-4000","P2","Published","876"
"Invoice","invoice template mortgage-brokers","invoice for mortgage-brokers; mortgage-brokers billing","Commercial","mortgage-brokers","MOFU","Low","Low","/guides/invoice-template-mortgage-brokers","/invoice/create","/guides/invoice-generator-guide","2500-4000","P2","Published","877"
"Invoice","invoice template moving-companies","invoice for moving-companies; moving-companies billing","Commercial","moving-companies","MOFU","Low","Low","/guides/invoice-template-moving-companies","/invoice/create","/guides/invoice-generator-guide","2500-4000","P2","Published","878"
"Invoice","invoice template music-teachers","invoice for music-teachers; music-teachers billing","Commercial","music-teachers","MOFU","Low","Low","/guides/invoice-template-music-teachers","/invoice/create","/guides/invoice-generator-guide","2500-4000","P2","Published","879"
"Invoice","invoice template painters","invoice for painters; painters billing","Commercial","painters","MOFU","Low","Low","/guides/invoice-template-painters","/invoice/create","/guides/invoice-generator-guide","2500-4000","P2","Published","880"
"Invoice","invoice template penetration-testers","invoice for penetration-testers; penetration-testers billing","Commercial","penetration-testers","MOFU","Low","Low","/guides/invoice-template-penetration-testers","/invoice/create","/guides/invoice-generator-guide","2500-4000","P2","Published","881"
"Invoice","invoice template personal-trainers","invoice for personal-trainers; personal-trainers billing","Commercial","personal-trainers","MOFU","Low","Low","/guides/invoice-template-personal-trainers","/invoice/create","/guides/invoice-generator-guide","2500-4000","P2","Published","882"
"Invoice","invoice template pet-groomers","invoice for pet-groomers; pet-groomers billing","Commercial","pet-groomers","MOFU","Low","Low","/guides/invoice-template-pet-groomers","/invoice/create","/guides/invoice-generator-guide","2500-4000","P2","Published","883"
"Invoice","invoice template photographers-videographers","invoice for photographers-videographers; photographers-videographers billing","Commercial","photographers-videographers","MOFU","Low","Low","/guides/invoice-template-photographers-videographers","/invoice/create","/guides/invoice-generator-guide","2500-4000","P2","Published","884"
"Invoice","invoice template podcast-producers","invoice for podcast-producers; podcast-producers billing","Commercial","podcast-producers","MOFU","Low","Low","/guides/invoice-template-podcast-producers","/invoice/create","/guides/invoice-generator-guide","2500-4000","P2","Published","885"
"Invoice","invoice template pr-agencies","invoice for pr-agencies; pr-agencies billing","Commercial","pr-agencies","MOFU","Low","Low","/guides/invoice-template-pr-agencies","/invoice/create","/guides/invoice-generator-guide","2500-4000","P2","Published","886"
"Invoice","invoice template property-managers","invoice for property-managers; property-managers billing","Commercial","property-managers","MOFU","Low","Low","/guides/invoice-template-property-managers","/invoice/create","/guides/invoice-generator-guide","2500-4000","P2","Published","887"
"Invoice","invoice template real-estate-agents","invoice for real-estate-agents; real-estate-agents billing","Commercial","real-estate-agents","MOFU","Low","Low","/guides/invoice-template-real-estate-agents","/invoice/create","/guides/invoice-generator-guide","2500-4000","P2","Published","888"
"Invoice","invoice template recruitment-agencies","invoice for recruitment-agencies; recruitment-agencies billing","Commercial","recruitment-agencies","MOFU","Low","Low","/guides/invoice-template-recruitment-agencies","/invoice/create","/guides/invoice-generator-guide","2500-4000","P2","Published","889"
"Invoice","invoice template restaurants","invoice for restaurants; restaurants billing","Commercial","restaurants","MOFU","Low","Low","/guides/invoice-template-restaurants","/invoice/create","/guides/invoice-generator-guide","2500-4000","P2","Published","890"
"Invoice","invoice template roofers","invoice for roofers; roofers billing","Commercial","roofers","MOFU","Low","Low","/guides/invoice-template-roofers","/invoice/create","/guides/invoice-generator-guide","2500-4000","P2","Published","891"
"Invoice","invoice template salesforce-consultants","invoice for salesforce-consultants; salesforce-consultants billing","Commercial","salesforce-consultants","MOFU","Low","Low","/guides/invoice-template-salesforce-consultants","/invoice/create","/guides/invoice-generator-guide","2500-4000","P2","Published","892"
"Invoice","invoice template sap-consultants","invoice for sap-consultants; sap-consultants billing","Commercial","sap-consultants","MOFU","Low","Low","/guides/invoice-template-sap-consultants","/invoice/create","/guides/invoice-generator-guide","2500-4000","P2","Published","893"
"Invoice","invoice template seo-consultants","invoice for seo-consultants; seo-consultants billing","Commercial","seo-consultants","MOFU","Low","Low","/guides/invoice-template-seo-consultants","/invoice/create","/guides/invoice-generator-guide","2500-4000","P2","Published","894"
"Invoice","invoice template shopify-sellers","invoice for shopify-sellers; shopify-sellers billing","Commercial","shopify-sellers","MOFU","Low","Low","/guides/invoice-template-shopify-sellers","/invoice/create","/guides/invoice-generator-guide","2500-4000","P2","Published","895"
"Invoice","invoice template social-media-managers","invoice for social-media-managers; social-media-managers billing","Commercial","social-media-managers","MOFU","Low","Low","/guides/invoice-template-social-media-managers","/invoice/create","/guides/invoice-generator-guide","2500-4000","P2","Published","896"
"Invoice","invoice template staffing-agencies","invoice for staffing-agencies; staffing-agencies billing","Commercial","staffing-agencies","MOFU","Low","Low","/guides/invoice-template-staffing-agencies","/invoice/create","/guides/invoice-generator-guide","2500-4000","P2","Published","897"
"Invoice","invoice template tax-preparers","invoice for tax-preparers; tax-preparers billing","Commercial","tax-preparers","MOFU","Low","Low","/guides/invoice-template-tax-preparers","/invoice/create","/guides/invoice-generator-guide","2500-4000","P2","Published","898"
"Invoice","invoice template therapists","invoice for therapists; therapists billing","Commercial","therapists","MOFU","Low","Low","/guides/invoice-template-therapists","/invoice/create","/guides/invoice-generator-guide","2500-4000","P2","Published","899"
"Invoice","invoice template translators","invoice for translators; translators billing","Commercial","translators","MOFU","Low","Low","/guides/invoice-template-translators","/invoice/create","/guides/invoice-generator-guide","2500-4000","P2","Published","900"
"Invoice","invoice template tutors-online","invoice for tutors-online; tutors-online billing","Commercial","tutors-online","MOFU","Low","Low","/guides/invoice-template-tutors-online","/invoice/create","/guides/invoice-generator-guide","2500-4000","P2","Published","901"
"Invoice","invoice template uber-drivers","invoice for uber-drivers; uber-drivers billing","Commercial","uber-drivers","MOFU","Low","Low","/guides/invoice-template-uber-drivers","/invoice/create","/guides/invoice-generator-guide","2500-4000","P2","Published","902"
"Invoice","invoice template ui-ux-designers","invoice for ui-ux-designers; ui-ux-designers billing","Commercial","ui-ux-designers","MOFU","Low","Low","/guides/invoice-template-ui-ux-designers","/invoice/create","/guides/invoice-generator-guide","2500-4000","P2","Published","903"
"Invoice","invoice template veterinarians","invoice for veterinarians; veterinarians billing","Commercial","veterinarians","MOFU","Low","Low","/guides/invoice-template-veterinarians","/invoice/create","/guides/invoice-generator-guide","2500-4000","P2","Published","904"
"Invoice","invoice template video-editors","invoice for video-editors; video-editors billing","Commercial","video-editors","MOFU","Low","Low","/guides/invoice-template-video-editors","/invoice/create","/guides/invoice-generator-guide","2500-4000","P2","Published","905"
"Invoice","invoice template virtual-assistants","invoice for virtual-assistants; virtual-assistants billing","Commercial","virtual-assistants","MOFU","Low","Low","/guides/invoice-template-virtual-assistants","/invoice/create","/guides/invoice-generator-guide","2500-4000","P2","Published","906"
"Invoice","invoice template voice-over-artists","invoice for voice-over-artists; voice-over-artists billing","Commercial","voice-over-artists","MOFU","Low","Low","/guides/invoice-template-voice-over-artists","/invoice/create","/guides/invoice-generator-guide","2500-4000","P2","Published","907"
"Invoice","invoice template wedding-planners","invoice for wedding-planners; wedding-planners billing","Commercial","wedding-planners","MOFU","Low","Low","/guides/invoice-template-wedding-planners","/invoice/create","/guides/invoice-generator-guide","2500-4000","P2","Published","908"
"Invoice","invoice template yoga-instructors","invoice for yoga-instructors; yoga-instructors billing","Commercial","yoga-instructors","MOFU","Low","Low","/guides/invoice-template-yoga-instructors","/invoice/create","/guides/invoice-generator-guide","2500-4000","P2","Published","909"
"Invoice","proforma invoice vs tax invoice","difference","Informational","Indian SMB; accountants","MOFU","Medium","High","/guides/proforma-vs-tax-invoice","/invoice/create","/gst-invoice-checker; /research/freelancer-invoicing-statistics","3000-5000","P2","Published","910"
"Invoice","vat invoice uk","HMRC","Compliance","Indian SMB; accountants","MOFU","Medium","High","/guides/vat-invoice-uk","/invoice/create","/gst-invoice-checker; /research/freelancer-invoicing-statistics","2000-3500","P2","Published","911"
"Merge PDF","how do i combine images into pdf","tutorial; step by step","Informational","Beginners","TOFU","Low","Medium","/guides/how-to-combine-images-into-pdf","/guides/pdf-tools","/guides/pdf-tools","3000-5000","P2","Published","912"
"Merge PDF","how do i split a pdf","tutorial; step by step","Informational","Beginners","TOFU","Low","Medium","/guides/how-to-split-a-pdf","/guides/pdf-tools","/guides/pdf-tools","3000-5000","P2","Published","913"
"Merge PDF","how do i split pdf for email","tutorial; step by step","Informational","Beginners","TOFU","Low","Medium","/guides/how-to-split-pdf-for-email","/guides/pdf-tools","/guides/pdf-tools","3000-5000","P2","Published","914"
"Mistakes","common mistakes when batch merge wrong order","avoid; fix","Informational","Professionals","TOFU","Low","Low","/blog/pdf-editing-mistakes","/guides/pdf-tools","/blog/pdf-editing-mistakes","3000-5000","P2","Merged","915"
"Mistakes","common mistakes when compressing already compressed","avoid; fix","Informational","Professionals","TOFU","Low","Low","/blog/pdf-editing-mistakes","/guides/pdf-tools","/blog/pdf-editing-mistakes","3000-5000","P2","Merged","916"
"Mistakes","common mistakes when compressing legal pdf","avoid; fix","Informational","Professionals","TOFU","Low","Low","/blog/pdf-editing-mistakes","/guides/pdf-tools","/blog/pdf-editing-mistakes","3000-5000","P2","Merged","917"
"Mistakes","common mistakes when deleting source word file","avoid; fix","Informational","Professionals","TOFU","Low","Low","/blog/pdf-editing-mistakes","/guides/pdf-tools","/blog/pdf-editing-mistakes","3000-5000","P2","Merged","918"
"Mistakes","common mistakes when duplicate gst invoices","avoid; fix","Informational","Professionals","TOFU","Low","Low","/blog/pdf-editing-mistakes","/guides/pdf-tools","/blog/pdf-editing-mistakes","3000-5000","P2","Merged","919"
"Mistakes","common mistakes when emailing password in same thread","avoid; fix","Informational","Professionals","TOFU","Low","Low","/blog/pdf-editing-mistakes","/guides/pdf-tools","/blog/pdf-editing-mistakes","3000-5000","P2","Merged","920"
"Mistakes","common mistakes when fake pdf redaction","avoid; fix","Informational","Professionals","TOFU","Low","Low","/blog/pdf-editing-mistakes","/guides/pdf-tools","/blog/pdf-editing-mistakes","3000-5000","P2","Merged","921"
"Mistakes","common mistakes when flattening before review","avoid; fix","Informational","Professionals","TOFU","Low","Low","/blog/pdf-editing-mistakes","/guides/pdf-tools","/blog/pdf-editing-mistakes","3000-5000","P2","Merged","922"
"Mistakes","common mistakes when html to pdf missing css","avoid; fix","Informational","Professionals","TOFU","Low","Low","/blog/pdf-editing-mistakes","/guides/pdf-tools","/blog/pdf-editing-mistakes","3000-5000","P2","Merged","923"
"Mistakes","common mistakes when ignoring pdf accessibility","avoid; fix","Informational","Professionals","TOFU","Low","Low","/blog/pdf-editing-mistakes","/guides/pdf-tools","/blog/pdf-editing-mistakes","3000-5000","P2","Merged","924"
"Mistakes","common mistakes when json formatter on secrets","avoid; fix","Informational","Professionals","TOFU","Low","Low","/blog/pdf-editing-mistakes","/guides/pdf-tools","/blog/pdf-editing-mistakes","3000-5000","P2","Merged","925"
"Mistakes","common mistakes when jwt decode in production logs","avoid; fix","Informational","Professionals","TOFU","Low","Low","/blog/pdf-editing-mistakes","/guides/pdf-tools","/blog/pdf-editing-mistakes","3000-5000","P2","Merged","926"
"Mistakes","common mistakes when merging password pdfs","avoid; fix","Informational","Professionals","TOFU","Low","Low","/blog/pdf-editing-mistakes","/guides/pdf-tools","/blog/pdf-editing-mistakes","3000-5000","P2","Merged","927"
"Mistakes","common mistakes when missing invoice number sequence","avoid; fix","Informational","Professionals","TOFU","Low","Low","/blog/pdf-editing-mistakes","/guides/pdf-tools","/blog/pdf-editing-mistakes","3000-5000","P2","Merged","928"
"Mistakes","common mistakes when ocr low dpi scans","avoid; fix","Informational","Professionals","TOFU","Low","Low","/blog/pdf-editing-mistakes","/guides/pdf-tools","/blog/pdf-editing-mistakes","3000-5000","P2","Merged","929"
"Mistakes","common mistakes when ocr without proofreading","avoid; fix","Informational","Professionals","TOFU","Low","Low","/blog/pdf-editing-mistakes","/guides/pdf-tools","/blog/pdf-editing-mistakes","3000-5000","P2","Merged","930"
"Mistakes","common mistakes when payslip missing statutory fields","avoid; fix","Informational","Professionals","TOFU","Low","Low","/blog/pdf-editing-mistakes","/guides/pdf-tools","/blog/pdf-editing-mistakes","3000-5000","P2","Merged","931"
"Mistakes","common mistakes when pdf to excel merged cells","avoid; fix","Informational","Professionals","TOFU","Low","Low","/blog/pdf-editing-mistakes","/guides/pdf-tools","/blog/pdf-editing-mistakes","3000-5000","P2","Merged","932"
"Mistakes","common mistakes when rent receipt wrong format","avoid; fix","Informational","Professionals","TOFU","Low","Low","/blog/pdf-editing-mistakes","/guides/pdf-tools","/blog/pdf-editing-mistakes","3000-5000","P2","Merged","933"
"Mistakes","common mistakes when sharing unencrypted payslips","avoid; fix","Informational","Professionals","TOFU","Low","Low","/blog/pdf-editing-mistakes","/guides/pdf-tools","/blog/pdf-editing-mistakes","3000-5000","P2","Merged","934"
"Mistakes","common mistakes when signing without audit trail","avoid; fix","Informational","Professionals","TOFU","Low","Low","/blog/pdf-editing-mistakes","/guides/pdf-tools","/blog/pdf-editing-mistakes","3000-5000","P2","Merged","935"
"Mistakes","common mistakes when splitting mid-table","avoid; fix","Informational","Professionals","TOFU","Low","Low","/blog/pdf-editing-mistakes","/guides/pdf-tools","/blog/pdf-editing-mistakes","3000-5000","P2","Merged","936"
"Mistakes","common mistakes when using screenshot instead of pdf export","avoid; fix","Informational","Professionals","TOFU","Low","Low","/blog/pdf-editing-mistakes","/guides/pdf-tools","/blog/pdf-editing-mistakes","3000-5000","P2","Merged","937"
"Mistakes","common mistakes when using weak pdf password","avoid; fix","Informational","Professionals","TOFU","Low","Low","/blog/pdf-editing-mistakes","/guides/pdf-tools","/blog/pdf-editing-mistakes","3000-5000","P2","Merged","938"
"Mistakes","common mistakes when watermark instead of encrypt","avoid; fix","Informational","Professionals","TOFU","Low","Low","/blog/pdf-editing-mistakes","/guides/pdf-tools","/blog/pdf-editing-mistakes","3000-5000","P2","Merged","939"
"Mistakes","common mistakes when wrong currency on invoice","avoid; fix","Informational","Professionals","TOFU","Low","Low","/blog/pdf-editing-mistakes","/guides/pdf-tools","/blog/pdf-editing-mistakes","3000-5000","P2","Merged","940"
"Mistakes","common mistakes when wrong gst invoice fields","avoid; fix","Informational","Professionals","TOFU","Low","Low","/blog/pdf-editing-mistakes","/guides/pdf-tools","/blog/pdf-editing-mistakes","3000-5000","P2","Merged","941"
"Mistakes","common mistakes when wrong page order merge","avoid; fix","Informational","Professionals","TOFU","Low","Low","/blog/pdf-editing-mistakes","/guides/pdf-tools","/blog/pdf-editing-mistakes","3000-5000","P2","Merged","942"
"Payslip","bulk payslip generator","payroll","Transactional","HR; SMB India","BOFU","Low","Medium","/bulk-payslip-generator","/free-payslip-generator","/bulk-payslip-generator; /rent-receipt-generator","2000-3500","P2","Published","943"
"Payslip","free payslip generator","salary slip pdf","Transactional","HR; SMB India","BOFU","Low","Medium","/free-payslip-generator","/free-payslip-generator","/bulk-payslip-generator; /rent-receipt-generator","2000-3500","P2","Published","944"
"Payslip","hr payslip compliance","statutory fields","Transactional","HR; SMB India","BOFU","Low","Medium","/guides/hr-payslip-compliance","/free-payslip-generator","/bulk-payslip-generator; /rent-receipt-generator","2000-3500","P2","Published","945"
"Payslip","payslip basic calculation","salary slip basic; basic on payslip","Informational","HR; employees India","TOFU","Low","Medium","/guides/payslip-basic-explained","/free-payslip-generator","/guides/salary-slip-format-india","3000-5000","P2","Published","946"
"Payslip","payslip bonus calculation","salary slip bonus; bonus on payslip","Informational","HR; employees India","TOFU","Low","Medium","/guides/payslip-bonus-explained","/free-payslip-generator","/guides/salary-slip-format-india","3000-5000","P2","Published","947"
"Payslip","payslip esi calculation","salary slip esi; esi on payslip","Informational","HR; employees India","TOFU","Low","Medium","/guides/payslip-esi-explained","/free-payslip-generator","/guides/salary-slip-format-india","3000-5000","P2","Published","948"
"Payslip","payslip for home loan","bank submission","Transactional","HR; SMB India","BOFU","Low","Medium","/guides/payslip-home-loan","/free-payslip-generator","/bulk-payslip-generator; /rent-receipt-generator","2000-3500","P2","Published","949"
"Payslip","payslip generator excel upload","bulk workflow","Transactional","HR; SMB India","BOFU","Low","Medium","/guides/bulk-payslip-excel-guide","/free-payslip-generator","/bulk-payslip-generator; /rent-receipt-generator","2000-3500","P2","Published","950"
"Payslip","payslip gratuity calculation","salary slip gratuity; gratuity on payslip","Informational","HR; employees India","TOFU","Low","Medium","/guides/payslip-gratuity-explained","/free-payslip-generator","/guides/salary-slip-format-india","3000-5000","P2","Published","951"
"Payslip","payslip hra calculation","salary slip hra; hra on payslip","Informational","HR; employees India","TOFU","Low","Medium","/guides/payslip-hra-explained","/free-payslip-generator","/guides/salary-slip-format-india","3000-5000","P2","Published","952"
"Payslip","payslip overtime calculation","salary slip overtime; overtime on payslip","Informational","HR; employees India","TOFU","Low","Medium","/guides/payslip-overtime-explained","/free-payslip-generator","/guides/salary-slip-format-india","3000-5000","P2","Published","953"
"Payslip","payslip pf calculation","salary slip pf; pf on payslip","Informational","HR; employees India","TOFU","Low","Medium","/guides/payslip-pf-explained","/free-payslip-generator","/guides/salary-slip-format-india","3000-5000","P2","Published","954"
"Payslip","payslip professional-tax calculation","salary slip professional-tax; professional-tax on payslip","Informational","HR; employees India","TOFU","Low","Medium","/guides/payslip-professional-tax-explained","/free-payslip-generator","/guides/salary-slip-format-india","3000-5000","P2","Published","955"
"Payslip","payslip tds calculation","salary slip tds; tds on payslip","Informational","HR; employees India","TOFU","Low","Medium","/guides/payslip-tds-explained","/free-payslip-generator","/guides/salary-slip-format-india","3000-5000","P2","Published","956"
"Payslip","payslip vs salary certificate","difference","Transactional","HR; SMB India","BOFU","Low","Medium","/guides/payslip-vs-salary-certificate","/free-payslip-generator","/bulk-payslip-generator; /rent-receipt-generator","2000-3500","P2","Published","957"
"Payslip","salary slip format india","payslip template","Transactional","HR; SMB India","BOFU","Low","Medium","/guides/salary-slip-format-india","/free-payslip-generator","/bulk-payslip-generator; /rent-receipt-generator","2000-3500","P2","Published","958"
"PDF Fundamentals","digital signature basics","learn pdf; pdf guide","Informational","Beginners","TOFU","Low","Medium","/guides/beginner-digital-signature-basics","/guides/pdf-tools","/guides/pdf-tools; /guides/choose-pdf-tool","3000-5000","P2","Published","959"
"PDF Fundamentals","ocr basics","learn pdf; pdf guide","Informational","Beginners","TOFU","Low","Medium","/guides/beginner-ocr-basics","/guides/pdf-tools","/guides/pdf-tools; /guides/choose-pdf-tool","3000-5000","P2","Published","960"
"PDF Fundamentals","pdf accessibility basics","learn pdf; pdf guide","Informational","Beginners","TOFU","Low","Medium","/guides/beginner-pdf-accessibility-basics","/guides/pdf-tools","/guides/pdf-tools; /guides/choose-pdf-tool","3000-5000","P2","Published","961"
"PDF Fundamentals","pdf basics","learn pdf; pdf guide","Informational","Beginners","TOFU","Low","Medium","/guides/beginner-pdf-basics","/guides/pdf-tools","/guides/pdf-tools; /guides/choose-pdf-tool","3000-5000","P2","Published","962"
"PDF Fundamentals","pdf bookmarks","learn pdf; pdf guide","Informational","Beginners","TOFU","Low","Medium","/guides/beginner-pdf-bookmarks","/guides/pdf-tools","/guides/pdf-tools; /guides/choose-pdf-tool","3000-5000","P2","Published","963"
"PDF Fundamentals","pdf color space rgb cmyk","learn pdf; pdf guide","Informational","Beginners","TOFU","Low","Medium","/guides/beginner-pdf-color-space-rgb-cmyk","/guides/pdf-tools","/guides/pdf-tools; /guides/choose-pdf-tool","3000-5000","P2","Published","964"
"PDF Fundamentals","pdf compression basics","learn pdf; pdf guide","Informational","Beginners","TOFU","Low","Medium","/guides/beginner-pdf-compression-basics","/guides/pdf-tools","/guides/pdf-tools; /guides/choose-pdf-tool","3000-5000","P2","Published","965"
"PDF Fundamentals","pdf file structure","learn pdf; pdf guide","Informational","Beginners","TOFU","Low","Medium","/guides/beginner-pdf-file-structure","/guides/pdf-tools","/guides/pdf-tools; /guides/choose-pdf-tool","3000-5000","P2","Published","966"
"PDF Fundamentals","pdf fonts embedding","learn pdf; pdf guide","Informational","Beginners","TOFU","Low","Medium","/guides/beginner-pdf-fonts-embedding","/guides/pdf-tools","/guides/pdf-tools; /guides/choose-pdf-tool","3000-5000","P2","Published","967"
"PDF Fundamentals","pdf forms basics","learn pdf; pdf guide","Informational","Beginners","TOFU","Low","Medium","/guides/beginner-pdf-forms-basics","/guides/pdf-tools","/guides/pdf-tools; /guides/choose-pdf-tool","3000-5000","P2","Published","968"
"PDF Fundamentals","pdf hyperlinks","learn pdf; pdf guide","Informational","Beginners","TOFU","Low","Medium","/guides/beginner-pdf-hyperlinks","/guides/pdf-tools","/guides/pdf-tools; /guides/choose-pdf-tool","3000-5000","P2","Published","969"
"PDF Fundamentals","pdf metadata explained","learn pdf; pdf guide","Informational","Beginners","TOFU","Low","Medium","/guides/beginner-pdf-metadata-explained","/guides/pdf-tools","/guides/pdf-tools; /guides/choose-pdf-tool","3000-5000","P2","Published","970"
"PDF Fundamentals","pdf page size a4 letter","learn pdf; pdf guide","Informational","Beginners","TOFU","Low","Medium","/guides/beginner-pdf-page-size-a4-letter","/guides/pdf-tools","/guides/pdf-tools; /guides/choose-pdf-tool","3000-5000","P2","Published","971"
"PDF Fundamentals","pdf security basics","learn pdf; pdf guide","Informational","Beginners","TOFU","Low","Medium","/guides/beginner-pdf-security-basics","/guides/pdf-tools","/guides/pdf-tools; /guides/choose-pdf-tool","3000-5000","P2","Published","972"
"PDF Fundamentals","pdf tags accessibility","learn pdf; pdf guide","Informational","Beginners","TOFU","Low","Medium","/guides/beginner-pdf-tags-accessibility","/guides/pdf-tools","/guides/pdf-tools; /guides/choose-pdf-tool","3000-5000","P2","Published","973"
"PDF Fundamentals","pdf vs docx","learn pdf; pdf guide","Informational","Beginners","TOFU","Low","Medium","/guides/beginner-pdf-vs-docx","/guides/pdf-tools","/guides/pdf-tools; /guides/choose-pdf-tool","3000-5000","P2","Published","974"
"PDF Fundamentals","pdf vs png","learn pdf; pdf guide","Informational","Beginners","TOFU","Low","Medium","/guides/beginner-pdf-vs-png","/guides/pdf-tools","/guides/pdf-tools; /guides/choose-pdf-tool","3000-5000","P2","Published","975"
"PDF Fundamentals","vector vs raster pdf","learn pdf; pdf guide","Informational","Beginners","TOFU","Low","Medium","/guides/beginner-vector-vs-raster-pdf","/guides/pdf-tools","/guides/pdf-tools; /guides/choose-pdf-tool","3000-5000","P2","Published","976"
"PDF Fundamentals","what is a pdf","learn pdf; pdf guide","Informational","Beginners","TOFU","Low","Medium","/guides/beginner-what-is-a-pdf","/guides/pdf-tools","/guides/pdf-tools; /guides/choose-pdf-tool","3000-5000","P2","Published","977"
"PDF Fundamentals","when to use pdf","learn pdf; pdf guide","Informational","Beginners","TOFU","Low","Medium","/guides/beginner-when-to-use-pdf","/guides/pdf-tools","/guides/pdf-tools; /guides/choose-pdf-tool","3000-5000","P2","Published","978"
"PDF to Text","empty text extraction pdf","troubleshooting","Problem-solving","Students; researchers; office","MOFU","Medium","High","/guides/pdf-text-extraction-empty","/pdf/pdftotext","/pdf/ocrpdf; /guides/ocr-pdf; /guides/pdf-txt-guide","2000-3500","P2","Published","979"
"PDF to Text","extract text from pdf for blackboard","","Task-based","blackboard users","MOFU","Low","Low","/guides/pdf-to-text-for-blackboard","/pdf/pdftotext","/pdf-to-txt/pdf-to-text-online","2000-3500","P2","Published","980"
"PDF to Text","extract text from pdf for canvas","","Task-based","canvas users","MOFU","Low","Low","/guides/pdf-to-text-for-canvas","/pdf/pdftotext","/pdf-to-txt/pdf-to-text-online","2000-3500","P2","Published","981"
"PDF to Text","extract text from pdf for gmail","","Task-based","gmail users","MOFU","Low","Low","/guides/pdf-to-text-for-gmail","/pdf/pdftotext","/pdf-to-txt/pdf-to-text-online","2000-3500","P2","Published","982"
"PDF to Text","extract text from pdf for indeed","","Task-based","indeed users","MOFU","Low","Low","/guides/pdf-to-text-for-indeed","/pdf/pdftotext","/pdf-to-txt/pdf-to-text-online","2000-3500","P2","Published","983"
"PDF to Text","extract text from pdf for linkedin","","Task-based","linkedin users","MOFU","Low","Low","/guides/pdf-to-text-for-linkedin","/pdf/pdftotext","/pdf-to-txt/pdf-to-text-online","2000-3500","P2","Published","984"
"PDF to Text","extract text from pdf for moodle","","Task-based","moodle users","MOFU","Low","Low","/guides/pdf-to-text-for-moodle","/pdf/pdftotext","/pdf-to-txt/pdf-to-text-online","2000-3500","P2","Published","985"
"PDF to Text","extract text from pdf for naukri","","Task-based","naukri users","MOFU","Low","Low","/guides/pdf-to-text-for-naukri","/pdf/pdftotext","/pdf-to-txt/pdf-to-text-online","2000-3500","P2","Published","986"
"PDF to Text","extract text from pdf for outlook","","Task-based","outlook users","MOFU","Low","Low","/guides/pdf-to-text-for-outlook","/pdf/pdftotext","/pdf-to-txt/pdf-to-text-online","2000-3500","P2","Published","987"
"PDF to Text","extract text from pdf for protonmail","","Task-based","protonmail users","MOFU","Low","Low","/guides/pdf-to-text-for-protonmail","/pdf/pdftotext","/pdf-to-txt/pdf-to-text-online","2000-3500","P2","Published","988"
"PDF to Text","extract text from pdf for telegram","","Task-based","telegram users","MOFU","Low","Low","/guides/pdf-to-text-for-telegram","/pdf/pdftotext","/pdf-to-txt/pdf-to-text-online","2000-3500","P2","Published","989"
"PDF to Text","extract text from pdf for whatsapp","","Task-based","whatsapp users","MOFU","Low","Low","/guides/pdf-to-text-for-whatsapp","/pdf/pdftotext","/pdf-to-txt/pdf-to-text-online","2000-3500","P2","Published","990"
"PDF to Text","extract text from pdf for workday","","Task-based","workday users","MOFU","Low","Low","/guides/pdf-to-text-for-workday","/pdf/pdftotext","/pdf-to-txt/pdf-to-text-online","2000-3500","P2","Published","991"
"PDF to Text","extract text from pdf for yahoo mail","","Task-based","yahoo mail users","MOFU","Low","Low","/guides/pdf-to-text-for-yahoo-mail","/pdf/pdftotext","/pdf-to-txt/pdf-to-text-online","2000-3500","P2","Published","992"
"PDF to Text","how do i compare two text files","tutorial; step by step","Informational","Beginners","TOFU","Low","Medium","/guides/how-to-compare-two-text-files","/guides/pdf-tools","/guides/pdf-tools","3000-5000","P2","Published","993"
"PDF to Text","how do i extract text from pdf","tutorial; step by step","Informational","Beginners","TOFU","Low","Medium","/guides/how-to-extract-text-from-pdf","/guides/pdf-tools","/guides/pdf-tools","3000-5000","P2","Published","994"
"PDF to Text","how do i make pdf searchable","tutorial; step by step","Informational","Beginners","TOFU","Low","Medium","/guides/how-to-make-pdf-searchable","/guides/pdf-tools","/guides/pdf-tools","3000-5000","P2","Published","995"
"PDF to Text","how do i ocr a scanned pdf","tutorial; step by step","Informational","Beginners","TOFU","Low","Medium","/guides/how-to-ocr-a-scanned-pdf","/guides/pdf-tools","/guides/pdf-tools","3000-5000","P2","Published","996"
"PDF to Text","ocr accuracy tips","scan quality","Informational","Students; researchers; office","MOFU","Medium","High","/guides/ocr-accuracy-tips","/pdf/pdftotext","/pdf/ocrpdf; /guides/ocr-pdf; /guides/pdf-txt-guide","3000-5000","P2","Published","997"
"PDF to Text","ocr historical documents","archives","Industry","Students; researchers; office","MOFU","Medium","High","/guides/ocr-historical-documents","/pdf/pdftotext","/pdf/ocrpdf; /guides/ocr-pdf; /guides/pdf-txt-guide","2000-3500","P2","Published","998"
"PDF to Text","ocr lecture notes","students","Industry","Students; researchers; office","MOFU","Medium","High","/guides/ocr-lecture-notes-students","/pdf/pdftotext","/pdf/ocrpdf; /guides/ocr-pdf; /guides/pdf-txt-guide","2000-3500","P2","Published","999"
"Regional","bank-statement pdf workflow australia","document australia; pdf australia","Informational","australia users","MOFU","Low","Low","/guides/bank-statement-pdf-workflow-australia","/guides/pdf-tools","/guides/pdf-tools","3000-5000","P2","Published","1000"
"Regional","bank-statement pdf workflow brazil","document brazil; pdf brazil","Informational","brazil users","MOFU","Low","Low","/guides/bank-statement-pdf-workflow-brazil","/guides/pdf-tools","/guides/pdf-tools","3000-5000","P2","Published","1001"
"Regional","bank-statement pdf workflow canada","document canada; pdf canada","Informational","canada users","MOFU","Low","Low","/guides/bank-statement-pdf-workflow-canada","/guides/pdf-tools","/guides/pdf-tools","3000-5000","P2","Published","1002"
"Regional","bank-statement pdf workflow france","document france; pdf france","Informational","france users","MOFU","Low","Low","/guides/bank-statement-pdf-workflow-france","/guides/pdf-tools","/guides/pdf-tools","3000-5000","P2","Published","1003"
"Regional","bank-statement pdf workflow germany","document germany; pdf germany","Informational","germany users","MOFU","Low","Low","/guides/bank-statement-pdf-workflow-germany","/guides/pdf-tools","/guides/pdf-tools","3000-5000","P2","Published","1004"
"Regional","bank-statement pdf workflow india","document india; pdf india","Informational","india users","MOFU","Low","Low","/guides/bank-statement-pdf-workflow-india","/guides/pdf-tools","/guides/pdf-tools","3000-5000","P2","Published","1005"
"Regional","bank-statement pdf workflow ireland","document ireland; pdf ireland","Informational","ireland users","MOFU","Low","Low","/guides/bank-statement-pdf-workflow-ireland","/guides/pdf-tools","/guides/pdf-tools","3000-5000","P2","Published","1006"
"Regional","bank-statement pdf workflow italy","document italy; pdf italy","Informational","italy users","MOFU","Low","Low","/guides/bank-statement-pdf-workflow-italy","/guides/pdf-tools","/guides/pdf-tools","3000-5000","P2","Published","1007"
"Regional","bank-statement pdf workflow japan","document japan; pdf japan","Informational","japan users","MOFU","Low","Low","/guides/bank-statement-pdf-workflow-japan","/guides/pdf-tools","/guides/pdf-tools","3000-5000","P2","Published","1008"
"Regional","bank-statement pdf workflow mexico","document mexico; pdf mexico","Informational","mexico users","MOFU","Low","Low","/guides/bank-statement-pdf-workflow-mexico","/guides/pdf-tools","/guides/pdf-tools","3000-5000","P2","Published","1009"
"Regional","bank-statement pdf workflow netherlands","document netherlands; pdf netherlands","Informational","netherlands users","MOFU","Low","Low","/guides/bank-statement-pdf-workflow-netherlands","/guides/pdf-tools","/guides/pdf-tools","3000-5000","P2","Published","1010"
"Regional","bank-statement pdf workflow new-zealand","document new-zealand; pdf new-zealand","Informational","new-zealand users","MOFU","Low","Low","/guides/bank-statement-pdf-workflow-new-zealand","/guides/pdf-tools","/guides/pdf-tools","3000-5000","P2","Published","1011"
"Regional","bank-statement pdf workflow singapore","document singapore; pdf singapore","Informational","singapore users","MOFU","Low","Low","/guides/bank-statement-pdf-workflow-singapore","/guides/pdf-tools","/guides/pdf-tools","3000-5000","P2","Published","1012"
"Regional","bank-statement pdf workflow south-africa","document south-africa; pdf south-africa","Informational","south-africa users","MOFU","Low","Low","/guides/bank-statement-pdf-workflow-south-africa","/guides/pdf-tools","/guides/pdf-tools","3000-5000","P2","Published","1013"
"Regional","bank-statement pdf workflow south-korea","document south-korea; pdf south-korea","Informational","south-korea users","MOFU","Low","Low","/guides/bank-statement-pdf-workflow-south-korea","/guides/pdf-tools","/guides/pdf-tools","3000-5000","P2","Published","1014"
"Regional","bank-statement pdf workflow spain","document spain; pdf spain","Informational","spain users","MOFU","Low","Low","/guides/bank-statement-pdf-workflow-spain","/guides/pdf-tools","/guides/pdf-tools","3000-5000","P2","Published","1015"
"Regional","bank-statement pdf workflow uae","document uae; pdf uae","Informational","uae users","MOFU","Low","Low","/guides/bank-statement-pdf-workflow-uae","/guides/pdf-tools","/guides/pdf-tools","3000-5000","P2","Published","1016"
"Regional","bank-statement pdf workflow uk","document uk; pdf uk","Informational","uk users","MOFU","Low","Low","/guides/bank-statement-pdf-workflow-uk","/guides/pdf-tools","/guides/pdf-tools","3000-5000","P2","Published","1017"
"Regional","bank-statement pdf workflow usa","document usa; pdf usa","Informational","usa users","MOFU","Low","Low","/guides/bank-statement-pdf-workflow-usa","/guides/pdf-tools","/guides/pdf-tools","3000-5000","P2","Published","1018"
"Regional","contract pdf workflow australia","document australia; pdf australia","Informational","australia users","MOFU","Low","Low","/guides/contract-pdf-workflow-australia","/guides/pdf-tools","/guides/pdf-tools","3000-5000","P2","Published","1019"
"Regional","contract pdf workflow brazil","document brazil; pdf brazil","Informational","brazil users","MOFU","Low","Low","/guides/contract-pdf-workflow-brazil","/guides/pdf-tools","/guides/pdf-tools","3000-5000","P2","Published","1020"
"Regional","contract pdf workflow canada","document canada; pdf canada","Informational","canada users","MOFU","Low","Low","/guides/contract-pdf-workflow-canada","/guides/pdf-tools","/guides/pdf-tools","3000-5000","P2","Published","1021"
"Regional","contract pdf workflow france","document france; pdf france","Informational","france users","MOFU","Low","Low","/guides/contract-pdf-workflow-france","/guides/pdf-tools","/guides/pdf-tools","3000-5000","P2","Published","1022"
"Regional","contract pdf workflow germany","document germany; pdf germany","Informational","germany users","MOFU","Low","Low","/guides/contract-pdf-workflow-germany","/guides/pdf-tools","/guides/pdf-tools","3000-5000","P2","Published","1023"
"Regional","contract pdf workflow india","document india; pdf india","Informational","india users","MOFU","Low","Low","/guides/contract-pdf-workflow-india","/guides/pdf-tools","/guides/pdf-tools","3000-5000","P2","Published","1024"
"Regional","contract pdf workflow ireland","document ireland; pdf ireland","Informational","ireland users","MOFU","Low","Low","/guides/contract-pdf-workflow-ireland","/guides/pdf-tools","/guides/pdf-tools","3000-5000","P2","Published","1025"
"Regional","contract pdf workflow italy","document italy; pdf italy","Informational","italy users","MOFU","Low","Low","/guides/contract-pdf-workflow-italy","/guides/pdf-tools","/guides/pdf-tools","3000-5000","P2","Published","1026"
"Regional","contract pdf workflow japan","document japan; pdf japan","Informational","japan users","MOFU","Low","Low","/guides/contract-pdf-workflow-japan","/guides/pdf-tools","/guides/pdf-tools","3000-5000","P2","Published","1027"
"Regional","contract pdf workflow mexico","document mexico; pdf mexico","Informational","mexico users","MOFU","Low","Low","/guides/contract-pdf-workflow-mexico","/guides/pdf-tools","/guides/pdf-tools","3000-5000","P2","Published","1028"
"Regional","contract pdf workflow netherlands","document netherlands; pdf netherlands","Informational","netherlands users","MOFU","Low","Low","/guides/contract-pdf-workflow-netherlands","/guides/pdf-tools","/guides/pdf-tools","3000-5000","P2","Published","1029"
"Regional","contract pdf workflow new-zealand","document new-zealand; pdf new-zealand","Informational","new-zealand users","MOFU","Low","Low","/guides/contract-pdf-workflow-new-zealand","/guides/pdf-tools","/guides/pdf-tools","3000-5000","P2","Published","1030"
"Regional","contract pdf workflow singapore","document singapore; pdf singapore","Informational","singapore users","MOFU","Low","Low","/guides/contract-pdf-workflow-singapore","/guides/pdf-tools","/guides/pdf-tools","3000-5000","P2","Published","1031"
"Regional","contract pdf workflow south-africa","document south-africa; pdf south-africa","Informational","south-africa users","MOFU","Low","Low","/guides/contract-pdf-workflow-south-africa","/guides/pdf-tools","/guides/pdf-tools","3000-5000","P2","Published","1032"
"Regional","contract pdf workflow south-korea","document south-korea; pdf south-korea","Informational","south-korea users","MOFU","Low","Low","/guides/contract-pdf-workflow-south-korea","/guides/pdf-tools","/guides/pdf-tools","3000-5000","P2","Published","1033"
"Regional","contract pdf workflow spain","document spain; pdf spain","Informational","spain users","MOFU","Low","Low","/guides/contract-pdf-workflow-spain","/guides/pdf-tools","/guides/pdf-tools","3000-5000","P2","Published","1034"
"Regional","contract pdf workflow uae","document uae; pdf uae","Informational","uae users","MOFU","Low","Low","/guides/contract-pdf-workflow-uae","/guides/pdf-tools","/guides/pdf-tools","3000-5000","P2","Published","1035"
"Regional","contract pdf workflow uk","document uk; pdf uk","Informational","uk users","MOFU","Low","Low","/guides/contract-pdf-workflow-uk","/guides/pdf-tools","/guides/pdf-tools","3000-5000","P2","Published","1036"
"Regional","contract pdf workflow usa","document usa; pdf usa","Informational","usa users","MOFU","Low","Low","/guides/contract-pdf-workflow-usa","/guides/pdf-tools","/guides/pdf-tools","3000-5000","P2","Published","1037"
"Regional","invoice pdf workflow australia","document australia; pdf australia","Informational","australia users","MOFU","Low","Low","/guides/invoice-pdf-workflow-australia","/guides/pdf-tools","/guides/pdf-tools","3000-5000","P2","Published","1038"
"Regional","invoice pdf workflow brazil","document brazil; pdf brazil","Informational","brazil users","MOFU","Low","Low","/guides/invoice-pdf-workflow-brazil","/guides/pdf-tools","/guides/pdf-tools","3000-5000","P2","Published","1039"
"Regional","invoice pdf workflow canada","document canada; pdf canada","Informational","canada users","MOFU","Low","Low","/guides/invoice-pdf-workflow-canada","/guides/pdf-tools","/guides/pdf-tools","3000-5000","P2","Published","1040"
"Regional","invoice pdf workflow france","document france; pdf france","Informational","france users","MOFU","Low","Low","/guides/invoice-pdf-workflow-france","/guides/pdf-tools","/guides/pdf-tools","3000-5000","P2","Published","1041"
"Regional","invoice pdf workflow germany","document germany; pdf germany","Informational","germany users","MOFU","Low","Low","/guides/invoice-pdf-workflow-germany","/guides/pdf-tools","/guides/pdf-tools","3000-5000","P2","Published","1042"
"Regional","invoice pdf workflow india","document india; pdf india","Informational","india users","MOFU","Low","Low","/guides/invoice-pdf-workflow-india","/guides/pdf-tools","/guides/pdf-tools","3000-5000","P2","Published","1043"
"Regional","invoice pdf workflow ireland","document ireland; pdf ireland","Informational","ireland users","MOFU","Low","Low","/guides/invoice-pdf-workflow-ireland","/guides/pdf-tools","/guides/pdf-tools","3000-5000","P2","Published","1044"
"Regional","invoice pdf workflow italy","document italy; pdf italy","Informational","italy users","MOFU","Low","Low","/guides/invoice-pdf-workflow-italy","/guides/pdf-tools","/guides/pdf-tools","3000-5000","P2","Published","1045"
"Regional","invoice pdf workflow japan","document japan; pdf japan","Informational","japan users","MOFU","Low","Low","/guides/invoice-pdf-workflow-japan","/guides/pdf-tools","/guides/pdf-tools","3000-5000","P2","Published","1046"
"Regional","invoice pdf workflow mexico","document mexico; pdf mexico","Informational","mexico users","MOFU","Low","Low","/guides/invoice-pdf-workflow-mexico","/guides/pdf-tools","/guides/pdf-tools","3000-5000","P2","Published","1047"
"Regional","invoice pdf workflow netherlands","document netherlands; pdf netherlands","Informational","netherlands users","MOFU","Low","Low","/guides/invoice-pdf-workflow-netherlands","/guides/pdf-tools","/guides/pdf-tools","3000-5000","P2","Published","1048"
"Regional","invoice pdf workflow new-zealand","document new-zealand; pdf new-zealand","Informational","new-zealand users","MOFU","Low","Low","/guides/invoice-pdf-workflow-new-zealand","/guides/pdf-tools","/guides/pdf-tools","3000-5000","P2","Published","1049"
"Regional","invoice pdf workflow singapore","document singapore; pdf singapore","Informational","singapore users","MOFU","Low","Low","/guides/invoice-pdf-workflow-singapore","/guides/pdf-tools","/guides/pdf-tools","3000-5000","P2","Published","1050"
"Regional","invoice pdf workflow south-africa","document south-africa; pdf south-africa","Informational","south-africa users","MOFU","Low","Low","/guides/invoice-pdf-workflow-south-africa","/guides/pdf-tools","/guides/pdf-tools","3000-5000","P2","Published","1051"
"Regional","invoice pdf workflow south-korea","document south-korea; pdf south-korea","Informational","south-korea users","MOFU","Low","Low","/guides/invoice-pdf-workflow-south-korea","/guides/pdf-tools","/guides/pdf-tools","3000-5000","P2","Published","1052"
"Regional","invoice pdf workflow spain","document spain; pdf spain","Informational","spain users","MOFU","Low","Low","/guides/invoice-pdf-workflow-spain","/guides/pdf-tools","/guides/pdf-tools","3000-5000","P2","Published","1053"
"Regional","invoice pdf workflow uae","document uae; pdf uae","Informational","uae users","MOFU","Low","Low","/guides/invoice-pdf-workflow-uae","/guides/pdf-tools","/guides/pdf-tools","3000-5000","P2","Published","1054"
"Regional","invoice pdf workflow uk","document uk; pdf uk","Informational","uk users","MOFU","Low","Low","/guides/invoice-pdf-workflow-uk","/guides/pdf-tools","/guides/pdf-tools","3000-5000","P2","Published","1055"
"Regional","invoice pdf workflow usa","document usa; pdf usa","Informational","usa users","MOFU","Low","Low","/guides/invoice-pdf-workflow-usa","/guides/pdf-tools","/guides/pdf-tools","3000-5000","P2","Published","1056"
"Regional","payslip pdf workflow australia","document australia; pdf australia","Informational","australia users","MOFU","Low","Low","/guides/payslip-pdf-workflow-australia","/guides/pdf-tools","/guides/pdf-tools","3000-5000","P2","Published","1057"
"Regional","payslip pdf workflow brazil","document brazil; pdf brazil","Informational","brazil users","MOFU","Low","Low","/guides/payslip-pdf-workflow-brazil","/guides/pdf-tools","/guides/pdf-tools","3000-5000","P2","Published","1058"
"Regional","payslip pdf workflow canada","document canada; pdf canada","Informational","canada users","MOFU","Low","Low","/guides/payslip-pdf-workflow-canada","/guides/pdf-tools","/guides/pdf-tools","3000-5000","P2","Published","1059"
"Regional","payslip pdf workflow france","document france; pdf france","Informational","france users","MOFU","Low","Low","/guides/payslip-pdf-workflow-france","/guides/pdf-tools","/guides/pdf-tools","3000-5000","P2","Published","1060"
"Regional","payslip pdf workflow germany","document germany; pdf germany","Informational","germany users","MOFU","Low","Low","/guides/payslip-pdf-workflow-germany","/guides/pdf-tools","/guides/pdf-tools","3000-5000","P2","Published","1061"
"Regional","payslip pdf workflow india","document india; pdf india","Informational","india users","MOFU","Low","Low","/guides/payslip-pdf-workflow-india","/guides/pdf-tools","/guides/pdf-tools","3000-5000","P2","Published","1062"
"Regional","payslip pdf workflow ireland","document ireland; pdf ireland","Informational","ireland users","MOFU","Low","Low","/guides/payslip-pdf-workflow-ireland","/guides/pdf-tools","/guides/pdf-tools","3000-5000","P2","Published","1063"
"Regional","payslip pdf workflow italy","document italy; pdf italy","Informational","italy users","MOFU","Low","Low","/guides/payslip-pdf-workflow-italy","/guides/pdf-tools","/guides/pdf-tools","3000-5000","P2","Published","1064"
"Regional","payslip pdf workflow japan","document japan; pdf japan","Informational","japan users","MOFU","Low","Low","/guides/payslip-pdf-workflow-japan","/guides/pdf-tools","/guides/pdf-tools","3000-5000","P2","Published","1065"
"Regional","payslip pdf workflow mexico","document mexico; pdf mexico","Informational","mexico users","MOFU","Low","Low","/guides/payslip-pdf-workflow-mexico","/guides/pdf-tools","/guides/pdf-tools","3000-5000","P2","Published","1066"
"Regional","payslip pdf workflow netherlands","document netherlands; pdf netherlands","Informational","netherlands users","MOFU","Low","Low","/guides/payslip-pdf-workflow-netherlands","/guides/pdf-tools","/guides/pdf-tools","3000-5000","P2","Published","1067"
"Regional","payslip pdf workflow new-zealand","document new-zealand; pdf new-zealand","Informational","new-zealand users","MOFU","Low","Low","/guides/payslip-pdf-workflow-new-zealand","/guides/pdf-tools","/guides/pdf-tools","3000-5000","P2","Published","1068"
"Regional","payslip pdf workflow singapore","document singapore; pdf singapore","Informational","singapore users","MOFU","Low","Low","/guides/payslip-pdf-workflow-singapore","/guides/pdf-tools","/guides/pdf-tools","3000-5000","P2","Published","1069"
"Regional","payslip pdf workflow south-africa","document south-africa; pdf south-africa","Informational","south-africa users","MOFU","Low","Low","/guides/payslip-pdf-workflow-south-africa","/guides/pdf-tools","/guides/pdf-tools","3000-5000","P2","Published","1070"
"Regional","payslip pdf workflow south-korea","document south-korea; pdf south-korea","Informational","south-korea users","MOFU","Low","Low","/guides/payslip-pdf-workflow-south-korea","/guides/pdf-tools","/guides/pdf-tools","3000-5000","P2","Published","1071"
"Regional","payslip pdf workflow spain","document spain; pdf spain","Informational","spain users","MOFU","Low","Low","/guides/payslip-pdf-workflow-spain","/guides/pdf-tools","/guides/pdf-tools","3000-5000","P2","Published","1072"
"Regional","payslip pdf workflow uae","document uae; pdf uae","Informational","uae users","MOFU","Low","Low","/guides/payslip-pdf-workflow-uae","/guides/pdf-tools","/guides/pdf-tools","3000-5000","P2","Published","1073"
"Regional","payslip pdf workflow uk","document uk; pdf uk","Informational","uk users","MOFU","Low","Low","/guides/payslip-pdf-workflow-uk","/guides/pdf-tools","/guides/pdf-tools","3000-5000","P2","Published","1074"
"Regional","payslip pdf workflow usa","document usa; pdf usa","Informational","usa users","MOFU","Low","Low","/guides/payslip-pdf-workflow-usa","/guides/pdf-tools","/guides/pdf-tools","3000-5000","P2","Published","1075"
"Regional","rent-receipt pdf workflow australia","document australia; pdf australia","Informational","australia users","MOFU","Low","Low","/guides/rent-receipt-pdf-workflow-australia","/guides/pdf-tools","/guides/pdf-tools","3000-5000","P2","Published","1076"
"Regional","rent-receipt pdf workflow brazil","document brazil; pdf brazil","Informational","brazil users","MOFU","Low","Low","/guides/rent-receipt-pdf-workflow-brazil","/guides/pdf-tools","/guides/pdf-tools","3000-5000","P2","Published","1077"
"Regional","rent-receipt pdf workflow canada","document canada; pdf canada","Informational","canada users","MOFU","Low","Low","/guides/rent-receipt-pdf-workflow-canada","/guides/pdf-tools","/guides/pdf-tools","3000-5000","P2","Published","1078"
"Regional","rent-receipt pdf workflow france","document france; pdf france","Informational","france users","MOFU","Low","Low","/guides/rent-receipt-pdf-workflow-france","/guides/pdf-tools","/guides/pdf-tools","3000-5000","P2","Published","1079"
"Regional","rent-receipt pdf workflow germany","document germany; pdf germany","Informational","germany users","MOFU","Low","Low","/guides/rent-receipt-pdf-workflow-germany","/guides/pdf-tools","/guides/pdf-tools","3000-5000","P2","Published","1080"
"Regional","rent-receipt pdf workflow india","document india; pdf india","Informational","india users","MOFU","Low","Low","/guides/rent-receipt-pdf-workflow-india","/guides/pdf-tools","/guides/pdf-tools","3000-5000","P2","Published","1081"
"Regional","rent-receipt pdf workflow ireland","document ireland; pdf ireland","Informational","ireland users","MOFU","Low","Low","/guides/rent-receipt-pdf-workflow-ireland","/guides/pdf-tools","/guides/pdf-tools","3000-5000","P2","Published","1082"
"Regional","rent-receipt pdf workflow italy","document italy; pdf italy","Informational","italy users","MOFU","Low","Low","/guides/rent-receipt-pdf-workflow-italy","/guides/pdf-tools","/guides/pdf-tools","3000-5000","P2","Published","1083"
"Regional","rent-receipt pdf workflow japan","document japan; pdf japan","Informational","japan users","MOFU","Low","Low","/guides/rent-receipt-pdf-workflow-japan","/guides/pdf-tools","/guides/pdf-tools","3000-5000","P2","Published","1084"
"Regional","rent-receipt pdf workflow mexico","document mexico; pdf mexico","Informational","mexico users","MOFU","Low","Low","/guides/rent-receipt-pdf-workflow-mexico","/guides/pdf-tools","/guides/pdf-tools","3000-5000","P2","Published","1085"
"Regional","rent-receipt pdf workflow netherlands","document netherlands; pdf netherlands","Informational","netherlands users","MOFU","Low","Low","/guides/rent-receipt-pdf-workflow-netherlands","/guides/pdf-tools","/guides/pdf-tools","3000-5000","P2","Published","1086"
"Regional","rent-receipt pdf workflow new-zealand","document new-zealand; pdf new-zealand","Informational","new-zealand users","MOFU","Low","Low","/guides/rent-receipt-pdf-workflow-new-zealand","/guides/pdf-tools","/guides/pdf-tools","3000-5000","P2","Published","1087"
"Regional","rent-receipt pdf workflow singapore","document singapore; pdf singapore","Informational","singapore users","MOFU","Low","Low","/guides/rent-receipt-pdf-workflow-singapore","/guides/pdf-tools","/guides/pdf-tools","3000-5000","P2","Published","1088"
"Regional","rent-receipt pdf workflow south-africa","document south-africa; pdf south-africa","Informational","south-africa users","MOFU","Low","Low","/guides/rent-receipt-pdf-workflow-south-africa","/guides/pdf-tools","/guides/pdf-tools","3000-5000","P2","Published","1089"
"Regional","rent-receipt pdf workflow south-korea","document south-korea; pdf south-korea","Informational","south-korea users","MOFU","Low","Low","/guides/rent-receipt-pdf-workflow-south-korea","/guides/pdf-tools","/guides/pdf-tools","3000-5000","P2","Published","1090"
"Regional","rent-receipt pdf workflow spain","document spain; pdf spain","Informational","spain users","MOFU","Low","Low","/guides/rent-receipt-pdf-workflow-spain","/guides/pdf-tools","/guides/pdf-tools","3000-5000","P2","Published","1091"
"Regional","rent-receipt pdf workflow uae","document uae; pdf uae","Informational","uae users","MOFU","Low","Low","/guides/rent-receipt-pdf-workflow-uae","/guides/pdf-tools","/guides/pdf-tools","3000-5000","P2","Published","1092"
"Regional","rent-receipt pdf workflow uk","document uk; pdf uk","Informational","uk users","MOFU","Low","Low","/guides/rent-receipt-pdf-workflow-uk","/guides/pdf-tools","/guides/pdf-tools","3000-5000","P2","Published","1093"
"Regional","rent-receipt pdf workflow usa","document usa; pdf usa","Informational","usa users","MOFU","Low","Low","/guides/rent-receipt-pdf-workflow-usa","/guides/pdf-tools","/guides/pdf-tools","3000-5000","P2","Published","1094"
"Regional","tax-document pdf workflow australia","document australia; pdf australia","Informational","australia users","MOFU","Low","Low","/guides/tax-document-pdf-workflow-australia","/guides/pdf-tools","/guides/pdf-tools","3000-5000","P2","Published","1095"
"Regional","tax-document pdf workflow brazil","document brazil; pdf brazil","Informational","brazil users","MOFU","Low","Low","/guides/tax-document-pdf-workflow-brazil","/guides/pdf-tools","/guides/pdf-tools","3000-5000","P2","Published","1096"
"Regional","tax-document pdf workflow canada","document canada; pdf canada","Informational","canada users","MOFU","Low","Low","/guides/tax-document-pdf-workflow-canada","/guides/pdf-tools","/guides/pdf-tools","3000-5000","P2","Published","1097"
"Regional","tax-document pdf workflow france","document france; pdf france","Informational","france users","MOFU","Low","Low","/guides/tax-document-pdf-workflow-france","/guides/pdf-tools","/guides/pdf-tools","3000-5000","P2","Published","1098"
"Regional","tax-document pdf workflow germany","document germany; pdf germany","Informational","germany users","MOFU","Low","Low","/guides/tax-document-pdf-workflow-germany","/guides/pdf-tools","/guides/pdf-tools","3000-5000","P2","Published","1099"
"Regional","tax-document pdf workflow india","document india; pdf india","Informational","india users","MOFU","Low","Low","/guides/tax-document-pdf-workflow-india","/guides/pdf-tools","/guides/pdf-tools","3000-5000","P2","Published","1100"
"Regional","tax-document pdf workflow ireland","document ireland; pdf ireland","Informational","ireland users","MOFU","Low","Low","/guides/tax-document-pdf-workflow-ireland","/guides/pdf-tools","/guides/pdf-tools","3000-5000","P2","Published","1101"
"Regional","tax-document pdf workflow italy","document italy; pdf italy","Informational","italy users","MOFU","Low","Low","/guides/tax-document-pdf-workflow-italy","/guides/pdf-tools","/guides/pdf-tools","3000-5000","P2","Published","1102"
"Regional","tax-document pdf workflow japan","document japan; pdf japan","Informational","japan users","MOFU","Low","Low","/guides/tax-document-pdf-workflow-japan","/guides/pdf-tools","/guides/pdf-tools","3000-5000","P2","Published","1103"
"Regional","tax-document pdf workflow mexico","document mexico; pdf mexico","Informational","mexico users","MOFU","Low","Low","/guides/tax-document-pdf-workflow-mexico","/guides/pdf-tools","/guides/pdf-tools","3000-5000","P2","Published","1104"
"Regional","tax-document pdf workflow netherlands","document netherlands; pdf netherlands","Informational","netherlands users","MOFU","Low","Low","/guides/tax-document-pdf-workflow-netherlands","/guides/pdf-tools","/guides/pdf-tools","3000-5000","P2","Published","1105"
"Regional","tax-document pdf workflow new-zealand","document new-zealand; pdf new-zealand","Informational","new-zealand users","MOFU","Low","Low","/guides/tax-document-pdf-workflow-new-zealand","/guides/pdf-tools","/guides/pdf-tools","3000-5000","P2","Published","1106"
"Regional","tax-document pdf workflow singapore","document singapore; pdf singapore","Informational","singapore users","MOFU","Low","Low","/guides/tax-document-pdf-workflow-singapore","/guides/pdf-tools","/guides/pdf-tools","3000-5000","P2","Published","1107"
"Regional","tax-document pdf workflow south-africa","document south-africa; pdf south-africa","Informational","south-africa users","MOFU","Low","Low","/guides/tax-document-pdf-workflow-south-africa","/guides/pdf-tools","/guides/pdf-tools","3000-5000","P2","Published","1108"
"Regional","tax-document pdf workflow south-korea","document south-korea; pdf south-korea","Informational","south-korea users","MOFU","Low","Low","/guides/tax-document-pdf-workflow-south-korea","/guides/pdf-tools","/guides/pdf-tools","3000-5000","P2","Published","1109"
"Regional","tax-document pdf workflow spain","document spain; pdf spain","Informational","spain users","MOFU","Low","Low","/guides/tax-document-pdf-workflow-spain","/guides/pdf-tools","/guides/pdf-tools","3000-5000","P2","Published","1110"
"Regional","tax-document pdf workflow uae","document uae; pdf uae","Informational","uae users","MOFU","Low","Low","/guides/tax-document-pdf-workflow-uae","/guides/pdf-tools","/guides/pdf-tools","3000-5000","P2","Published","1111"
"Regional","tax-document pdf workflow uk","document uk; pdf uk","Informational","uk users","MOFU","Low","Low","/guides/tax-document-pdf-workflow-uk","/guides/pdf-tools","/guides/pdf-tools","3000-5000","P2","Published","1112"
"Regional","tax-document pdf workflow usa","document usa; pdf usa","Informational","usa users","MOFU","Low","Low","/guides/tax-document-pdf-workflow-usa","/guides/pdf-tools","/guides/pdf-tools","3000-5000","P2","Published","1113"
"Regional","university-application pdf workflow australia","document australia; pdf australia","Informational","australia users","MOFU","Low","Low","/guides/university-application-pdf-workflow-australia","/guides/pdf-tools","/guides/pdf-tools","3000-5000","P2","Published","1114"
"Regional","university-application pdf workflow brazil","document brazil; pdf brazil","Informational","brazil users","MOFU","Low","Low","/guides/university-application-pdf-workflow-brazil","/guides/pdf-tools","/guides/pdf-tools","3000-5000","P2","Published","1115"
"Regional","university-application pdf workflow canada","document canada; pdf canada","Informational","canada users","MOFU","Low","Low","/guides/university-application-pdf-workflow-canada","/guides/pdf-tools","/guides/pdf-tools","3000-5000","P2","Published","1116"
"Regional","university-application pdf workflow france","document france; pdf france","Informational","france users","MOFU","Low","Low","/guides/university-application-pdf-workflow-france","/guides/pdf-tools","/guides/pdf-tools","3000-5000","P2","Published","1117"
"Regional","university-application pdf workflow germany","document germany; pdf germany","Informational","germany users","MOFU","Low","Low","/guides/university-application-pdf-workflow-germany","/guides/pdf-tools","/guides/pdf-tools","3000-5000","P2","Published","1118"
"Regional","university-application pdf workflow india","document india; pdf india","Informational","india users","MOFU","Low","Low","/guides/university-application-pdf-workflow-india","/guides/pdf-tools","/guides/pdf-tools","3000-5000","P2","Published","1119"
"Regional","university-application pdf workflow ireland","document ireland; pdf ireland","Informational","ireland users","MOFU","Low","Low","/guides/university-application-pdf-workflow-ireland","/guides/pdf-tools","/guides/pdf-tools","3000-5000","P2","Published","1120"
"Regional","university-application pdf workflow italy","document italy; pdf italy","Informational","italy users","MOFU","Low","Low","/guides/university-application-pdf-workflow-italy","/guides/pdf-tools","/guides/pdf-tools","3000-5000","P2","Published","1121"
"Regional","university-application pdf workflow japan","document japan; pdf japan","Informational","japan users","MOFU","Low","Low","/guides/university-application-pdf-workflow-japan","/guides/pdf-tools","/guides/pdf-tools","3000-5000","P2","Published","1122"
"Regional","university-application pdf workflow mexico","document mexico; pdf mexico","Informational","mexico users","MOFU","Low","Low","/guides/university-application-pdf-workflow-mexico","/guides/pdf-tools","/guides/pdf-tools","3000-5000","P2","Published","1123"
"Regional","university-application pdf workflow netherlands","document netherlands; pdf netherlands","Informational","netherlands users","MOFU","Low","Low","/guides/university-application-pdf-workflow-netherlands","/guides/pdf-tools","/guides/pdf-tools","3000-5000","P2","Published","1124"
"Regional","university-application pdf workflow new-zealand","document new-zealand; pdf new-zealand","Informational","new-zealand users","MOFU","Low","Low","/guides/university-application-pdf-workflow-new-zealand","/guides/pdf-tools","/guides/pdf-tools","3000-5000","P2","Published","1125"
"Regional","university-application pdf workflow singapore","document singapore; pdf singapore","Informational","singapore users","MOFU","Low","Low","/guides/university-application-pdf-workflow-singapore","/guides/pdf-tools","/guides/pdf-tools","3000-5000","P2","Published","1126"
"Regional","university-application pdf workflow south-africa","document south-africa; pdf south-africa","Informational","south-africa users","MOFU","Low","Low","/guides/university-application-pdf-workflow-south-africa","/guides/pdf-tools","/guides/pdf-tools","3000-5000","P2","Published","1127"
"Regional","university-application pdf workflow south-korea","document south-korea; pdf south-korea","Informational","south-korea users","MOFU","Low","Low","/guides/university-application-pdf-workflow-south-korea","/guides/pdf-tools","/guides/pdf-tools","3000-5000","P2","Published","1128"
"Regional","university-application pdf workflow spain","document spain; pdf spain","Informational","spain users","MOFU","Low","Low","/guides/university-application-pdf-workflow-spain","/guides/pdf-tools","/guides/pdf-tools","3000-5000","P2","Published","1129"
"Regional","university-application pdf workflow uae","document uae; pdf uae","Informational","uae users","MOFU","Low","Low","/guides/university-application-pdf-workflow-uae","/guides/pdf-tools","/guides/pdf-tools","3000-5000","P2","Published","1130"
"Regional","university-application pdf workflow uk","document uk; pdf uk","Informational","uk users","MOFU","Low","Low","/guides/university-application-pdf-workflow-uk","/guides/pdf-tools","/guides/pdf-tools","3000-5000","P2","Published","1131"
"Regional","university-application pdf workflow usa","document usa; pdf usa","Informational","usa users","MOFU","Low","Low","/guides/university-application-pdf-workflow-usa","/guides/pdf-tools","/guides/pdf-tools","3000-5000","P2","Published","1132"
"Regional","visa-application pdf workflow australia","document australia; pdf australia","Informational","australia users","MOFU","Low","Low","/guides/visa-application-pdf-workflow-australia","/guides/pdf-tools","/guides/pdf-tools","3000-5000","P2","Published","1133"
"Regional","visa-application pdf workflow brazil","document brazil; pdf brazil","Informational","brazil users","MOFU","Low","Low","/guides/visa-application-pdf-workflow-brazil","/guides/pdf-tools","/guides/pdf-tools","3000-5000","P2","Published","1134"
"Regional","visa-application pdf workflow canada","document canada; pdf canada","Informational","canada users","MOFU","Low","Low","/guides/visa-application-pdf-workflow-canada","/guides/pdf-tools","/guides/pdf-tools","3000-5000","P2","Published","1135"
"Regional","visa-application pdf workflow france","document france; pdf france","Informational","france users","MOFU","Low","Low","/guides/visa-application-pdf-workflow-france","/guides/pdf-tools","/guides/pdf-tools","3000-5000","P2","Published","1136"
"Regional","visa-application pdf workflow germany","document germany; pdf germany","Informational","germany users","MOFU","Low","Low","/guides/visa-application-pdf-workflow-germany","/guides/pdf-tools","/guides/pdf-tools","3000-5000","P2","Published","1137"
"Regional","visa-application pdf workflow india","document india; pdf india","Informational","india users","MOFU","Low","Low","/guides/visa-application-pdf-workflow-india","/guides/pdf-tools","/guides/pdf-tools","3000-5000","P2","Published","1138"
"Regional","visa-application pdf workflow ireland","document ireland; pdf ireland","Informational","ireland users","MOFU","Low","Low","/guides/visa-application-pdf-workflow-ireland","/guides/pdf-tools","/guides/pdf-tools","3000-5000","P2","Published","1139"
"Regional","visa-application pdf workflow italy","document italy; pdf italy","Informational","italy users","MOFU","Low","Low","/guides/visa-application-pdf-workflow-italy","/guides/pdf-tools","/guides/pdf-tools","3000-5000","P2","Published","1140"
"Regional","visa-application pdf workflow japan","document japan; pdf japan","Informational","japan users","MOFU","Low","Low","/guides/visa-application-pdf-workflow-japan","/guides/pdf-tools","/guides/pdf-tools","3000-5000","P2","Published","1141"
"Regional","visa-application pdf workflow mexico","document mexico; pdf mexico","Informational","mexico users","MOFU","Low","Low","/guides/visa-application-pdf-workflow-mexico","/guides/pdf-tools","/guides/pdf-tools","3000-5000","P2","Published","1142"
"Regional","visa-application pdf workflow netherlands","document netherlands; pdf netherlands","Informational","netherlands users","MOFU","Low","Low","/guides/visa-application-pdf-workflow-netherlands","/guides/pdf-tools","/guides/pdf-tools","3000-5000","P2","Published","1143"
"Regional","visa-application pdf workflow new-zealand","document new-zealand; pdf new-zealand","Informational","new-zealand users","MOFU","Low","Low","/guides/visa-application-pdf-workflow-new-zealand","/guides/pdf-tools","/guides/pdf-tools","3000-5000","P2","Published","1144"
"Regional","visa-application pdf workflow singapore","document singapore; pdf singapore","Informational","singapore users","MOFU","Low","Low","/guides/visa-application-pdf-workflow-singapore","/guides/pdf-tools","/guides/pdf-tools","3000-5000","P2","Published","1145"
"Regional","visa-application pdf workflow south-africa","document south-africa; pdf south-africa","Informational","south-africa users","MOFU","Low","Low","/guides/visa-application-pdf-workflow-south-africa","/guides/pdf-tools","/guides/pdf-tools","3000-5000","P2","Published","1146"
"Regional","visa-application pdf workflow south-korea","document south-korea; pdf south-korea","Informational","south-korea users","MOFU","Low","Low","/guides/visa-application-pdf-workflow-south-korea","/guides/pdf-tools","/guides/pdf-tools","3000-5000","P2","Published","1147"
"Regional","visa-application pdf workflow spain","document spain; pdf spain","Informational","spain users","MOFU","Low","Low","/guides/visa-application-pdf-workflow-spain","/guides/pdf-tools","/guides/pdf-tools","3000-5000","P2","Published","1148"
"Regional","visa-application pdf workflow uae","document uae; pdf uae","Informational","uae users","MOFU","Low","Low","/guides/visa-application-pdf-workflow-uae","/guides/pdf-tools","/guides/pdf-tools","3000-5000","P2","Published","1149"
"Regional","visa-application pdf workflow uk","document uk; pdf uk","Informational","uk users","MOFU","Low","Low","/guides/visa-application-pdf-workflow-uk","/guides/pdf-tools","/guides/pdf-tools","3000-5000","P2","Published","1150"
"Regional","visa-application pdf workflow usa","document usa; pdf usa","Informational","usa users","MOFU","Low","Low","/guides/visa-application-pdf-workflow-usa","/guides/pdf-tools","/guides/pdf-tools","3000-5000","P2","Published","1151"
"Research","email attachment limits 2024","","Informational","All","TOFU","Low","Medium","/guides/email-attachment-limits-2024","/research/attachment-size-limits","/research/attachment-size-limits","3000-5000","P2","Published","1152"
"Research","email attachment limits 2025","","Informational","All","TOFU","Low","Medium","/guides/email-attachment-limits-2025","/research/attachment-size-limits","/research/attachment-size-limits","3000-5000","P2","Published","1153"
"Research","email attachment limits 2026","","Informational","All","TOFU","Low","Medium","/guides/email-attachment-limits-2026","/research/attachment-size-limits","/research/attachment-size-limits","3000-5000","P2","Published","1154"
"Research","email attachment limits 2027","","Informational","All","TOFU","Low","Medium","/guides/email-attachment-limits-2027","/research/attachment-size-limits","/research/attachment-size-limits","3000-5000","P2","Published","1155"
"Research","freelancer invoicing statistics","SMB data","Informational","Journalists; IT; SMB","TOFU","Low","High","/research/freelancer-invoicing-statistics","/resources","/resources; /pdf-size-checker","3000-5000","P2","Published","1156"
"Research","gmail vs outlook attachment limits","comparison","Informational","Journalists; IT; SMB","TOFU","Low","High","/guides/gmail-vs-outlook-pdf-limits","/resources","/resources; /pdf-size-checker","3000-5000","P2","Published","1157"
"Research","job portal pdf upload limits india","reference","Informational","Journalists; IT; SMB","TOFU","Low","High","/guides/india-job-portal-pdf-limits","/resources","/resources; /pdf-size-checker","3000-5000","P2","Published","1158"
"Research","pdf compression benchmark","original study","Informational","Journalists; IT; SMB","TOFU","Low","High","/research/pdf-compression-benchmark","/resources","/resources; /pdf-size-checker","3000-5000","P2","Published","1159"
"Research","university application pdf requirements","reference","Informational","Journalists; IT; SMB","TOFU","Low","High","/guides/university-pdf-upload-requirements","/resources","/resources; /pdf-size-checker","3000-5000","P2","Published","1160"
"Secure PDF","flatten pdf forms","lock fields","Informational","Legal; HR; finance","MOFU","Medium","Medium","/guides/flatten-pdf","/pdf/password","/guides/secure-pdf-workflow; /pdf/watermark; /pdf/signtext","3000-5000","P2","Published","1161"
"Secure PDF","how do i add signature pdf free","tutorial; step by step","Informational","Beginners","TOFU","Low","Medium","/guides/how-to-add-signature-pdf-free","/guides/pdf-tools","/guides/pdf-tools","3000-5000","P2","Published","1162"
"Secure PDF","how do i password protect a pdf","tutorial; step by step","Informational","Beginners","TOFU","Low","Medium","/guides/how-to-password-protect-a-pdf","/guides/pdf-tools","/guides/pdf-tools","3000-5000","P2","Published","1163"
"Secure PDF","how do i protect pdf before sending","tutorial; step by step","Informational","Beginners","TOFU","Low","Medium","/guides/how-to-protect-pdf-before-sending","/guides/pdf-tools","/guides/pdf-tools","3000-5000","P2","Published","1164"
"Secure PDF","how do i redact sensitive information pdf","tutorial; step by step","Informational","Beginners","TOFU","Low","Medium","/guides/how-to-redact-sensitive-information-pdf","/guides/pdf-tools","/guides/pdf-tools","3000-5000","P2","Published","1165"
"Secure PDF","how do i sign a pdf","tutorial; step by step","Informational","Beginners","TOFU","Low","Medium","/guides/how-to-sign-a-pdf","/guides/pdf-tools","/guides/pdf-tools","3000-5000","P2","Published","1166"
"Secure PDF","how do i unlock a pdf","tutorial; step by step","Informational","Beginners","TOFU","Low","Medium","/guides/how-to-unlock-a-pdf","/guides/pdf-tools","/guides/pdf-tools","3000-5000","P2","Published","1167"
"Secure PDF","how do i watermark a pdf","tutorial; step by step","Informational","Beginners","TOFU","Low","Medium","/guides/how-to-watermark-a-pdf","/guides/pdf-tools","/guides/pdf-tools","3000-5000","P2","Published","1168"
"Secure PDF","password protect pdf","encrypt pdf","Informational","Legal; HR; finance","MOFU","Medium","Medium","/guides/password-protect-pdf","/pdf/password","/guides/secure-pdf-workflow; /pdf/watermark; /pdf/signtext","3000-5000","P2","Published","1169"
"Secure PDF","password protect pdf before email","workflow","Informational","Legal; HR; finance","MOFU","Medium","Medium","/guides/password-protect-before-email","/pdf/password","/guides/secure-pdf-workflow; /pdf/watermark; /pdf/signtext","3000-5000","P2","Published","1170"
"Secure PDF","password protect pdf mac","device","Informational","Legal; HR; finance","MOFU","Medium","Medium","/guides/password-protect-pdf-mac","/pdf/password","/guides/secure-pdf-workflow; /pdf/watermark; /pdf/signtext","3000-5000","P2","Published","1171"
"Secure PDF","pdf encryption aes","technical","Informational","Legal; HR; finance","MOFU","Medium","Medium","/guides/pdf-encryption-aes-explained","/pdf/password","/guides/secure-pdf-workflow; /pdf/watermark; /pdf/signtext","3000-5000","P2","Published","1172"
"Secure PDF","pdf password best practices","security","Informational","Legal; HR; finance","MOFU","Medium","Medium","/blog/secure-pdf-password-best-practices","/pdf/password","/guides/secure-pdf-workflow; /pdf/watermark; /pdf/signtext","3000-5000","P2","Published","1173"
"Secure PDF","pdf redaction permanent","true redaction","Informational","Legal; HR; finance","MOFU","Medium","Medium","/guides/pdf-redaction-permanent","/pdf/password","/guides/secure-pdf-workflow; /pdf/watermark; /pdf/signtext","3000-5000","P2","Published","1174"
"Secure PDF","pdf redaction vs black box","security","Informational","Legal; HR; finance","MOFU","Medium","Medium","/blog/pdf-redaction-vs-password","/pdf/password","/guides/secure-pdf-workflow; /pdf/watermark; /pdf/signtext","3000-5000","P2","Published","1175"
"Secure PDF","pdf security for hr","payslips","Informational","Legal; HR; finance","MOFU","Medium","Medium","/guides/pdf-security-hr","/pdf/password","/guides/secure-pdf-workflow; /pdf/watermark; /pdf/signtext","3000-5000","P2","Published","1176"
"Secure PDF","pdf security for lawyers","legal","Informational","Legal; HR; finance","MOFU","Medium","Medium","/guides/pdf-security-lawyers","/pdf/password","/guides/secure-pdf-workflow; /pdf/watermark; /pdf/signtext","3000-5000","P2","Published","1177"
"Secure PDF","redact pdf gdpr","privacy","Informational","Legal; HR; finance","MOFU","Medium","Medium","/guides/redact-pdf-gdpr","/pdf/password","/guides/secure-pdf-workflow; /pdf/watermark; /pdf/signtext","3000-5000","P2","Published","1178"
"Secure PDF","secure pdf remote work","policy","Informational","Legal; HR; finance","MOFU","Medium","Medium","/blog/remote-work-pdf-security","/pdf/password","/guides/secure-pdf-workflow; /pdf/watermark; /pdf/signtext","3000-5000","P2","Published","1179"
"Secure PDF","secure pdf workflow hub","full guide","Informational","Legal; HR; finance","MOFU","Medium","Medium","/guides/secure-pdf-workflow","/pdf/password","/guides/secure-pdf-workflow; /pdf/watermark; /pdf/signtext","3000-5000","P2","Published","1180"
"Secure PDF","share confidential pdf","workflow","Informational","Legal; HR; finance","MOFU","Medium","Medium","/guides/share-confidential-pdf","/pdf/password","/guides/secure-pdf-workflow; /pdf/watermark; /pdf/signtext","3000-5000","P2","Published","1181"
"Secure PDF","sign pdf legally","typed signature","Informational","Legal; HR; finance","MOFU","Medium","Medium","/guides/sign-pdf-legally","/pdf/password","/guides/secure-pdf-workflow; /pdf/watermark; /pdf/signtext","3000-5000","P2","Published","1182"
"Secure PDF","sign pdf without docusign","free sign","Informational","Legal; HR; finance","MOFU","Medium","Medium","/guides/sign-pdf-without-docusign","/pdf/password","/guides/secure-pdf-workflow; /pdf/watermark; /pdf/signtext","3000-5000","P2","Published","1183"
"Secure PDF","unlock pdf remove password","known password","Informational","Legal; HR; finance","MOFU","Medium","Medium","/guides/unlock-pdf","/pdf/password","/guides/secure-pdf-workflow; /pdf/watermark; /pdf/signtext","3000-5000","P2","Published","1184"
"Secure PDF","watermark pdf draft","confidential mark","Informational","Legal; HR; finance","MOFU","Medium","Medium","/guides/watermark-pdf-draft","/pdf/password","/guides/secure-pdf-workflow; /pdf/watermark; /pdf/signtext","3000-5000","P2","Published","1185"
"Secure PDF","watermark vs password pdf","which to use","Informational","Legal; HR; finance","MOFU","Medium","Medium","/guides/watermark-vs-password-pdf","/pdf/password","/guides/secure-pdf-workflow; /pdf/watermark; /pdf/signtext","3000-5000","P2","Published","1186"
"Troubleshooting","corrupted pdf repair","limits honest","Problem-solving","Frustrated users","MOFU","Low","High","/guides/corrupted-pdf-repair","/pdf/compress","/compress-pdf; /guides/compress-pdf-guide","2000-3500","P2","Published","1187"
"Troubleshooting","pdf blank pages after merge","troubleshoot","Problem-solving","Frustrated users","MOFU","Low","High","/guides/pdf-blank-pages-after-merge","/pdf/compress","/compress-pdf; /guides/compress-pdf-guide","2000-3500","P2","Published","1188"
"Troubleshooting","pdf file too large to email","compress or split","Problem-solving","Frustrated users","MOFU","Low","High","/guides/pdf-file-too-large-to-email","/pdf/compress","/compress-pdf; /guides/compress-pdf-guide","2000-3500","P2","Published","1189"
"Troubleshooting","pdf fonts missing","embedding","Problem-solving","Frustrated users","MOFU","Low","High","/guides/pdf-fonts-missing","/pdf/compress","/compress-pdf; /guides/compress-pdf-guide","2000-3500","P2","Published","1190"
"Troubleshooting","pdf text not selectable","ocr needed","Problem-solving","Frustrated users","MOFU","Low","High","/guides/pdf-text-not-selectable","/pdf/compress","/compress-pdf; /guides/compress-pdf-guide","2000-3500","P2","Published","1191"
"Troubleshooting","pdf upload failed portal","size format","Problem-solving","Frustrated users","MOFU","Low","High","/guides/pdf-upload-failed-portal","/pdf/compress","/compress-pdf; /guides/compress-pdf-guide","2000-3500","P2","Published","1192"
"Troubleshooting","pdf won't open password unknown","unlock limits","Problem-solving","Frustrated users","MOFU","Low","High","/guides/pdf-wont-open-password-unknown","/pdf/compress","/compress-pdf; /guides/compress-pdf-guide","2000-3500","P2","Published","1193"
"Workflow","how do i add page numbers to pdf","tutorial; step by step","Informational","Beginners","TOFU","Low","Medium","/guides/add-page-numbers","/pdf/addpagenumber","/guides/pdf-tools","3000-5000","P2","Merged","1194"
"Workflow","how do i batch convert pdf","tutorial; step by step","Informational","Beginners","TOFU","Low","Medium","/guides/batch-pdf-to-word","/pdf/pdftodoc","/guides/pdf-tools","3000-5000","P2","Merged","1195"
"Workflow","how do i check pdf metadata","tutorial; step by step","Informational","Beginners","TOFU","Low","Medium","/guides/pdf-metadata","/pdf/pdfmetadata","/guides/pdf-tools","3000-5000","P2","Merged","1196"
"Workflow","how do i convert excel to pdf","tutorial; step by step","Informational","Beginners","TOFU","Low","Medium","/guides/excel-to-pdf","/pdf/exceltopdf","/guides/pdf-tools","3000-5000","P2","Merged","1197"
"Workflow","how do i convert html to pdf","tutorial; step by step","Informational","Beginners","TOFU","Low","Medium","/guides/html-to-pdf","/pdf/htmltopdf","/guides/pdf-tools","3000-5000","P2","Merged","1198"
"Workflow","how do i convert pdf to excel","tutorial; step by step","Informational","Beginners","TOFU","Low","Medium","/guides/pdf-to-excel","/pdf/pdftoexcel","/guides/pdf-tools","3000-5000","P2","Merged","1199"
"Workflow","how do i convert pdf to markdown","tutorial; step by step","Informational","Beginners","TOFU","Low","Medium","/guides/pdf-to-markdown","/pdf/pdftomarkdown","/guides/pdf-tools","3000-5000","P2","Merged","1200"
"Workflow","how do i convert pdf to png","tutorial; step by step","Informational","Beginners","TOFU","Low","Medium","/guides/pdf-to-images","/pdf/pdftoimages","/guides/pdf-tools","3000-5000","P2","Merged","1201"
"Workflow","how do i convert word to pdf","tutorial; step by step","Informational","Beginners","TOFU","Low","Medium","/guides/word-to-pdf","/pdf/doctopdf","/guides/pdf-tools","3000-5000","P2","Merged","1202"
"Workflow","how do i edit pdf without acrobat","tutorial; step by step","Informational","Beginners","TOFU","Low","Medium","/guides/edit-pdf-without-acrobat","/pdf/editpdf","/guides/pdf-tools","3000-5000","P2","Merged","1203"
"Workflow","how do i extract images from pdf","tutorial; step by step","Informational","Beginners","TOFU","Low","Medium","/guides/extract-images-from-pdf","/pdf/extractimages","/guides/pdf-tools","3000-5000","P2","Merged","1204"
"Workflow","how do i flatten a pdf form","tutorial; step by step","Informational","Beginners","TOFU","Low","Medium","/guides/flatten-pdf","/pdf/flattenpdf","/guides/pdf-tools","3000-5000","P2","Merged","1205"
"Workflow","how do i make salary slip pdf","tutorial; step by step","Informational","Beginners","TOFU","Low","Medium","/guides/text-to-pdf","/pdf/texttopdf","/guides/pdf-tools","3000-5000","P2","Merged","1206"
"Workflow","how do i rotate pdf pages","tutorial; step by step","Informational","Beginners","TOFU","Low","Medium","/guides/rotate-pdf","/pdf/rotateorremove","/guides/pdf-tools","3000-5000","P2","Merged","1207"
"Workflow","how to compress contract pdf","","Informational","Office; SMB","MOFU","Low","Medium","/guides/compress-pdf-guide","/pdf/compress","/guides/compress-pdf-guide","3000-5000","P2","Merged","1208"
"Workflow","how to compress credit-note pdf","","Informational","Office; SMB","MOFU","Low","Medium","/guides/compress-pdf-guide","/pdf/compress","/guides/compress-pdf-guide","3000-5000","P2","Merged","1209"
"Workflow","how to compress debit-note pdf","","Informational","Office; SMB","MOFU","Low","Medium","/guides/compress-pdf-guide","/pdf/compress","/guides/compress-pdf-guide","3000-5000","P2","Merged","1210"
"Workflow","how to compress delivery-note pdf","","Informational","Office; SMB","MOFU","Low","Medium","/guides/compress-pdf-guide","/pdf/compress","/guides/compress-pdf-guide","3000-5000","P2","Merged","1211"
"Workflow","how to compress insurance-claim pdf","","Informational","Office; SMB","MOFU","Low","Medium","/guides/compress-pdf-insurance-claims","/pdf/compress","/guides/compress-pdf-guide","3000-5000","P2","Merged","1212"
"Workflow","how to compress invoice pdf","","Informational","Office; SMB","MOFU","Low","Medium","/guides/compress-gst-invoice-pdf","/pdf/compress","/guides/compress-pdf-guide","3000-5000","P2","Merged","1213"
"Workflow","how to compress lease-agreement pdf","","Informational","Office; SMB","MOFU","Low","Medium","/guides/compress-pdf-guide","/pdf/compress","/guides/compress-pdf-guide","3000-5000","P2","Merged","1214"
"Workflow","how to compress medical-record-admin pdf","","Informational","Office; SMB","MOFU","Low","Medium","/guides/compress-pdf-guide","/pdf/compress","/guides/compress-pdf-guide","3000-5000","P2","Merged","1215"
"Workflow","how to compress nda pdf","","Informational","Office; SMB","MOFU","Low","Medium","/guides/compress-pdf-guide","/pdf/compress","/guides/compress-pdf-guide","3000-5000","P2","Merged","1216"
"Workflow","how to compress proforma-invoice pdf","","Informational","Office; SMB","MOFU","Low","Medium","/guides/compress-pdf-guide","/pdf/compress","/guides/compress-pdf-guide","3000-5000","P2","Merged","1217"
"Workflow","how to compress purchase-order pdf","","Informational","Office; SMB","MOFU","Low","Medium","/guides/compress-pdf-guide","/pdf/compress","/guides/compress-pdf-guide","3000-5000","P2","Merged","1218"
"Workflow","how to compress quotation pdf","","Informational","Office; SMB","MOFU","Low","Medium","/guides/compress-pdf-guide","/pdf/compress","/guides/compress-pdf-guide","3000-5000","P2","Merged","1219"
"Workflow","how to compress receipt pdf","","Informational","Office; SMB","MOFU","Low","Medium","/guides/compress-pdf-guide","/pdf/compress","/guides/compress-pdf-guide","3000-5000","P2","Merged","1220"
"Workflow","how to compress resume pdf","","Informational","Office; SMB","MOFU","Low","Medium","/guides/compress-pdf-for-job-application","/pdf/compress","/guides/compress-pdf-guide","3000-5000","P2","Merged","1221"
"Workflow","how to compress sow pdf","","Informational","Office; SMB","MOFU","Low","Medium","/guides/compress-pdf-guide","/pdf/compress","/guides/compress-pdf-guide","3000-5000","P2","Merged","1222"
"Workflow","how to compress tax-return pdf","","Informational","Office; SMB","MOFU","Low","Medium","/guides/compress-pdf-guide","/pdf/compress","/guides/compress-pdf-guide","3000-5000","P2","Merged","1223"
"Workflow","how to compress transcript pdf","","Informational","Office; SMB","MOFU","Low","Medium","/guides/compress-pdf-guide","/pdf/compress","/guides/compress-pdf-guide","3000-5000","P2","Merged","1224"
"Workflow","ocr bank-statement pdf","","Informational","Admin","MOFU","Low","Low","/guides/ocr-pdf","/pdf/ocrpdf","/guides/ocr-pdf","3000-5000","P2","Merged","1225"
"Workflow","ocr contract pdf","","Informational","Admin","MOFU","Low","Low","/guides/ocr-pdf","/pdf/ocrpdf","/guides/ocr-pdf","3000-5000","P2","Merged","1226"
"Workflow","ocr credit-note pdf","","Informational","Admin","MOFU","Low","Low","/guides/ocr-pdf","/pdf/ocrpdf","/guides/ocr-pdf","3000-5000","P2","Merged","1227"
"Workflow","ocr debit-note pdf","","Informational","Admin","MOFU","Low","Low","/guides/ocr-pdf","/pdf/ocrpdf","/guides/ocr-pdf","3000-5000","P2","Merged","1228"
"Workflow","ocr delivery-note pdf","","Informational","Admin","MOFU","Low","Low","/guides/ocr-pdf","/pdf/ocrpdf","/guides/ocr-pdf","3000-5000","P2","Merged","1229"
"Workflow","ocr insurance-claim pdf","","Informational","Admin","MOFU","Low","Low","/guides/ocr-pdf","/pdf/ocrpdf","/guides/ocr-pdf","3000-5000","P2","Merged","1230"
"Workflow","ocr lease-agreement pdf","","Informational","Admin","MOFU","Low","Low","/guides/ocr-pdf","/pdf/ocrpdf","/guides/ocr-pdf","3000-5000","P2","Merged","1231"
"Workflow","ocr medical-record-admin pdf","","Informational","Admin","MOFU","Low","Low","/guides/ocr-pdf","/pdf/ocrpdf","/guides/ocr-pdf","3000-5000","P2","Merged","1232"
"Workflow","ocr nda pdf","","Informational","Admin","MOFU","Low","Low","/guides/ocr-pdf","/pdf/ocrpdf","/guides/ocr-pdf","3000-5000","P2","Merged","1233"
"Workflow","ocr purchase-order pdf","","Informational","Admin","MOFU","Low","Low","/guides/ocr-pdf","/pdf/ocrpdf","/guides/ocr-pdf","3000-5000","P2","Merged","1234"
"Workflow","ocr quotation pdf","","Informational","Admin","MOFU","Low","Low","/guides/ocr-pdf","/pdf/ocrpdf","/guides/ocr-pdf","3000-5000","P2","Merged","1235"
"Workflow","ocr resume pdf","","Informational","Admin","MOFU","Low","Low","/guides/ocr-pdf","/pdf/ocrpdf","/guides/ocr-pdf","3000-5000","P2","Merged","1236"
"Workflow","ocr sow pdf","","Informational","Admin","MOFU","Low","Low","/guides/ocr-pdf","/pdf/ocrpdf","/guides/ocr-pdf","3000-5000","P2","Merged","1237"
"Workflow","ocr tax-return pdf","","Informational","Admin","MOFU","Low","Low","/guides/ocr-pdf","/pdf/ocrpdf","/guides/ocr-pdf","3000-5000","P2","Merged","1238"
"Workflow","ocr transcript pdf","","Informational","Admin","MOFU","Low","Low","/guides/ocr-pdf","/pdf/ocrpdf","/guides/ocr-pdf","3000-5000","P2","Merged","1239"
